[10Jun2026 13:33:28.337] [main/INFO] [cpw.mods.modlauncher.Launcher/MODLAUNCHER]: ModLauncher running: args [--launchTarget, forgeclientdev, --version, 21.1.231, --assetIndex, 17, --assetsDir, C:\\Users\\Reece\\.gradle\\caches\\neoformruntime\\assets, --gameDir, ., --fml.fmlVersion, 4.0.42, --fml.mcVersion, 1.21.1, --fml.neoForgeVersion, 21.1.231, --fml.neoFormVersion, 20240808.144430]
[10Jun2026 13:33:28.341] [main/INFO] [cpw.mods.modlauncher.Launcher/MODLAUNCHER]: JVM identified as Microsoft OpenJDK 64-Bit Server VM 21.0.11+10-LTS
[10Jun2026 13:33:28.342] [main/INFO] [cpw.mods.modlauncher.Launcher/MODLAUNCHER]: ModLauncher 11.0.5+main.901c6ea8 starting: java version 21.0.11 by Microsoft; OS Windows 10 arch amd64 version 10.0
[10Jun2026 13:33:28.367] [main/DEBUG] [cpw.mods.modlauncher.LaunchServiceHandler/MODLAUNCHER]: Found launch services [minecraft,forgeclient,forgedatauserdev,testharness,forgeserverdev,forgeserveruserdev,forgejunitdev,forgeclientdev,forgeclientuserdev,forgeserver,forgejunituserdev,forgedatadev]
[10Jun2026 13:33:28.386] [main/DEBUG] [cpw.mods.modlauncher.LaunchPluginHandler/MODLAUNCHER]: Found launch plugins: [mixin,slf4jfixer,runtime_enum_extender,accesstransformer,runtimedistcleaner]
[10Jun2026 13:33:28.396] [main/DEBUG] [cpw.mods.modlauncher.TransformationServicesHandler/MODLAUNCHER]: Discovering transformation services
[10Jun2026 13:33:28.400] [main/DEBUG] [net.neoforged.fml.loading.FMLPaths/CORE]: Path GAMEDIR is G:\Reece\REPOPHYSICS\REPOPHYSICS\run
[10Jun2026 13:33:28.401] [main/DEBUG] [net.neoforged.fml.loading.FMLPaths/CORE]: Path MODSDIR is G:\Reece\REPOPHYSICS\REPOPHYSICS\run\mods
[10Jun2026 13:33:28.401] [main/DEBUG] [net.neoforged.fml.loading.FMLPaths/CORE]: Path CONFIGDIR is G:\Reece\REPOPHYSICS\REPOPHYSICS\run\config
[10Jun2026 13:33:28.401] [main/DEBUG] [net.neoforged.fml.loading.FMLPaths/CORE]: Path FMLCONFIG is G:\Reece\REPOPHYSICS\REPOPHYSICS\run\config\fml.toml
[10Jun2026 13:33:28.447] [main/DEBUG] [net.neoforged.fml.loading.targets.CommonLaunchHandler/CORE]: Got mod coordinates repophys%%G:\\Reece\\REPOPHYSICS\\REPOPHYSICS\\build\\classes\\java\\main;repophys%%G:\\Reece\\REPOPHYSICS\\REPOPHYSICS\\build\\resources\\main from env
[10Jun2026 13:33:28.449] [main/DEBUG] [net.neoforged.fml.loading.targets.CommonLaunchHandler/CORE]: Found supplied mod coordinates [{repophys=[G:\Reece\REPOPHYSICS\REPOPHYSICS\build\classes\java\main, G:\Reece\REPOPHYSICS\REPOPHYSICS\build\resources\main]}]
[10Jun2026 13:33:28.452] [main/DEBUG] [cpw.mods.modlauncher.TransformationServicesHandler/MODLAUNCHER]: Found additional transformation services from discovery services: 
[10Jun2026 13:33:28.459] [main/INFO] [net.neoforged.fml.loading.ImmediateWindowHandler/]: Loading ImmediateWindowProvider fmlearlywindow
[10Jun2026 13:33:28.586] [main/INFO] [EARLYDISPLAY/]: Trying GL version 4.6
[10Jun2026 13:33:28.771] [main/INFO] [EARLYDISPLAY/]: Requested GL version 4.6 got version 4.6
[10Jun2026 13:33:28.836] [main/DEBUG] [cpw.mods.modlauncher.TransformationServicesHandler/MODLAUNCHER]: Found transformer services : [mixin,fml]
[10Jun2026 13:33:28.837] [main/DEBUG] [cpw.mods.modlauncher.TransformationServicesHandler/MODLAUNCHER]: Transformation services loading
[10Jun2026 13:33:28.838] [main/DEBUG] [cpw.mods.modlauncher.TransformationServiceDecorator/MODLAUNCHER]: Loading service mixin
[10Jun2026 13:33:28.838] [main/DEBUG] [cpw.mods.modlauncher.TransformationServiceDecorator/MODLAUNCHER]: Loaded service mixin
[10Jun2026 13:33:28.839] [main/DEBUG] [cpw.mods.modlauncher.TransformationServiceDecorator/MODLAUNCHER]: Loading service fml
[10Jun2026 13:33:28.840] [main/DEBUG] [net.neoforged.fml.loading.FMLLoader/CORE]: FML 4.0.42 loading
[10Jun2026 13:33:28.840] [main/DEBUG] [net.neoforged.fml.loading.FMLLoader/CORE]: FML found ModLauncher version : 11.0.5+main.901c6ea8
[10Jun2026 13:33:28.841] [main/DEBUG] [net.neoforged.fml.loading.FMLLoader/CORE]: FML found AccessTransformer version : 10.0.1+139da711
[10Jun2026 13:33:28.842] [main/DEBUG] [net.neoforged.fml.loading.FMLLoader/CORE]: FML found EventBus version : null
[10Jun2026 13:33:28.843] [main/DEBUG] [net.neoforged.fml.loading.FMLLoader/CORE]: Found Runtime Dist Cleaner
[10Jun2026 13:33:28.843] [main/DEBUG] [cpw.mods.modlauncher.TransformationServiceDecorator/MODLAUNCHER]: Loaded service fml
[10Jun2026 13:33:28.844] [main/DEBUG] [cpw.mods.modlauncher.TransformationServicesHandler/MODLAUNCHER]: Configuring option handling for services
[10Jun2026 13:33:28.866] [main/DEBUG] [net.neoforged.fml.loading.FMLServiceProvider/CORE]: Received command line version data  : VersionInfo[neoForgeVersion=21.1.231, fmlVersion=4.0.42, mcVersion=1.21.1, neoFormVersion=20240808.144430]
[10Jun2026 13:33:28.867] [main/DEBUG] [cpw.mods.modlauncher.TransformationServicesHandler/MODLAUNCHER]: Transformation services initializing
[10Jun2026 13:33:28.867] [main/DEBUG] [cpw.mods.modlauncher.TransformationServiceDecorator/MODLAUNCHER]: Initializing transformation service mixin
[10Jun2026 13:33:28.883] [main/DEBUG] [mixin/]: MixinService [ModLauncher] was successfully booted in cpw.mods.cl.ModuleClassLoader@3d285d7e
[10Jun2026 13:33:28.894] [main/INFO] [mixin/]: SpongePowered MIXIN Subsystem Version=0.8.7 Source=union:/C:/Users/Reece/.gradle/caches/modules-2/files-2.1/net.fabricmc/sponge-mixin/0.15.2+mixin.0.8.7/2af2f021d8e02a0220dc27a7a72b4666d66d44ca/sponge-mixin-0.15.2+mixin.0.8.7.jar%23138!/ Service=ModLauncher Env=CLIENT
[10Jun2026 13:33:28.896] [main/DEBUG] [mixin/]: Initialising Mixin Platform Manager
[10Jun2026 13:33:28.896] [main/DEBUG] [mixin/]: Adding mixin platform agents for container ModLauncher Root Container(ModLauncher:4f56a0a2)
[10Jun2026 13:33:28.897] [main/DEBUG] [mixin/]: Instancing new MixinPlatformAgentMinecraftForge for ModLauncher Root Container(ModLauncher:4f56a0a2)
[10Jun2026 13:33:28.898] [main/DEBUG] [mixin/]: MixinPlatformAgentMinecraftForge rejected container ModLauncher Root Container(ModLauncher:4f56a0a2)
[10Jun2026 13:33:28.898] [main/DEBUG] [mixin/]: Instancing new MixinPlatformAgentDefault for ModLauncher Root Container(ModLauncher:4f56a0a2)
[10Jun2026 13:33:28.898] [main/DEBUG] [mixin/]: MixinPlatformAgentDefault accepted container ModLauncher Root Container(ModLauncher:4f56a0a2)
[10Jun2026 13:33:28.900] [main/DEBUG] [cpw.mods.modlauncher.TransformationServiceDecorator/MODLAUNCHER]: Initialized transformation service mixin
[10Jun2026 13:33:28.901] [main/DEBUG] [cpw.mods.modlauncher.TransformationServiceDecorator/MODLAUNCHER]: Initializing transformation service fml
[10Jun2026 13:33:28.901] [main/DEBUG] [net.neoforged.fml.loading.FMLServiceProvider/CORE]: Setting up basic FML game directories
[10Jun2026 13:33:28.902] [main/DEBUG] [net.neoforged.fml.loading.FMLPaths/CORE]: Path GAMEDIR is G:\Reece\REPOPHYSICS\REPOPHYSICS\run
[10Jun2026 13:33:28.902] [main/DEBUG] [net.neoforged.fml.loading.FMLPaths/CORE]: Path MODSDIR is G:\Reece\REPOPHYSICS\REPOPHYSICS\run\mods
[10Jun2026 13:33:28.902] [main/DEBUG] [net.neoforged.fml.loading.FMLPaths/CORE]: Path CONFIGDIR is G:\Reece\REPOPHYSICS\REPOPHYSICS\run\config
[10Jun2026 13:33:28.902] [main/DEBUG] [net.neoforged.fml.loading.FMLPaths/CORE]: Path FMLCONFIG is G:\Reece\REPOPHYSICS\REPOPHYSICS\run\config\fml.toml
[10Jun2026 13:33:28.903] [main/DEBUG] [net.neoforged.fml.loading.FMLServiceProvider/CORE]: Loading configuration
[10Jun2026 13:33:28.912] [main/DEBUG] [net.neoforged.fml.loading.FMLServiceProvider/CORE]: Preparing launch handler
[10Jun2026 13:33:28.913] [main/DEBUG] [net.neoforged.fml.loading.FMLLoader/CORE]: Using forgeclientdev as launch service
[10Jun2026 13:33:28.915] [main/DEBUG] [cpw.mods.modlauncher.TransformationServiceDecorator/MODLAUNCHER]: Initialized transformation service fml
[10Jun2026 13:33:28.915] [main/DEBUG] [cpw.mods.modlauncher.TransformationServicesHandler/MODLAUNCHER]: Transformation services begin scanning
[10Jun2026 13:33:28.916] [main/DEBUG] [cpw.mods.modlauncher.TransformationServiceDecorator/MODLAUNCHER]: Beginning scan trigger - transformation service mixin
[10Jun2026 13:33:28.916] [main/DEBUG] [cpw.mods.modlauncher.TransformationServiceDecorator/MODLAUNCHER]: End scan trigger - transformation service mixin
[10Jun2026 13:33:28.916] [main/DEBUG] [cpw.mods.modlauncher.TransformationServiceDecorator/MODLAUNCHER]: Beginning scan trigger - transformation service fml
[10Jun2026 13:33:28.916] [main/DEBUG] [net.neoforged.fml.loading.FMLServiceProvider/CORE]: Initiating mod scan
[10Jun2026 13:33:28.917] [main/DEBUG] [net.neoforged.fml.loading.targets.CommonLaunchHandler/CORE]: Got mod coordinates repophys%%G:\\Reece\\REPOPHYSICS\\REPOPHYSICS\\build\\classes\\java\\main;repophys%%G:\\Reece\\REPOPHYSICS\\REPOPHYSICS\\build\\resources\\main from env
[10Jun2026 13:33:28.917] [main/DEBUG] [net.neoforged.fml.loading.targets.CommonLaunchHandler/CORE]: Found supplied mod coordinates [{repophys=[G:\Reece\REPOPHYSICS\REPOPHYSICS\build\classes\java\main, G:\Reece\REPOPHYSICS\REPOPHYSICS\build\resources\main]}]
[10Jun2026 13:33:28.918] [main/DEBUG] [net.neoforged.fml.loading.targets.CommonDevLaunchHandler/]: Launching with NeoForge from G:\Reece\REPOPHYSICS\REPOPHYSICS\build\moddev\artifacts\neoforge-21.1.231.jar
[10Jun2026 13:33:28.930] [main/DEBUG] [net.neoforged.fml.util.ServiceLoaderUtil/CORE]: Found 4 implementations of IModFileCandidateLocator:
[10Jun2026 13:33:28.931] [main/DEBUG] [net.neoforged.fml.util.ServiceLoaderUtil/CORE]: 	       0 - [built-in] net.neoforged.fml.loading.moddiscovery.locators.NeoForgeDevProvider from loader-4.0.42.jar
[10Jun2026 13:33:28.932] [main/DEBUG] [net.neoforged.fml.util.ServiceLoaderUtil/CORE]: 	       0 - net.neoforged.fml.loading.moddiscovery.locators.ModsFolderLocator from loader-4.0.42.jar
[10Jun2026 13:33:28.932] [main/DEBUG] [net.neoforged.fml.util.ServiceLoaderUtil/CORE]: 	       0 - net.neoforged.fml.loading.moddiscovery.locators.MavenDirectoryLocator from loader-4.0.42.jar
[10Jun2026 13:33:28.932] [main/DEBUG] [net.neoforged.fml.util.ServiceLoaderUtil/CORE]: 	   -1000 - [built-in] net.neoforged.fml.loading.moddiscovery.locators.UserdevLocator from loader-4.0.42.jar
[10Jun2026 13:33:28.934] [main/DEBUG] [net.neoforged.fml.util.ServiceLoaderUtil/CORE]: Found 2 implementations of IModFileReader:
[10Jun2026 13:33:28.935] [main/DEBUG] [net.neoforged.fml.util.ServiceLoaderUtil/CORE]: 	       0 - net.neoforged.fml.loading.moddiscovery.readers.JarModsDotTomlModFileReader from loader-4.0.42.jar
[10Jun2026 13:33:28.935] [main/DEBUG] [net.neoforged.fml.util.ServiceLoaderUtil/CORE]: 	   -1000 - net.neoforged.fml.loading.moddiscovery.readers.NestedLibraryModReader from loader-4.0.42.jar
[10Jun2026 13:33:28.936] [main/DEBUG] [net.neoforged.fml.util.ServiceLoaderUtil/CORE]: Found 1 implementations of IDependencyLocator:
[10Jun2026 13:33:28.936] [main/DEBUG] [net.neoforged.fml.util.ServiceLoaderUtil/CORE]: 	       0 - net.neoforged.fml.loading.moddiscovery.locators.JarInJarDependencyLocator from loader-4.0.42.jar
[10Jun2026 13:33:28.991] [main/DEBUG] [net.neoforged.fml.loading.moddiscovery.ModFileInfo/LOADING]: Found valid mod file neoforge-21.1.231.jar with {minecraft} mods - versions {1.21.1}
[10Jun2026 13:33:29.001] [main/DEBUG] [net.neoforged.fml.loading.moddiscovery.ModFileParser/LOADING]: Considering mod file candidate G:\Reece\REPOPHYSICS\REPOPHYSICS\build\moddev\artifacts\neoforge-21.1.231.jar
[10Jun2026 13:33:29.004] [pool-2-thread-1/INFO] [EARLYDISPLAY/]: GL info: NVIDIA GeForce GTX 1060 6GB/PCIe/SSE2 GL version 4.6.0 NVIDIA 560.94, NVIDIA Corporation
[10Jun2026 13:33:29.019] [main/DEBUG] [net.neoforged.fml.loading.moddiscovery.ModFileInfo/LOADING]: Found valid mod file neoforge-21.1.231.jar with {neoforge} mods - versions {21.1.231}
[10Jun2026 13:33:29.023] [main/DEBUG] [net.neoforged.fml.loading.moddiscovery.ModListHandler/CORE]: Found mod coordinates from lists: []
[10Jun2026 13:33:29.026] [main/DEBUG] [net.neoforged.fml.loading.moddiscovery.ModFileParser/LOADING]: Considering mod file candidate G:\Reece\REPOPHYSICS\REPOPHYSICS\build\classes\java\main
[10Jun2026 13:33:29.033] [main/DEBUG] [net.neoforged.fml.loading.moddiscovery.ModFileInfo/LOADING]: Found valid mod file main with {repophys} mods - versions {0.01}
[10Jun2026 13:33:29.047] [main/DEBUG] [net.neoforged.fml.loading.moddiscovery.ModFileParser/LOADING]: Considering mod file candidate G:\Reece\REPOPHYSICS\REPOPHYSICS\build\moddev\artifacts\neoforge-21.1.231.jar
[10Jun2026 13:33:29.049] [main/DEBUG] [net.neoforged.fml.loading.moddiscovery.ModFileInfo/LOADING]: Found valid mod file neoforge-21.1.231.jar with {neoforge} mods - versions {21.1.231}
[10Jun2026 13:33:29.057] [main/DEBUG] [net.neoforged.fml.loading.moddiscovery.ModFileParser/LOADING]: Considering mod file candidate C:\Users\Reece\.gradle\caches\modules-2\files-2.1\curse.maven\veil-lib-1517006\8110943\12e785ae5069c73a7876279866af0299d59f544f\veil-lib-1517006-8110943.jar
[10Jun2026 13:33:29.061] [main/DEBUG] [net.neoforged.fml.loading.moddiscovery.ModFileInfo/LOADING]: Found valid mod file veil-lib-1517006-8110943.jar with {veil} mods - versions {4.1.1}
[10Jun2026 13:33:29.066] [main/DEBUG] [net.neoforged.fml.loading.moddiscovery.ModFileParser/LOADING]: Considering mod file candidate C:\Users\Reece\.gradle\caches\modules-2\files-2.1\curse.maven\forge-config-api-port-547434\6798216\6eb383b62e680deb6c6955552759b1be81a1973d\forge-config-api-port-547434-6798216.jar
[10Jun2026 13:33:29.068] [main/DEBUG] [net.neoforged.fml.loading.moddiscovery.ModFileInfo/LOADING]: Found valid mod file forge-config-api-port-547434-6798216.jar with {forgeconfigapiport} mods - versions {21.1.4}
[10Jun2026 13:33:29.074] [main/DEBUG] [net.neoforged.fml.loading.moddiscovery.ModFileParser/LOADING]: Considering mod file candidate C:\Users\Reece\.gradle\caches\modules-2\files-2.1\curse.maven\pehkui-319596\5446174\4ae35b04b0fca7b170417a12d6da6a693281574b\pehkui-319596-5446174.jar
[10Jun2026 13:33:29.075] [main/DEBUG] [net.neoforged.fml.loading.moddiscovery.ModFileInfo/LOADING]: Found valid mod file pehkui-319596-5446174.jar with {pehkui} mods - versions {3.8.3+1.21-neoforge}
[10Jun2026 13:33:29.080] [main/DEBUG] [net.neoforged.fml.loading.moddiscovery.ModFileParser/LOADING]: Considering mod file candidate C:\Users\Reece\.gradle\caches\modules-2\files-2.1\dev.ryanhcode.sable-companion\sable-companion-common-1.21.1\1.5.0\64b26c71bbdce40f8a3ffe7c5d9d648c6a3ed59d\sable-companion-common-1.21.1-1.5.0.jar
[10Jun2026 13:33:29.082] [main/DEBUG] [net.neoforged.fml.loading.moddiscovery.ModFileInfo/LOADING]: Found valid mod file sable-companion-common-1.21.1-1.5.0.jar with {sablecompanion} mods - versions {1.5.0}
[10Jun2026 13:33:29.134] [main/DEBUG] [net.neoforged.fml.loading.moddiscovery.ModDiscoverer/]: Skipping C:\Users\Reece\.gradle\caches\modules-2\files-2.1\net.neoforged.fancymodloader\earlydisplay\4.0.42\46555dbfff14e9e052f1f693aed14d542a74e111\earlydisplay-4.0.42.jar because it was already located earlier
[10Jun2026 13:33:29.134] [main/DEBUG] [net.neoforged.fml.loading.moddiscovery.ModDiscoverer/]: Skipping C:\Users\Reece\.gradle\caches\modules-2\files-2.1\net.neoforged.fancymodloader\loader\4.0.42\76e15f98bf676fb44b36c5e776f52a55581ec43a\loader-4.0.42.jar because it was already located earlier
[10Jun2026 13:33:29.135] [main/DEBUG] [net.neoforged.fml.loading.moddiscovery.ModDiscoverer/]: Skipping C:\Users\Reece\.gradle\caches\modules-2\files-2.1\net.neoforged\JarJarSelector\0.4.1\fb3cc7a58af22ad2880adb98af6d518128c47dae\JarJarSelector-0.4.1.jar because it was already located earlier
[10Jun2026 13:33:29.135] [main/DEBUG] [net.neoforged.fml.loading.moddiscovery.ModDiscoverer/]: Skipping C:\Users\Reece\.gradle\caches\modules-2\files-2.1\net.neoforged\JarJarMetadata\0.4.1\f8da03683dc81694556dc3e177c5e3bb77ae6fcb\JarJarMetadata-0.4.1.jar because it was already located earlier
[10Jun2026 13:33:29.135] [main/DEBUG] [net.neoforged.fml.loading.moddiscovery.ModDiscoverer/]: Skipping C:\Users\Reece\.gradle\caches\modules-2\files-2.1\org.apache.maven\maven-artifact\3.8.5\4433f50c07debefaed0553bd0068f4f48d449313\maven-artifact-3.8.5.jar because it was already located earlier
[10Jun2026 13:33:29.145] [main/DEBUG] [net.neoforged.fml.loading.moddiscovery.ModDiscoverer/]: Skipping C:\Users\Reece\.gradle\caches\modules-2\files-2.1\net.neoforged.accesstransformers\at-modlauncher\10.0.1\5aba50202aceead086bc09fbc2751c9f05cb4890\at-modlauncher-10.0.1.jar because it was already located earlier
[10Jun2026 13:33:29.145] [main/DEBUG] [net.neoforged.fml.loading.moddiscovery.ModDiscoverer/]: Skipping C:\Users\Reece\.gradle\caches\modules-2\files-2.1\net.neoforged\accesstransformers\10.0.1\fd83b5725f76eae9115e9355fa1c456a6a441400\accesstransformers-10.0.1.jar because it was already located earlier
[10Jun2026 13:33:29.145] [main/DEBUG] [net.neoforged.fml.loading.moddiscovery.ModDiscoverer/]: Skipping C:\Users\Reece\.gradle\caches\modules-2\files-2.1\net.neoforged\bus\8.0.5\5b2d33285ab5d1554e9798ad98c40d6ea3868bd5\bus-8.0.5.jar because it was already located earlier
[10Jun2026 13:33:29.145] [main/DEBUG] [net.neoforged.fml.loading.moddiscovery.ModDiscoverer/]: Skipping C:\Users\Reece\.gradle\caches\modules-2\files-2.1\net.neoforged\coremods\7.0.3\9147e6f638b4272b3bd5fc8f92ad37802512c6c\coremods-7.0.3.jar because it was already located earlier
[10Jun2026 13:33:29.145] [main/DEBUG] [net.neoforged.fml.loading.moddiscovery.ModDiscoverer/]: Skipping C:\Users\Reece\.gradle\caches\modules-2\files-2.1\cpw.mods\modlauncher\11.0.5\b8f0d49294f733fdb6173931b263553e943dc950\modlauncher-11.0.5.jar because it was already located earlier
[10Jun2026 13:33:29.146] [main/DEBUG] [net.neoforged.fml.loading.moddiscovery.ModDiscoverer/]: Skipping C:\Users\Reece\.gradle\caches\modules-2\files-2.1\net.neoforged\mergetool\2.0.0\52fe1949be64e3303aabaaa21e315f551db9c9f4\mergetool-2.0.0-api.jar because it was already located earlier
[10Jun2026 13:33:29.146] [main/DEBUG] [net.neoforged.fml.loading.moddiscovery.ModDiscoverer/]: Skipping C:\Users\Reece\.gradle\caches\modules-2\files-2.1\com.electronwill.night-config\toml\3.8.3\90b2fd6efcb4a7d5b9810cf78f9d824994d717f2\toml-3.8.3.jar because it was already located earlier
[10Jun2026 13:33:29.146] [main/DEBUG] [net.neoforged.fml.loading.moddiscovery.ModDiscoverer/]: Skipping C:\Users\Reece\.gradle\caches\modules-2\files-2.1\com.electronwill.night-config\core\3.8.3\b442a95f09e349927f5a945ecb594455870fcf4f\core-3.8.3.jar because it was already located earlier
[10Jun2026 13:33:29.146] [main/DEBUG] [net.neoforged.fml.loading.moddiscovery.ModDiscoverer/]: Skipping C:\Users\Reece\.gradle\caches\modules-2\files-2.1\net.jodah\typetools\0.6.3\a01aaa6ddaea9ec07ec4f209487b7a46a526283a\typetools-0.6.3.jar because it was already located earlier
[10Jun2026 13:33:29.146] [main/DEBUG] [net.neoforged.fml.loading.moddiscovery.ModDiscoverer/]: Skipping C:\Users\Reece\.gradle\caches\modules-2\files-2.1\net.minecrell\terminalconsoleappender\1.3.0\b562e9bb61235c9520e26282cdee71f8f802d1fc\terminalconsoleappender-1.3.0.jar because it was already located earlier
[10Jun2026 13:33:29.146] [main/DEBUG] [net.neoforged.fml.loading.moddiscovery.ModDiscoverer/]: Skipping C:\Users\Reece\.gradle\caches\modules-2\files-2.1\net.fabricmc\sponge-mixin\0.15.2+mixin.0.8.7\2af2f021d8e02a0220dc27a7a72b4666d66d44ca\sponge-mixin-0.15.2+mixin.0.8.7.jar because it was already located earlier
[10Jun2026 13:33:29.147] [main/DEBUG] [net.neoforged.fml.loading.moddiscovery.ModDiscoverer/]: Skipping C:\Users\Reece\.gradle\caches\modules-2\files-2.1\org.openjdk.nashorn\nashorn-core\15.4\f67f5ffaa5f5130cf6fb9b133da00c7df3b532a5\nashorn-core-15.4.jar because it was already located earlier
[10Jun2026 13:33:29.147] [main/DEBUG] [net.neoforged.fml.loading.moddiscovery.ModDiscoverer/]: Skipping C:\Users\Reece\.gradle\caches\modules-2\files-2.1\org.apache.commons\commons-lang3\3.14.0\1ed471194b02f2c6cb734a0cd6f6f107c673afae\commons-lang3-3.14.0.jar because it was already located earlier
[10Jun2026 13:33:29.156] [main/DEBUG] [net.neoforged.fml.loading.moddiscovery.ModDiscoverer/]: Skipping C:\Users\Reece\.gradle\caches\modules-2\files-2.1\org.codehaus.plexus\plexus-utils\3.3.0\cf43b5391de623b36fe066a21127baef82c64022\plexus-utils-3.3.0.jar because it was already located earlier
[10Jun2026 13:33:29.165] [main/DEBUG] [net.neoforged.fml.loading.moddiscovery.ModDiscoverer/]: Skipping C:\Users\Reece\.gradle\caches\modules-2\files-2.1\net.sf.jopt-simple\jopt-simple\5.0.4\4fdac2fbe92dfad86aa6e9301736f6b4342a3f5c\jopt-simple-5.0.4.jar because it was already located earlier
[10Jun2026 13:33:29.165] [main/DEBUG] [net.neoforged.fml.loading.moddiscovery.ModDiscoverer/]: Skipping C:\Users\Reece\.gradle\caches\modules-2\files-2.1\commons-io\commons-io\2.15.1\f11560da189ab563a5c8e351941415430e9304ea\commons-io-2.15.1.jar because it was already located earlier
[10Jun2026 13:33:29.165] [main/DEBUG] [net.neoforged.fml.loading.moddiscovery.ModDiscoverer/]: Skipping C:\Users\Reece\.gradle\caches\modules-2\files-2.1\com.mojang\logging\1.2.7\24cb95ffb0e3433fd6e844c04e68009e504ca1c0\logging-1.2.7.jar because it was already located earlier
[10Jun2026 13:33:29.166] [main/DEBUG] [net.neoforged.fml.loading.moddiscovery.ModDiscoverer/]: Skipping C:\Users\Reece\.gradle\caches\modules-2\files-2.1\org.apache.logging.log4j\log4j-slf4j2-impl\2.22.1\d7e6693c2606cb7e7335047d7bb96dec52db5665\log4j-slf4j2-impl-2.22.1.jar because it was already located earlier
[10Jun2026 13:33:29.166] [main/DEBUG] [net.neoforged.fml.loading.moddiscovery.ModDiscoverer/]: Skipping C:\Users\Reece\.gradle\caches\modules-2\files-2.1\org.apache.logging.log4j\log4j-core\2.22.1\7183a25510a02ad00cc6a95d3b3d2a7d3c5a8dc4\log4j-core-2.22.1.jar because it was already located earlier
[10Jun2026 13:33:29.166] [main/DEBUG] [net.neoforged.fml.loading.moddiscovery.ModDiscoverer/]: Skipping C:\Users\Reece\.gradle\caches\modules-2\files-2.1\org.apache.logging.log4j\log4j-api\2.22.1\bea6fede6328fabafd7e68363161a7ea6605abd1\log4j-api-2.22.1.jar because it was already located earlier
[10Jun2026 13:33:29.166] [main/DEBUG] [net.neoforged.fml.loading.moddiscovery.ModDiscoverer/]: Skipping C:\Users\Reece\.gradle\caches\modules-2\files-2.1\com.google.guava\guava\32.1.2-jre\5e64ec7e056456bef3a4bc4c6fdaef71e8ab6318\guava-32.1.2-jre.jar because it was already located earlier
[10Jun2026 13:33:29.166] [main/DEBUG] [net.neoforged.fml.loading.moddiscovery.ModDiscoverer/]: Skipping C:\Users\Reece\.gradle\caches\modules-2\files-2.1\com.google.code.gson\gson\2.10.1\b3add478d4382b78ea20b1671390a858002feb6c\gson-2.10.1.jar because it was already located earlier
[10Jun2026 13:33:29.166] [main/DEBUG] [net.neoforged.fml.loading.moddiscovery.ModDiscoverer/]: Skipping C:\Users\Reece\.gradle\caches\modules-2\files-2.1\org.slf4j\slf4j-api\2.0.9\7cf2726fdcfbc8610f9a71fb3ed639871f315340\slf4j-api-2.0.9.jar because it was already located earlier
[10Jun2026 13:33:29.166] [main/DEBUG] [net.neoforged.fml.loading.moddiscovery.ModDiscoverer/]: Skipping C:\Users\Reece\.gradle\caches\modules-2\files-2.1\org.antlr\antlr4-runtime\4.13.1\17125bae1d965624e265ef49552f6465a2bfa307\antlr4-runtime-4.13.1.jar because it was already located earlier
[10Jun2026 13:33:29.166] [main/DEBUG] [net.neoforged.fml.loading.moddiscovery.ModDiscoverer/]: Skipping C:\Users\Reece\.gradle\caches\modules-2\files-2.1\net.minecraftforge\srgutils\0.4.15\ca408b131759478f164e010fae0d73997e125fb5\srgutils-0.4.15.jar because it was already located earlier
[10Jun2026 13:33:29.167] [main/DEBUG] [net.neoforged.fml.loading.moddiscovery.ModDiscoverer/]: Skipping C:\Users\Reece\.gradle\caches\modules-2\files-2.1\org.jline\jline-reader\3.20.0\8f15415b022a25b473e8e16c28ae913186ffb9c4\jline-reader-3.20.0.jar because it was already located earlier
[10Jun2026 13:33:29.167] [main/DEBUG] [net.neoforged.fml.loading.moddiscovery.ModDiscoverer/]: Skipping C:\Users\Reece\.gradle\caches\modules-2\files-2.1\com.machinezoo.noexception\noexception\1.7.1\b65330c98e38a1f915fa54a6e5eca496505e3f0a\noexception-1.7.1.jar because it was already located earlier
[10Jun2026 13:33:29.167] [main/DEBUG] [net.neoforged.fml.loading.moddiscovery.ModDiscoverer/]: Skipping C:\Users\Reece\.gradle\caches\modules-2\files-2.1\com.github.oshi\oshi-core\6.4.10\b1d8ab82d11d92fd639b56d639f8f46f739dd5fa\oshi-core-6.4.10.jar because it was already located earlier
[10Jun2026 13:33:29.167] [main/DEBUG] [net.neoforged.fml.loading.moddiscovery.ModDiscoverer/]: Skipping C:\Users\Reece\.gradle\caches\modules-2\files-2.1\com.google.guava\failureaccess\1.0.1\1dcf1de382a0bf95a3d8b0849546c88bac1292c9\failureaccess-1.0.1.jar because it was already located earlier
[10Jun2026 13:33:29.167] [main/DEBUG] [net.neoforged.fml.loading.moddiscovery.ModDiscoverer/]: Skipping C:\Users\Reece\.gradle\caches\modules-2\files-2.1\com.ibm.icu\icu4j\73.2\61ad4ef7f9131fcf6d25c34b817f90d6da06c9e9\icu4j-73.2.jar because it was already located earlier
[10Jun2026 13:33:29.167] [main/DEBUG] [net.neoforged.fml.loading.moddiscovery.ModDiscoverer/]: Skipping C:\Users\Reece\.gradle\caches\modules-2\files-2.1\com.mojang\authlib\6.0.54\de8bc95660e1b2fe8793fd427a7a10dcec5b3ea7\authlib-6.0.54.jar because it was already located earlier
[10Jun2026 13:33:29.168] [main/DEBUG] [net.neoforged.fml.loading.moddiscovery.ModDiscoverer/]: Skipping C:\Users\Reece\.gradle\caches\modules-2\files-2.1\com.mojang\blocklist\1.0.10\5c685c5ffa94c4cd39496c7184c1d122e515ecef\blocklist-1.0.10.jar because it was already located earlier
[10Jun2026 13:33:29.168] [main/DEBUG] [net.neoforged.fml.loading.moddiscovery.ModDiscoverer/]: Skipping C:\Users\Reece\.gradle\caches\modules-2\files-2.1\com.mojang\brigadier\1.3.10\d15b53a14cf20fdcaa98f731af5dda654452c010\brigadier-1.3.10.jar because it was already located earlier
[10Jun2026 13:33:29.168] [main/DEBUG] [net.neoforged.fml.loading.moddiscovery.ModDiscoverer/]: Skipping C:\Users\Reece\.gradle\caches\modules-2\files-2.1\com.mojang\datafixerupper\8.0.16\67d4de6d7f95d89bcf5862995fb854ebaec02a34\datafixerupper-8.0.16.jar because it was already located earlier
[10Jun2026 13:33:29.168] [main/DEBUG] [net.neoforged.fml.loading.moddiscovery.ModDiscoverer/]: Skipping C:\Users\Reece\.gradle\caches\modules-2\files-2.1\com.mojang\patchy\2.2.10\da05971b07cbb379d002cf7eaec6a2048211fefc\patchy-2.2.10.jar because it was already located earlier
[10Jun2026 13:33:29.168] [main/DEBUG] [net.neoforged.fml.loading.moddiscovery.ModDiscoverer/]: Skipping C:\Users\Reece\.gradle\caches\modules-2\files-2.1\com.mojang\text2speech\1.17.9\3cad216e3a7f0c19b4b394388bc9ffc446f13b14\text2speech-1.17.9.jar because it was already located earlier
[10Jun2026 13:33:29.168] [main/DEBUG] [net.neoforged.fml.loading.moddiscovery.ModDiscoverer/]: Skipping C:\Users\Reece\.gradle\caches\modules-2\files-2.1\commons-codec\commons-codec\1.16.0\4e3eb3d79888d76b54e28b350915b5dc3919c9de\commons-codec-1.16.0.jar because it was already located earlier
[10Jun2026 13:33:29.169] [main/DEBUG] [net.neoforged.fml.loading.moddiscovery.ModDiscoverer/]: Skipping C:\Users\Reece\.gradle\caches\modules-2\files-2.1\commons-logging\commons-logging\1.2\4bfc12adfe4842bf07b657f0369c4cb522955686\commons-logging-1.2.jar because it was already located earlier
[10Jun2026 13:33:29.169] [main/DEBUG] [net.neoforged.fml.loading.moddiscovery.ModDiscoverer/]: Skipping C:\Users\Reece\.gradle\caches\modules-2\files-2.1\io.netty\netty-buffer\4.1.97.Final\f8f3d8644afa5e6e1a40a3a6aeb9d9aa970ecb4f\netty-buffer-4.1.97.Final.jar because it was already located earlier
[10Jun2026 13:33:29.169] [main/DEBUG] [net.neoforged.fml.loading.moddiscovery.ModDiscoverer/]: Skipping C:\Users\Reece\.gradle\caches\modules-2\files-2.1\io.netty\netty-codec\4.1.97.Final\384ba4d75670befbedb45c4d3b497a93639c206d\netty-codec-4.1.97.Final.jar because it was already located earlier
[10Jun2026 13:33:29.169] [main/DEBUG] [net.neoforged.fml.loading.moddiscovery.ModDiscoverer/]: Skipping C:\Users\Reece\.gradle\caches\modules-2\files-2.1\io.netty\netty-common\4.1.97.Final\7cceacaf11df8dc63f23d0fb58e9d4640fc88404\netty-common-4.1.97.Final.jar because it was already located earlier
[10Jun2026 13:33:29.169] [main/DEBUG] [net.neoforged.fml.loading.moddiscovery.ModDiscoverer/]: Skipping C:\Users\Reece\.gradle\caches\modules-2\files-2.1\io.netty\netty-handler\4.1.97.Final\abb86c6906bf512bf2b797a41cd7d2e8d3cd7c36\netty-handler-4.1.97.Final.jar because it was already located earlier
[10Jun2026 13:33:29.169] [main/DEBUG] [net.neoforged.fml.loading.moddiscovery.ModDiscoverer/]: Skipping C:\Users\Reece\.gradle\caches\modules-2\files-2.1\io.netty\netty-resolver\4.1.97.Final\cec8348108dc76c47cf87c669d514be52c922144\netty-resolver-4.1.97.Final.jar because it was already located earlier
[10Jun2026 13:33:29.170] [main/DEBUG] [net.neoforged.fml.loading.moddiscovery.ModDiscoverer/]: Skipping C:\Users\Reece\.gradle\caches\modules-2\files-2.1\io.netty\netty-transport-classes-epoll\4.1.97.Final\795da37ded759e862457a82d9d92c4d39ce8ecee\netty-transport-classes-epoll-4.1.97.Final.jar because it was already located earlier
[10Jun2026 13:33:29.170] [main/DEBUG] [net.neoforged.fml.loading.moddiscovery.ModDiscoverer/]: Skipping C:\Users\Reece\.gradle\caches\modules-2\files-2.1\io.netty\netty-transport-native-unix-common\4.1.97.Final\d469d84265ab70095b01b40886cabdd433b6e664\netty-transport-native-unix-common-4.1.97.Final.jar because it was already located earlier
[10Jun2026 13:33:29.170] [main/DEBUG] [net.neoforged.fml.loading.moddiscovery.ModDiscoverer/]: Skipping C:\Users\Reece\.gradle\caches\modules-2\files-2.1\io.netty\netty-transport\4.1.97.Final\f37380d23c9bb079bc702910833b2fd532c9abd0\netty-transport-4.1.97.Final.jar because it was already located earlier
[10Jun2026 13:33:29.170] [main/DEBUG] [net.neoforged.fml.loading.moddiscovery.ModDiscoverer/]: Skipping C:\Users\Reece\.gradle\caches\modules-2\files-2.1\it.unimi.dsi\fastutil\8.5.12\c24946d46824bd528054bface3231d2ecb7e95e8\fastutil-8.5.12.jar because it was already located earlier
[10Jun2026 13:33:29.170] [main/DEBUG] [net.neoforged.fml.loading.moddiscovery.ModDiscoverer/]: Skipping C:\Users\Reece\.gradle\caches\modules-2\files-2.1\net.java.dev.jna\jna-platform\5.14.0\28934d48aed814f11e4c584da55c49fa7032b31b\jna-platform-5.14.0.jar because it was already located earlier
[10Jun2026 13:33:29.170] [main/DEBUG] [net.neoforged.fml.loading.moddiscovery.ModDiscoverer/]: Skipping C:\Users\Reece\.gradle\caches\modules-2\files-2.1\net.java.dev.jna\jna\5.14.0\67bf3eaea4f0718cb376a181a629e5f88fa1c9dd\jna-5.14.0.jar because it was already located earlier
[10Jun2026 13:33:29.170] [main/DEBUG] [net.neoforged.fml.loading.moddiscovery.ModDiscoverer/]: Skipping C:\Users\Reece\.gradle\caches\modules-2\files-2.1\org.apache.commons\commons-compress\1.26.0\659feffdd12280201c8aacb8f7be94f9a883c824\commons-compress-1.26.0.jar because it was already located earlier
[10Jun2026 13:33:29.170] [main/DEBUG] [net.neoforged.fml.loading.moddiscovery.ModDiscoverer/]: Skipping C:\Users\Reece\.gradle\caches\modules-2\files-2.1\org.apache.httpcomponents\httpclient\4.5.13\e5f6cae5ca7ecaac1ec2827a9e2d65ae2869cada\httpclient-4.5.13.jar because it was already located earlier
[10Jun2026 13:33:29.171] [main/DEBUG] [net.neoforged.fml.loading.moddiscovery.ModDiscoverer/]: Skipping C:\Users\Reece\.gradle\caches\modules-2\files-2.1\org.apache.httpcomponents\httpcore\4.4.16\51cf043c87253c9f58b539c9f7e44c8894223850\httpcore-4.4.16.jar because it was already located earlier
[10Jun2026 13:33:29.171] [main/DEBUG] [net.neoforged.fml.loading.moddiscovery.ModDiscoverer/]: Skipping C:\Users\Reece\.gradle\caches\modules-2\files-2.1\org.jcraft\jorbis\0.0.17\8872d22b293e8f5d7d56ff92be966e6dc28ebdc6\jorbis-0.0.17.jar because it was already located earlier
[10Jun2026 13:33:29.171] [main/DEBUG] [net.neoforged.fml.loading.moddiscovery.ModDiscoverer/]: Skipping C:\Users\Reece\.gradle\caches\modules-2\files-2.1\org.joml\joml\1.10.5\22566d58af70ad3d72308bab63b8339906deb649\joml-1.10.5.jar because it was already located earlier
[10Jun2026 13:33:29.171] [main/DEBUG] [net.neoforged.fml.loading.moddiscovery.ModDiscoverer/]: Skipping C:\Users\Reece\.gradle\caches\modules-2\files-2.1\org.lwjgl\lwjgl-freetype\3.3.3\a0db6c84a8becc8ca05f9dbfa985edc348a824c7\lwjgl-freetype-3.3.3.jar because it was already located earlier
[10Jun2026 13:33:29.180] [main/DEBUG] [net.neoforged.fml.loading.moddiscovery.ModDiscoverer/]: Skipping C:\Users\Reece\.gradle\caches\modules-2\files-2.1\org.lwjgl\lwjgl-freetype\3.3.3\15a8c1de7f51d07a92eae7ce1222557073a0c0c3\lwjgl-freetype-3.3.3-natives-windows-x86.jar because it was already located earlier
[10Jun2026 13:33:29.181] [main/DEBUG] [net.neoforged.fml.loading.moddiscovery.ModDiscoverer/]: Skipping C:\Users\Reece\.gradle\caches\modules-2\files-2.1\org.lwjgl\lwjgl-glfw\3.3.3\efa1eb78c5ccd840e9f329717109b5e892d72f8e\lwjgl-glfw-3.3.3.jar because it was already located earlier
[10Jun2026 13:33:29.190] [main/DEBUG] [net.neoforged.fml.loading.moddiscovery.ModDiscoverer/]: Skipping C:\Users\Reece\.gradle\caches\modules-2\files-2.1\org.lwjgl\lwjgl-glfw\3.3.3\32334f3fd5270a59bad9939a93115acb6de36dcf\lwjgl-glfw-3.3.3-natives-windows-x86.jar because it was already located earlier
[10Jun2026 13:33:29.191] [main/DEBUG] [net.neoforged.fml.loading.moddiscovery.ModDiscoverer/]: Skipping C:\Users\Reece\.gradle\caches\modules-2\files-2.1\org.lwjgl\lwjgl-jemalloc\3.3.3\b543467b7ff3c6920539a88ee602d34098628be5\lwjgl-jemalloc-3.3.3.jar because it was already located earlier
[10Jun2026 13:33:29.191] [main/DEBUG] [net.neoforged.fml.loading.moddiscovery.ModDiscoverer/]: Skipping C:\Users\Reece\.gradle\caches\modules-2\files-2.1\org.lwjgl\lwjgl-jemalloc\3.3.3\426222fc027602a5f21b9c0fe79cde6a4c7a011f\lwjgl-jemalloc-3.3.3-natives-windows.jar because it was already located earlier
[10Jun2026 13:33:29.201] [main/DEBUG] [net.neoforged.fml.loading.moddiscovery.ModDiscoverer/]: Skipping C:\Users\Reece\.gradle\caches\modules-2\files-2.1\org.lwjgl\lwjgl-openal\3.3.3\daada81ceb5fc0c291fbfdd4433cb8d9423577f2\lwjgl-openal-3.3.3.jar because it was already located earlier
[10Jun2026 13:33:29.211] [main/DEBUG] [net.neoforged.fml.loading.moddiscovery.ModDiscoverer/]: Skipping C:\Users\Reece\.gradle\caches\modules-2\files-2.1\org.lwjgl\lwjgl-openal\3.3.3\87b8d5050e3adb46bb58fe1cb2669a4a48fce10d\lwjgl-openal-3.3.3-natives-windows-x86.jar because it was already located earlier
[10Jun2026 13:33:29.211] [main/DEBUG] [net.neoforged.fml.loading.moddiscovery.ModDiscoverer/]: Skipping C:\Users\Reece\.gradle\caches\modules-2\files-2.1\org.lwjgl\lwjgl-opengl\3.3.3\2f6b0147078396a58979125a4c947664e98293a\lwjgl-opengl-3.3.3.jar because it was already located earlier
[10Jun2026 13:33:29.217] [main/DEBUG] [net.neoforged.fml.loading.moddiscovery.ModDiscoverer/]: Skipping C:\Users\Reece\.gradle\caches\modules-2\files-2.1\org.lwjgl\lwjgl-opengl\3.3.3\65e956d3735a1abdc82eff4baec1b61174697d4b\lwjgl-opengl-3.3.3-natives-windows-arm64.jar because it was already located earlier
[10Jun2026 13:33:29.222] [main/DEBUG] [net.neoforged.fml.loading.moddiscovery.ModDiscoverer/]: Skipping C:\Users\Reece\.gradle\caches\modules-2\files-2.1\org.lwjgl\lwjgl-stb\3.3.3\25dd6161988d7e65f71d5065c99902402ee32746\lwjgl-stb-3.3.3.jar because it was already located earlier
[10Jun2026 13:33:29.223] [main/DEBUG] [net.neoforged.fml.loading.moddiscovery.ModDiscoverer/]: Skipping C:\Users\Reece\.gradle\caches\modules-2\files-2.1\org.lwjgl\lwjgl-stb\3.3.3\1d9facdf6541de114b0f963be33505b7679c78cb\lwjgl-stb-3.3.3-natives-windows.jar because it was already located earlier
[10Jun2026 13:33:29.232] [main/DEBUG] [net.neoforged.fml.loading.moddiscovery.ModDiscoverer/]: Skipping C:\Users\Reece\.gradle\caches\modules-2\files-2.1\org.lwjgl\lwjgl-tinyfd\3.3.3\82d755ca94b102e9ca77283b9e2dc46d1b15fbe5\lwjgl-tinyfd-3.3.3.jar because it was already located earlier
[10Jun2026 13:33:29.232] [main/DEBUG] [net.neoforged.fml.loading.moddiscovery.ModDiscoverer/]: Skipping C:\Users\Reece\.gradle\caches\modules-2\files-2.1\org.lwjgl\lwjgl-tinyfd\3.3.3\a6697981b0449a5087c1d546fc08b4f73e8f98c9\lwjgl-tinyfd-3.3.3-natives-windows.jar because it was already located earlier
[10Jun2026 13:33:29.241] [main/DEBUG] [net.neoforged.fml.loading.moddiscovery.ModDiscoverer/]: Skipping C:\Users\Reece\.gradle\caches\modules-2\files-2.1\org.lwjgl\lwjgl\3.3.3\29589b5f87ed335a6c7e7ee6a5775f81f97ecb84\lwjgl-3.3.3.jar because it was already located earlier
[10Jun2026 13:33:29.251] [main/DEBUG] [net.neoforged.fml.loading.moddiscovery.ModDiscoverer/]: Skipping C:\Users\Reece\.gradle\caches\modules-2\files-2.1\org.lwjgl\lwjgl\3.3.3\9e670718e050aeaeea0c2d5b907cffb142f2e58f\lwjgl-3.3.3-natives-windows-x86.jar because it was already located earlier
[10Jun2026 13:33:29.251] [main/DEBUG] [net.neoforged.fml.loading.moddiscovery.ModDiscoverer/]: Skipping C:\Users\Reece\.gradle\caches\modules-2\files-2.1\org.lz4\lz4-java\1.8.0\4b986a99445e49ea5fbf5d149c4b63f6ed6c6780\lz4-java-1.8.0.jar because it was already located earlier
[10Jun2026 13:33:29.251] [main/DEBUG] [net.neoforged.fml.loading.moddiscovery.ModDiscoverer/]: Skipping C:\Users\Reece\.gradle\caches\modules-2\files-2.1\org.jline\jline-terminal\3.20.0\d0ddcc708ddf527a3454c941b7b9225cc83a15ff\jline-terminal-3.20.0.jar because it was already located earlier
[10Jun2026 13:33:29.251] [main/DEBUG] [net.neoforged.fml.loading.moddiscovery.ModDiscoverer/]: Skipping C:\Users\Reece\.gradle\caches\modules-2\files-2.1\com.google.guava\listenablefuture\9999.0-empty-to-avoid-conflict-with-guava\b421526c5f297295adef1c886e5246c39d4ac629\listenablefuture-9999.0-empty-to-avoid-conflict-with-guava.jar because it was already located earlier
[10Jun2026 13:33:29.251] [main/DEBUG] [net.neoforged.fml.loading.moddiscovery.ModDiscoverer/]: Skipping C:\Users\Reece\.gradle\caches\modules-2\files-2.1\com.google.code.findbugs\jsr305\3.0.2\25ea2e8b0c338a877313bd4672d3fe056ea78f0d\jsr305-3.0.2.jar because it was already located earlier
[10Jun2026 13:33:29.251] [main/DEBUG] [net.neoforged.fml.loading.moddiscovery.ModDiscoverer/]: Skipping C:\Users\Reece\.gradle\caches\modules-2\files-2.1\org.checkerframework\checker-qual\3.33.0\de2b60b62da487644fc11f734e73c8b0b431238f\checker-qual-3.33.0.jar because it was already located earlier
[10Jun2026 13:33:29.252] [main/DEBUG] [net.neoforged.fml.loading.moddiscovery.ModDiscoverer/]: Skipping C:\Users\Reece\.gradle\caches\modules-2\files-2.1\com.google.errorprone\error_prone_annotations\2.18.0\89b684257096f548fa39a7df9fdaa409d4d4df91\error_prone_annotations-2.18.0.jar because it was already located earlier
[10Jun2026 13:33:29.252] [main/DEBUG] [net.neoforged.fml.loading.moddiscovery.ModDiscoverer/]: Skipping C:\Users\Reece\.gradle\caches\modules-2\files-2.1\com.google.j2objc\j2objc-annotations\2.8\c85270e307e7b822f1086b93689124b89768e273\j2objc-annotations-2.8.jar because it was already located earlier
[10Jun2026 13:33:29.254] [main/DEBUG] [net.neoforged.fml.loading.UniqueModListBuilder/]: Found 2 mods for first modid neoforge, selecting most recent based on version data
[10Jun2026 13:33:29.254] [main/DEBUG] [net.neoforged.fml.loading.UniqueModListBuilder/]: Selected file neoforge-21.1.231.jar for modid neoforge with version 21.1.231
[10Jun2026 13:33:29.390] [main/INFO] [net.neoforged.fml.loading.moddiscovery.locators.JarInJarDependencyLocator/]: Found 4 dependencies adding them to mods collection
[10Jun2026 13:33:29.393] [main/INFO] [net.neoforged.fml.loading.moddiscovery.ModDiscoverer/]: 
     Mod List:
		Name Version (Mod Id)

		Forge Config API Port 21.1.4 (forgeconfigapiport)
		Minecraft 1.21.1 (minecraft)
		NeoForge 21.1.231 (neoforge)
		Pehkui 3.8.3+1.21-neoforge (pehkui)
		REPO PHYSICS 0.01 (repophys)
		Sable Companion 1.5.0 (sablecompanion)
		Veil 4.1.1 (veil)
[10Jun2026 13:33:29.394] [main/DEBUG] [net.neoforged.fml.loading.moddiscovery.ModFileInfo/LOADING]: Found valid mod file neoforge-21.1.231.jar with {minecraft} mods - versions {1.21.1}
[10Jun2026 13:33:29.397] [main/DEBUG] [net.neoforged.fml.loading.moddiscovery.ModFile/LOADING]: Loading mod file G:\Reece\REPOPHYSICS\REPOPHYSICS\build\moddev\artifacts\neoforge-21.1.231.jar with languages [LanguageSpec[languageName=minecraft, acceptedVersions=1]]
[10Jun2026 13:33:29.400] [main/DEBUG] [net.neoforged.fml.loading.moddiscovery.ModFileParser/LOADING]: Considering mod file candidate C:\Users\Reece\.gradle\caches\modules-2\files-2.1\curse.maven\forge-config-api-port-547434\6798216\6eb383b62e680deb6c6955552759b1be81a1973d\forge-config-api-port-547434-6798216.jar
[10Jun2026 13:33:29.402] [main/DEBUG] [net.neoforged.fml.loading.moddiscovery.ModFileInfo/LOADING]: Found valid mod file forge-config-api-port-547434-6798216.jar with {forgeconfigapiport} mods - versions {21.1.4}
[10Jun2026 13:33:29.402] [main/DEBUG] [net.neoforged.fml.loading.moddiscovery.ModFile/LOADING]: Loading mod file C:\Users\Reece\.gradle\caches\modules-2\files-2.1\curse.maven\forge-config-api-port-547434\6798216\6eb383b62e680deb6c6955552759b1be81a1973d\forge-config-api-port-547434-6798216.jar with languages [LanguageSpec[languageName=javafml, acceptedVersions=*]]
[10Jun2026 13:33:29.403] [main/DEBUG] [net.neoforged.fml.loading.moddiscovery.ModFile/LOADING]: Found mixin config MixinConfig[config=forgeconfigapiport.common.mixins.json, requiredMods=[]]
[10Jun2026 13:33:29.404] [main/DEBUG] [net.neoforged.fml.loading.moddiscovery.ModFile/LOADING]: Found mixin config MixinConfig[config=forgeconfigapiport.neoforge.mixins.json, requiredMods=[]]
[10Jun2026 13:33:29.404] [main/DEBUG] [net.neoforged.fml.loading.moddiscovery.ModFileParser/LOADING]: Considering mod file candidate C:\Users\Reece\.gradle\caches\modules-2\files-2.1\curse.maven\pehkui-319596\5446174\4ae35b04b0fca7b170417a12d6da6a693281574b\pehkui-319596-5446174.jar
[10Jun2026 13:33:29.405] [main/DEBUG] [net.neoforged.fml.loading.moddiscovery.ModFileInfo/LOADING]: Found valid mod file pehkui-319596-5446174.jar with {pehkui} mods - versions {3.8.3+1.21-neoforge}
[10Jun2026 13:33:29.406] [main/DEBUG] [net.neoforged.fml.loading.moddiscovery.ModFile/LOADING]: Loading mod file C:\Users\Reece\.gradle\caches\modules-2\files-2.1\curse.maven\pehkui-319596\5446174\4ae35b04b0fca7b170417a12d6da6a693281574b\pehkui-319596-5446174.jar with languages [LanguageSpec[languageName=javafml, acceptedVersions=[1,)]]
[10Jun2026 13:33:29.406] [main/DEBUG] [net.neoforged.fml.loading.moddiscovery.ModFile/LOADING]: Found mixin config MixinConfig[config=pehkui.mixins.json, requiredMods=[]]
[10Jun2026 13:33:29.406] [main/DEBUG] [net.neoforged.fml.loading.moddiscovery.ModFileParser/LOADING]: Considering mod file candidate C:\Users\Reece\.gradle\caches\modules-2\files-2.1\curse.maven\veil-lib-1517006\8110943\12e785ae5069c73a7876279866af0299d59f544f\veil-lib-1517006-8110943.jar
[10Jun2026 13:33:29.409] [main/DEBUG] [net.neoforged.fml.loading.moddiscovery.ModFileInfo/LOADING]: Found valid mod file veil-lib-1517006-8110943.jar with {veil} mods - versions {4.1.1}
[10Jun2026 13:33:29.409] [main/DEBUG] [net.neoforged.fml.loading.moddiscovery.ModFile/LOADING]: Loading mod file C:\Users\Reece\.gradle\caches\modules-2\files-2.1\curse.maven\veil-lib-1517006\8110943\12e785ae5069c73a7876279866af0299d59f544f\veil-lib-1517006-8110943.jar with languages [LanguageSpec[languageName=javafml, acceptedVersions=[4,)]]
[10Jun2026 13:33:29.410] [main/DEBUG] [net.neoforged.fml.loading.moddiscovery.ModFile/LOADING]: Found mixin config MixinConfig[config=veil.command.mixins.json, requiredMods=[]]
[10Jun2026 13:33:29.410] [main/DEBUG] [net.neoforged.fml.loading.moddiscovery.ModFile/LOADING]: Found mixin config MixinConfig[config=veil.debug.mixins.json, requiredMods=[]]
[10Jun2026 13:33:29.410] [main/DEBUG] [net.neoforged.fml.loading.moddiscovery.ModFile/LOADING]: Found mixin config MixinConfig[config=veil.dynamicbuffer.mixins.json, requiredMods=[]]
[10Jun2026 13:33:29.410] [main/DEBUG] [net.neoforged.fml.loading.moddiscovery.ModFile/LOADING]: Found mixin config MixinConfig[config=veil.fix.mixins.json, requiredMods=[]]
[10Jun2026 13:33:29.410] [main/DEBUG] [net.neoforged.fml.loading.moddiscovery.ModFile/LOADING]: Found mixin config MixinConfig[config=veil.framebuffer.mixins.json, requiredMods=[]]
[10Jun2026 13:33:29.410] [main/DEBUG] [net.neoforged.fml.loading.moddiscovery.ModFile/LOADING]: Found mixin config MixinConfig[config=veil.necromancer.mixins.json, requiredMods=[]]
[10Jun2026 13:33:29.410] [main/DEBUG] [net.neoforged.fml.loading.moddiscovery.ModFile/LOADING]: Found mixin config MixinConfig[config=veil.network.mixins.json, requiredMods=[]]
[10Jun2026 13:33:29.410] [main/DEBUG] [net.neoforged.fml.loading.moddiscovery.ModFile/LOADING]: Found mixin config MixinConfig[config=veil.performance.mixins.json, requiredMods=[]]
[10Jun2026 13:33:29.410] [main/DEBUG] [net.neoforged.fml.loading.moddiscovery.ModFile/LOADING]: Found mixin config MixinConfig[config=veil.perspective.mixins.json, requiredMods=[]]
[10Jun2026 13:33:29.411] [main/DEBUG] [net.neoforged.fml.loading.moddiscovery.ModFile/LOADING]: Found mixin config MixinConfig[config=veil.pipeline.mixins.json, requiredMods=[]]
[10Jun2026 13:33:29.411] [main/DEBUG] [net.neoforged.fml.loading.moddiscovery.ModFile/LOADING]: Found mixin config MixinConfig[config=veil.quasar.mixins.json, requiredMods=[]]
[10Jun2026 13:33:29.411] [main/DEBUG] [net.neoforged.fml.loading.moddiscovery.ModFile/LOADING]: Found mixin config MixinConfig[config=veil.registry.mixins.json, requiredMods=[]]
[10Jun2026 13:33:29.411] [main/DEBUG] [net.neoforged.fml.loading.moddiscovery.ModFile/LOADING]: Found mixin config MixinConfig[config=veil.rendertype.mixins.json, requiredMods=[]]
[10Jun2026 13:33:29.411] [main/DEBUG] [net.neoforged.fml.loading.moddiscovery.ModFile/LOADING]: Found mixin config MixinConfig[config=veil.resource.mixins.json, requiredMods=[]]
[10Jun2026 13:33:29.411] [main/DEBUG] [net.neoforged.fml.loading.moddiscovery.ModFile/LOADING]: Found mixin config MixinConfig[config=veil.scheduler.mixins.json, requiredMods=[]]
[10Jun2026 13:33:29.411] [main/DEBUG] [net.neoforged.fml.loading.moddiscovery.ModFile/LOADING]: Found mixin config MixinConfig[config=veil.shader.mixins.json, requiredMods=[]]
[10Jun2026 13:33:29.411] [main/DEBUG] [net.neoforged.fml.loading.moddiscovery.ModFile/LOADING]: Found mixin config MixinConfig[config=veil.neoforge.mixins.json, requiredMods=[]]
[10Jun2026 13:33:29.412] [main/DEBUG] [net.neoforged.fml.loading.moddiscovery.ModFileParser/LOADING]: Considering mod file candidate C:\Users\Reece\.gradle\caches\modules-2\files-2.1\dev.ryanhcode.sable-companion\sable-companion-common-1.21.1\1.5.0\64b26c71bbdce40f8a3ffe7c5d9d648c6a3ed59d\sable-companion-common-1.21.1-1.5.0.jar
[10Jun2026 13:33:29.414] [main/DEBUG] [net.neoforged.fml.loading.moddiscovery.ModFileInfo/LOADING]: Found valid mod file sable-companion-common-1.21.1-1.5.0.jar with {sablecompanion} mods - versions {1.5.0}
[10Jun2026 13:33:29.414] [main/DEBUG] [net.neoforged.fml.loading.moddiscovery.ModFile/LOADING]: Loading mod file C:\Users\Reece\.gradle\caches\modules-2\files-2.1\dev.ryanhcode.sable-companion\sable-companion-common-1.21.1\1.5.0\64b26c71bbdce40f8a3ffe7c5d9d648c6a3ed59d\sable-companion-common-1.21.1-1.5.0.jar with languages [LanguageSpec[languageName=javafml, acceptedVersions=[4,)]]
[10Jun2026 13:33:29.415] [main/DEBUG] [net.neoforged.fml.loading.moddiscovery.ModFileParser/LOADING]: Considering mod file candidate G:\Reece\REPOPHYSICS\REPOPHYSICS\build\moddev\artifacts\neoforge-21.1.231.jar
[10Jun2026 13:33:29.416] [main/DEBUG] [net.neoforged.fml.loading.moddiscovery.ModFileInfo/LOADING]: Found valid mod file neoforge-21.1.231.jar with {neoforge} mods - versions {21.1.231}
[10Jun2026 13:33:29.416] [main/DEBUG] [net.neoforged.fml.loading.moddiscovery.ModFile/LOADING]: Loading mod file G:\Reece\REPOPHYSICS\REPOPHYSICS\build\moddev\artifacts\neoforge-21.1.231.jar with languages [LanguageSpec[languageName=javafml, acceptedVersions=[3,]]]
[10Jun2026 13:33:29.416] [main/DEBUG] [net.neoforged.fml.loading.moddiscovery.ModFile/LOADING]: Found mixin config MixinConfig[config=neoforge.mixins.json, requiredMods=[]]
[10Jun2026 13:33:29.416] [main/DEBUG] [net.neoforged.fml.loading.moddiscovery.ModFileParser/LOADING]: Considering mod file candidate G:\Reece\REPOPHYSICS\REPOPHYSICS\build\classes\java\main
[10Jun2026 13:33:29.418] [main/DEBUG] [net.neoforged.fml.loading.moddiscovery.ModFileInfo/LOADING]: Found valid mod file main with {repophys} mods - versions {0.01}
[10Jun2026 13:33:29.419] [main/DEBUG] [net.neoforged.fml.loading.moddiscovery.ModFile/LOADING]: Loading mod file G:\Reece\REPOPHYSICS\REPOPHYSICS\build\classes\java\main with languages [LanguageSpec[languageName=javafml, acceptedVersions=[4,)]]
[10Jun2026 13:33:29.419] [main/DEBUG] [net.neoforged.fml.loading.moddiscovery.ModFile/LOADING]: Loading mod file  with languages []
[10Jun2026 13:33:29.420] [main/DEBUG] [cpw.mods.modlauncher.TransformationServiceDecorator/MODLAUNCHER]: End scan trigger - transformation service fml
[10Jun2026 13:33:29.436] [main/DEBUG] [net.neoforged.fml.util.ServiceLoaderUtil/CORE]: Found 3 implementations of IModLanguageLoader:
[10Jun2026 13:33:29.436] [main/DEBUG] [net.neoforged.fml.util.ServiceLoaderUtil/CORE]: 	net.neoforged.fml.javafmlmod.FMLJavaModLanguageProvider from loader-4.0.42.jar
[10Jun2026 13:33:29.437] [main/DEBUG] [net.neoforged.fml.util.ServiceLoaderUtil/CORE]: 	net.neoforged.fml.lowcodemod.LowCodeModLanguageProvider from loader-4.0.42.jar
[10Jun2026 13:33:29.437] [main/DEBUG] [net.neoforged.fml.util.ServiceLoaderUtil/CORE]: 	net.neoforged.fml.mclanguageprovider.MinecraftModLanguageProvider from loader-4.0.42.jar
[10Jun2026 13:33:29.438] [main/DEBUG] [net.neoforged.fml.loading.LanguageProviderLoader/CORE]: Found language provider javafml, version 4.0.42
[10Jun2026 13:33:29.438] [main/DEBUG] [net.neoforged.fml.loading.LanguageProviderLoader/CORE]: Found language provider lowcodefml, version 4.0.42
[10Jun2026 13:33:29.439] [main/DEBUG] [net.neoforged.fml.loading.LanguageProviderLoader/CORE]: Found language provider minecraft, version 4.0.42
[10Jun2026 13:33:29.444] [main/DEBUG] [net.neoforged.fml.loading.ModSorter/]: Configured system mods: [minecraft, neoforge]
[10Jun2026 13:33:29.444] [main/DEBUG] [net.neoforged.fml.loading.ModSorter/]: Found system mod: minecraft
[10Jun2026 13:33:29.444] [main/DEBUG] [net.neoforged.fml.loading.ModSorter/]: Found system mod: neoforge
[10Jun2026 13:33:29.448] [main/DEBUG] [net.neoforged.fml.loading.ModSorter/LOADING]: Found 11 mod requirements (8 mandatory, 3 optional)
[10Jun2026 13:33:29.449] [main/DEBUG] [net.neoforged.fml.loading.ModSorter/LOADING]: Found 0 mod requirements missing (0 mandatory, 0 optional)
[10Jun2026 13:33:29.607] [main/DEBUG] [mixin/]: Adding mixin platform agents for container net.neoforged.fml.loading.mixin.FMLMixinContainerHandle@6d303498
[10Jun2026 13:33:29.607] [main/DEBUG] [mixin/]: Instancing new MixinPlatformAgentMinecraftForge for net.neoforged.fml.loading.mixin.FMLMixinContainerHandle@6d303498
[10Jun2026 13:33:29.607] [main/DEBUG] [mixin/]: MixinPlatformAgentMinecraftForge rejected container net.neoforged.fml.loading.mixin.FMLMixinContainerHandle@6d303498
[10Jun2026 13:33:29.607] [main/DEBUG] [mixin/]: Instancing new MixinPlatformAgentDefault for net.neoforged.fml.loading.mixin.FMLMixinContainerHandle@6d303498
[10Jun2026 13:33:29.607] [main/DEBUG] [mixin/]: MixinPlatformAgentDefault accepted container net.neoforged.fml.loading.mixin.FMLMixinContainerHandle@6d303498
[10Jun2026 13:33:29.608] [main/DEBUG] [mixin/]: Instancing new FMLMixinPlatformAgent for net.neoforged.fml.loading.mixin.FMLMixinContainerHandle@6d303498
[10Jun2026 13:33:29.608] [main/DEBUG] [mixin/]: FMLMixinPlatformAgent accepted container net.neoforged.fml.loading.mixin.FMLMixinContainerHandle@6d303498
[10Jun2026 13:33:29.618] [main/DEBUG] [cpw.mods.modlauncher.TransformationServicesHandler/MODLAUNCHER]: Transformation services loading transformers
[10Jun2026 13:33:29.619] [main/DEBUG] [cpw.mods.modlauncher.TransformationServiceDecorator/MODLAUNCHER]: Initializing transformers for transformation service mixin
[10Jun2026 13:33:29.620] [main/DEBUG] [cpw.mods.modlauncher.TransformationServiceDecorator/MODLAUNCHER]: Initialized transformers for transformation service mixin
[10Jun2026 13:33:29.620] [main/DEBUG] [cpw.mods.modlauncher.TransformationServiceDecorator/MODLAUNCHER]: Initializing transformers for transformation service fml
[10Jun2026 13:33:29.620] [main/DEBUG] [net.neoforged.fml.loading.FMLServiceProvider/LOADING]: Loading coremod transformers
[10Jun2026 13:33:29.621] [main/DEBUG] [net.neoforged.fml.loading.FMLServiceProvider/CORE]: Not loading coremod script-engine since no mod requested it
[10Jun2026 13:33:29.622] [main/DEBUG] [net.neoforged.fml.util.ServiceLoaderUtil/CORE]: Found 1 implementations of ICoreMod:
[10Jun2026 13:33:29.622] [main/DEBUG] [net.neoforged.fml.util.ServiceLoaderUtil/CORE]: 	net.neoforged.neoforge.coremods.NeoForgeCoreMod from neoforge-21.1.231.jar > net.neoforged.neoforge-coremods-21.1.231.jar
[10Jun2026 13:33:29.629] [main/DEBUG] [net.neoforged.fml.loading.FMLServiceProvider/CORE]: Adding [Target[className=net.minecraft.world.level.biome.Biome, elementName=, elementDescriptor=, targetType=cpw.mods.modlauncher.api.TargetType@21ec5d87]] transformer from core-mod net.neoforged.neoforge.coremods.NeoForgeCoreMod@3e104d4b in neoforge-21.1.231.jar > net.neoforged.neoforge-coremods-21.1.231.jar
[10Jun2026 13:33:29.629] [main/DEBUG] [net.neoforged.fml.loading.FMLServiceProvider/CORE]: Adding [Target[className=net.minecraft.world.level.levelgen.structure.Structure, elementName=, elementDescriptor=, targetType=cpw.mods.modlauncher.api.TargetType@21ec5d87]] transformer from core-mod net.neoforged.neoforge.coremods.NeoForgeCoreMod@3e104d4b in neoforge-21.1.231.jar > net.neoforged.neoforge-coremods-21.1.231.jar
[10Jun2026 13:33:29.630] [main/DEBUG] [net.neoforged.fml.loading.FMLServiceProvider/CORE]: Adding [Target[className=net.minecraft.world.level.block.FlowerPotBlock, elementName=, elementDescriptor=, targetType=cpw.mods.modlauncher.api.TargetType@21ec5d87]] transformer from core-mod net.neoforged.neoforge.coremods.NeoForgeCoreMod@3e104d4b in neoforge-21.1.231.jar > net.neoforged.neoforge-coremods-21.1.231.jar
[10Jun2026 13:33:29.630] [main/DEBUG] [net.neoforged.fml.loading.FMLServiceProvider/CORE]: Adding [Target[className=net/minecraft/world/level/NaturalSpawner, elementName=, elementDescriptor=, targetType=cpw.mods.modlauncher.api.TargetType@21ec5d87], Target[className=net/minecraft/world/entity/npc/CatSpawner, elementName=, elementDescriptor=, targetType=cpw.mods.modlauncher.api.TargetType@21ec5d87], Target[className=net/minecraft/world/level/levelgen/PhantomSpawner, elementName=, elementDescriptor=, targetType=cpw.mods.modlauncher.api.TargetType@21ec5d87], Target[className=net/minecraft/server/commands/SummonCommand, elementName=, elementDescriptor=, targetType=cpw.mods.modlauncher.api.TargetType@21ec5d87], Target[className=net/minecraft/world/level/levelgen/structure/structures/WoodlandMansionPieces$WoodlandMansionPiece, elementName=, elementDescriptor=, targetType=cpw.mods.modlauncher.api.TargetType@21ec5d87], Target[className=net/minecraft/world/level/levelgen/PatrolSpawner, elementName=, elementDescriptor=, targetType=cpw.mods.modlauncher.api.TargetType@21ec5d87], Target[className=net/minecraft/server/commands/RaidCommand, elementName=, elementDescriptor=, targetType=cpw.mods.modlauncher.api.TargetType@21ec5d87], Target[className=net/minecraft/world/entity/EntityType, elementName=, elementDescriptor=, targetType=cpw.mods.modlauncher.api.TargetType@21ec5d87], Target[className=net/minecraft/world/level/levelgen/structure/structures/OceanRuinPieces$OceanRuinPiece, elementName=, elementDescriptor=, targetType=cpw.mods.modlauncher.api.TargetType@21ec5d87], Target[className=net/minecraft/world/level/levelgen/structure/templatesystem/StructureTemplate, elementName=, elementDescriptor=, targetType=cpw.mods.modlauncher.api.TargetType@21ec5d87], Target[className=net/minecraft/world/entity/monster/Strider, elementName=, elementDescriptor=, targetType=cpw.mods.modlauncher.api.TargetType@21ec5d87], Target[className=net/minecraft/world/entity/ai/village/VillageSiege, elementName=, elementDescriptor=, targetType=cpw.mods.modlauncher.api.TargetType@21ec5d87], Target[className=net/minecraft/world/entity/monster/Evoker$EvokerSummonSpellGoal, elementName=, elementDescriptor=, targetType=cpw.mods.modlauncher.api.TargetType@21ec5d87], Target[className=net/minecraft/world/entity/animal/frog/Tadpole, elementName=, elementDescriptor=, targetType=cpw.mods.modlauncher.api.TargetType@21ec5d87], Target[className=net/minecraft/world/level/levelgen/structure/structures/SwampHutPiece, elementName=, elementDescriptor=, targetType=cpw.mods.modlauncher.api.TargetType@21ec5d87], Target[className=net/minecraft/world/entity/animal/horse/SkeletonTrapGoal, elementName=, elementDescriptor=, targetType=cpw.mods.modlauncher.api.TargetType@21ec5d87], Target[className=net/minecraft/world/entity/raid/Raid, elementName=, elementDescriptor=, targetType=cpw.mods.modlauncher.api.TargetType@21ec5d87], Target[className=net/minecraft/world/entity/npc/Villager, elementName=, elementDescriptor=, targetType=cpw.mods.modlauncher.api.TargetType@21ec5d87], Target[className=net/minecraft/world/entity/monster/Spider, elementName=, elementDescriptor=, targetType=cpw.mods.modlauncher.api.TargetType@21ec5d87], Target[className=net/minecraft/world/entity/monster/Zombie, elementName=, elementDescriptor=, targetType=cpw.mods.modlauncher.api.TargetType@21ec5d87], Target[className=net/minecraft/world/level/levelgen/structure/structures/OceanMonumentPieces$OceanMonumentPiece, elementName=, elementDescriptor=, targetType=cpw.mods.modlauncher.api.TargetType@21ec5d87], Target[className=net/minecraft/world/entity/monster/ZombieVillager, elementName=, elementDescriptor=, targetType=cpw.mods.modlauncher.api.TargetType@21ec5d87]] transformer from core-mod net.neoforged.neoforge.coremods.NeoForgeCoreMod@3e104d4b in neoforge-21.1.231.jar > net.neoforged.neoforge-coremods-21.1.231.jar
[10Jun2026 13:33:29.635] [main/DEBUG] [cpw.mods.modlauncher.TransformStore/MODLAUNCHER]: Adding transformer net.neoforged.neoforge.coremods.ReplaceFieldWithGetterAccess@4743a322 to Target : cpw.mods.modlauncher.api.TargetType@21ec5d87 {Lnet/minecraft/world/level/biome/Biome;} {} {V}
[10Jun2026 13:33:29.636] [main/DEBUG] [cpw.mods.modlauncher.TransformStore/MODLAUNCHER]: Adding transformer net.neoforged.neoforge.coremods.ReplaceFieldWithGetterAccess@329a1f8d to Target : cpw.mods.modlauncher.api.TargetType@21ec5d87 {Lnet/minecraft/world/level/levelgen/structure/Structure;} {} {V}
[10Jun2026 13:33:29.636] [main/DEBUG] [cpw.mods.modlauncher.TransformStore/MODLAUNCHER]: Adding transformer net.neoforged.neoforge.coremods.ReplaceFieldWithGetterAccess@a565cbd to Target : cpw.mods.modlauncher.api.TargetType@21ec5d87 {Lnet/minecraft/world/level/block/FlowerPotBlock;} {} {V}
[10Jun2026 13:33:29.637] [main/DEBUG] [cpw.mods.modlauncher.TransformStore/MODLAUNCHER]: Adding transformer net.neoforged.neoforge.coremods.MethodRedirector@6fc29daa to Target : cpw.mods.modlauncher.api.TargetType@21ec5d87 {Lnet/minecraft/world/level/NaturalSpawner;} {} {V}
[10Jun2026 13:33:29.637] [main/DEBUG] [cpw.mods.modlauncher.TransformStore/MODLAUNCHER]: Adding transformer net.neoforged.neoforge.coremods.MethodRedirector@6fc29daa to Target : cpw.mods.modlauncher.api.TargetType@21ec5d87 {Lnet/minecraft/world/entity/npc/CatSpawner;} {} {V}
[10Jun2026 13:33:29.637] [main/DEBUG] [cpw.mods.modlauncher.TransformStore/MODLAUNCHER]: Adding transformer net.neoforged.neoforge.coremods.MethodRedirector@6fc29daa to Target : cpw.mods.modlauncher.api.TargetType@21ec5d87 {Lnet/minecraft/world/level/levelgen/PhantomSpawner;} {} {V}
[10Jun2026 13:33:29.637] [main/DEBUG] [cpw.mods.modlauncher.TransformStore/MODLAUNCHER]: Adding transformer net.neoforged.neoforge.coremods.MethodRedirector@6fc29daa to Target : cpw.mods.modlauncher.api.TargetType@21ec5d87 {Lnet/minecraft/server/commands/SummonCommand;} {} {V}
[10Jun2026 13:33:29.637] [main/DEBUG] [cpw.mods.modlauncher.TransformStore/MODLAUNCHER]: Adding transformer net.neoforged.neoforge.coremods.MethodRedirector@6fc29daa to Target : cpw.mods.modlauncher.api.TargetType@21ec5d87 {Lnet/minecraft/world/level/levelgen/structure/structures/WoodlandMansionPieces$WoodlandMansionPiece;} {} {V}
[10Jun2026 13:33:29.638] [main/DEBUG] [cpw.mods.modlauncher.TransformStore/MODLAUNCHER]: Adding transformer net.neoforged.neoforge.coremods.MethodRedirector@6fc29daa to Target : cpw.mods.modlauncher.api.TargetType@21ec5d87 {Lnet/minecraft/world/level/levelgen/PatrolSpawner;} {} {V}
[10Jun2026 13:33:29.638] [main/DEBUG] [cpw.mods.modlauncher.TransformStore/MODLAUNCHER]: Adding transformer net.neoforged.neoforge.coremods.MethodRedirector@6fc29daa to Target : cpw.mods.modlauncher.api.TargetType@21ec5d87 {Lnet/minecraft/server/commands/RaidCommand;} {} {V}
[10Jun2026 13:33:29.638] [main/DEBUG] [cpw.mods.modlauncher.TransformStore/MODLAUNCHER]: Adding transformer net.neoforged.neoforge.coremods.MethodRedirector@6fc29daa to Target : cpw.mods.modlauncher.api.TargetType@21ec5d87 {Lnet/minecraft/world/entity/EntityType;} {} {V}
[10Jun2026 13:33:29.638] [main/DEBUG] [cpw.mods.modlauncher.TransformStore/MODLAUNCHER]: Adding transformer net.neoforged.neoforge.coremods.MethodRedirector@6fc29daa to Target : cpw.mods.modlauncher.api.TargetType@21ec5d87 {Lnet/minecraft/world/level/levelgen/structure/structures/OceanRuinPieces$OceanRuinPiece;} {} {V}
[10Jun2026 13:33:29.638] [main/DEBUG] [cpw.mods.modlauncher.TransformStore/MODLAUNCHER]: Adding transformer net.neoforged.neoforge.coremods.MethodRedirector@6fc29daa to Target : cpw.mods.modlauncher.api.TargetType@21ec5d87 {Lnet/minecraft/world/level/levelgen/structure/templatesystem/StructureTemplate;} {} {V}
[10Jun2026 13:33:29.639] [main/DEBUG] [cpw.mods.modlauncher.TransformStore/MODLAUNCHER]: Adding transformer net.neoforged.neoforge.coremods.MethodRedirector@6fc29daa to Target : cpw.mods.modlauncher.api.TargetType@21ec5d87 {Lnet/minecraft/world/entity/monster/Strider;} {} {V}
[10Jun2026 13:33:29.639] [main/DEBUG] [cpw.mods.modlauncher.TransformStore/MODLAUNCHER]: Adding transformer net.neoforged.neoforge.coremods.MethodRedirector@6fc29daa to Target : cpw.mods.modlauncher.api.TargetType@21ec5d87 {Lnet/minecraft/world/entity/ai/village/VillageSiege;} {} {V}
[10Jun2026 13:33:29.639] [main/DEBUG] [cpw.mods.modlauncher.TransformStore/MODLAUNCHER]: Adding transformer net.neoforged.neoforge.coremods.MethodRedirector@6fc29daa to Target : cpw.mods.modlauncher.api.TargetType@21ec5d87 {Lnet/minecraft/world/entity/monster/Evoker$EvokerSummonSpellGoal;} {} {V}
[10Jun2026 13:33:29.639] [main/DEBUG] [cpw.mods.modlauncher.TransformStore/MODLAUNCHER]: Adding transformer net.neoforged.neoforge.coremods.MethodRedirector@6fc29daa to Target : cpw.mods.modlauncher.api.TargetType@21ec5d87 {Lnet/minecraft/world/entity/animal/frog/Tadpole;} {} {V}
[10Jun2026 13:33:29.639] [main/DEBUG] [cpw.mods.modlauncher.TransformStore/MODLAUNCHER]: Adding transformer net.neoforged.neoforge.coremods.MethodRedirector@6fc29daa to Target : cpw.mods.modlauncher.api.TargetType@21ec5d87 {Lnet/minecraft/world/level/levelgen/structure/structures/SwampHutPiece;} {} {V}
[10Jun2026 13:33:29.640] [main/DEBUG] [cpw.mods.modlauncher.TransformStore/MODLAUNCHER]: Adding transformer net.neoforged.neoforge.coremods.MethodRedirector@6fc29daa to Target : cpw.mods.modlauncher.api.TargetType@21ec5d87 {Lnet/minecraft/world/entity/animal/horse/SkeletonTrapGoal;} {} {V}
[10Jun2026 13:33:29.640] [main/DEBUG] [cpw.mods.modlauncher.TransformStore/MODLAUNCHER]: Adding transformer net.neoforged.neoforge.coremods.MethodRedirector@6fc29daa to Target : cpw.mods.modlauncher.api.TargetType@21ec5d87 {Lnet/minecraft/world/entity/raid/Raid;} {} {V}
[10Jun2026 13:33:29.640] [main/DEBUG] [cpw.mods.modlauncher.TransformStore/MODLAUNCHER]: Adding transformer net.neoforged.neoforge.coremods.MethodRedirector@6fc29daa to Target : cpw.mods.modlauncher.api.TargetType@21ec5d87 {Lnet/minecraft/world/entity/npc/Villager;} {} {V}
[10Jun2026 13:33:29.640] [main/DEBUG] [cpw.mods.modlauncher.TransformStore/MODLAUNCHER]: Adding transformer net.neoforged.neoforge.coremods.MethodRedirector@6fc29daa to Target : cpw.mods.modlauncher.api.TargetType@21ec5d87 {Lnet/minecraft/world/entity/monster/Spider;} {} {V}
[10Jun2026 13:33:29.640] [main/DEBUG] [cpw.mods.modlauncher.TransformStore/MODLAUNCHER]: Adding transformer net.neoforged.neoforge.coremods.MethodRedirector@6fc29daa to Target : cpw.mods.modlauncher.api.TargetType@21ec5d87 {Lnet/minecraft/world/entity/monster/Zombie;} {} {V}
[10Jun2026 13:33:29.641] [main/DEBUG] [cpw.mods.modlauncher.TransformStore/MODLAUNCHER]: Adding transformer net.neoforged.neoforge.coremods.MethodRedirector@6fc29daa to Target : cpw.mods.modlauncher.api.TargetType@21ec5d87 {Lnet/minecraft/world/level/levelgen/structure/structures/OceanMonumentPieces$OceanMonumentPiece;} {} {V}
[10Jun2026 13:33:29.641] [main/DEBUG] [cpw.mods.modlauncher.TransformStore/MODLAUNCHER]: Adding transformer net.neoforged.neoforge.coremods.MethodRedirector@6fc29daa to Target : cpw.mods.modlauncher.api.TargetType@21ec5d87 {Lnet/minecraft/world/entity/monster/ZombieVillager;} {} {V}
[10Jun2026 13:33:29.641] [main/DEBUG] [cpw.mods.modlauncher.TransformationServiceDecorator/MODLAUNCHER]: Initialized transformers for transformation service fml
[10Jun2026 13:33:30.333] [main/DEBUG] [mixin/]: Processing prepare() for PlatformAgent[MixinPlatformAgentDefault:ModLauncher Root Container(ModLauncher:4f56a0a2)]
[10Jun2026 13:33:30.333] [main/DEBUG] [mixin/]: Processing prepare() for PlatformAgent[MixinPlatformAgentDefault:net.neoforged.fml.loading.mixin.FMLMixinContainerHandle@6d303498]
[10Jun2026 13:33:30.333] [main/DEBUG] [mixin/]: Processing prepare() for PlatformAgent[FMLMixinPlatformAgent:null]
[10Jun2026 13:33:30.375] [main/DEBUG] [mixin/]: Compatibility level JAVA_17 specified by pehkui.mixins.json is higher than the maximum level supported by this version of mixin (JAVA_13).
[10Jun2026 13:33:30.379] [main/INFO] [mixin/]: Compatibility level set to JAVA_17
[10Jun2026 13:33:30.383] [main/DEBUG] [mixin/]: Compatibility level JAVA_21 specified by veil.command.mixins.json is higher than the maximum level supported by this version of mixin (JAVA_13).
[10Jun2026 13:33:30.383] [main/INFO] [mixin/]: Compatibility level set to JAVA_21
[10Jun2026 13:33:30.397] [main/DEBUG] [mixin/]: Processing launch tasks for PlatformAgent[MixinPlatformAgentDefault:ModLauncher Root Container(ModLauncher:4f56a0a2)]
[10Jun2026 13:33:30.397] [main/DEBUG] [mixin/]: Adding mixin platform agents for container SecureJarResource(mixin_synthetic)
[10Jun2026 13:33:30.397] [main/DEBUG] [mixin/]: Instancing new MixinPlatformAgentMinecraftForge for SecureJarResource(mixin_synthetic)
[10Jun2026 13:33:30.397] [main/DEBUG] [mixin/]: MixinPlatformAgentMinecraftForge rejected container SecureJarResource(mixin_synthetic)
[10Jun2026 13:33:30.397] [main/DEBUG] [mixin/]: Instancing new MixinPlatformAgentDefault for SecureJarResource(mixin_synthetic)
[10Jun2026 13:33:30.397] [main/DEBUG] [mixin/]: MixinPlatformAgentDefault accepted container SecureJarResource(mixin_synthetic)
[10Jun2026 13:33:30.398] [main/DEBUG] [mixin/]: Instancing new FMLMixinPlatformAgent for SecureJarResource(mixin_synthetic)
[10Jun2026 13:33:30.398] [main/DEBUG] [mixin/]: FMLMixinPlatformAgent rejected container SecureJarResource(mixin_synthetic)
[10Jun2026 13:33:30.398] [main/DEBUG] [mixin/]: Processing prepare() for PlatformAgent[MixinPlatformAgentDefault:SecureJarResource(mixin_synthetic)]
[10Jun2026 13:33:30.398] [main/DEBUG] [mixin/]: Adding mixin platform agents for container SecureJarResource(minecraft)
[10Jun2026 13:33:30.398] [main/DEBUG] [mixin/]: Instancing new MixinPlatformAgentMinecraftForge for SecureJarResource(minecraft)
[10Jun2026 13:33:30.398] [main/DEBUG] [mixin/]: MixinPlatformAgentMinecraftForge rejected container SecureJarResource(minecraft)
[10Jun2026 13:33:30.398] [main/DEBUG] [mixin/]: Instancing new MixinPlatformAgentDefault for SecureJarResource(minecraft)
[10Jun2026 13:33:30.398] [main/DEBUG] [mixin/]: MixinPlatformAgentDefault accepted container SecureJarResource(minecraft)
[10Jun2026 13:33:30.398] [main/DEBUG] [mixin/]: Instancing new FMLMixinPlatformAgent for SecureJarResource(minecraft)
[10Jun2026 13:33:30.399] [main/DEBUG] [mixin/]: FMLMixinPlatformAgent rejected container SecureJarResource(minecraft)
[10Jun2026 13:33:30.399] [main/DEBUG] [mixin/]: Processing prepare() for PlatformAgent[MixinPlatformAgentDefault:SecureJarResource(minecraft)]
[10Jun2026 13:33:30.399] [main/DEBUG] [mixin/]: Adding mixin platform agents for container SecureJarResource(pehkui)
[10Jun2026 13:33:30.399] [main/DEBUG] [mixin/]: Instancing new MixinPlatformAgentMinecraftForge for SecureJarResource(pehkui)
[10Jun2026 13:33:30.399] [main/DEBUG] [mixin/]: MixinPlatformAgentMinecraftForge rejected container SecureJarResource(pehkui)
[10Jun2026 13:33:30.399] [main/DEBUG] [mixin/]: Instancing new MixinPlatformAgentDefault for SecureJarResource(pehkui)
[10Jun2026 13:33:30.399] [main/DEBUG] [mixin/]: MixinPlatformAgentDefault accepted container SecureJarResource(pehkui)
[10Jun2026 13:33:30.399] [main/DEBUG] [mixin/]: Instancing new FMLMixinPlatformAgent for SecureJarResource(pehkui)
[10Jun2026 13:33:30.399] [main/DEBUG] [mixin/]: FMLMixinPlatformAgent rejected container SecureJarResource(pehkui)
[10Jun2026 13:33:30.400] [main/DEBUG] [mixin/]: Processing prepare() for PlatformAgent[MixinPlatformAgentDefault:SecureJarResource(pehkui)]
[10Jun2026 13:33:30.400] [main/DEBUG] [mixin/]: Adding mixin platform agents for container SecureJarResource(forgeconfigapiport)
[10Jun2026 13:33:30.400] [main/DEBUG] [mixin/]: Instancing new MixinPlatformAgentMinecraftForge for SecureJarResource(forgeconfigapiport)
[10Jun2026 13:33:30.400] [main/DEBUG] [mixin/]: MixinPlatformAgentMinecraftForge rejected container SecureJarResource(forgeconfigapiport)
[10Jun2026 13:33:30.400] [main/DEBUG] [mixin/]: Instancing new MixinPlatformAgentDefault for SecureJarResource(forgeconfigapiport)
[10Jun2026 13:33:30.400] [main/DEBUG] [mixin/]: MixinPlatformAgentDefault accepted container SecureJarResource(forgeconfigapiport)
[10Jun2026 13:33:30.400] [main/DEBUG] [mixin/]: Instancing new FMLMixinPlatformAgent for SecureJarResource(forgeconfigapiport)
[10Jun2026 13:33:30.400] [main/DEBUG] [mixin/]: FMLMixinPlatformAgent rejected container SecureJarResource(forgeconfigapiport)
[10Jun2026 13:33:30.400] [main/DEBUG] [mixin/]: Processing prepare() for PlatformAgent[MixinPlatformAgentDefault:SecureJarResource(forgeconfigapiport)]
[10Jun2026 13:33:30.401] [main/DEBUG] [mixin/]: Adding mixin platform agents for container SecureJarResource(veil)
[10Jun2026 13:33:30.401] [main/DEBUG] [mixin/]: Instancing new MixinPlatformAgentMinecraftForge for SecureJarResource(veil)
[10Jun2026 13:33:30.401] [main/DEBUG] [mixin/]: MixinPlatformAgentMinecraftForge rejected container SecureJarResource(veil)
[10Jun2026 13:33:30.401] [main/DEBUG] [mixin/]: Instancing new MixinPlatformAgentDefault for SecureJarResource(veil)
[10Jun2026 13:33:30.401] [main/DEBUG] [mixin/]: MixinPlatformAgentDefault accepted container SecureJarResource(veil)
[10Jun2026 13:33:30.401] [main/DEBUG] [mixin/]: Instancing new FMLMixinPlatformAgent for SecureJarResource(veil)
[10Jun2026 13:33:30.401] [main/DEBUG] [mixin/]: FMLMixinPlatformAgent rejected container SecureJarResource(veil)
[10Jun2026 13:33:30.401] [main/DEBUG] [mixin/]: Processing prepare() for PlatformAgent[MixinPlatformAgentDefault:SecureJarResource(veil)]
[10Jun2026 13:33:30.401] [main/DEBUG] [mixin/]: Adding mixin platform agents for container SecureJarResource(sablecompanion)
[10Jun2026 13:33:30.401] [main/DEBUG] [mixin/]: Instancing new MixinPlatformAgentMinecraftForge for SecureJarResource(sablecompanion)
[10Jun2026 13:33:30.402] [main/DEBUG] [mixin/]: MixinPlatformAgentMinecraftForge rejected container SecureJarResource(sablecompanion)
[10Jun2026 13:33:30.402] [main/DEBUG] [mixin/]: Instancing new MixinPlatformAgentDefault for SecureJarResource(sablecompanion)
[10Jun2026 13:33:30.402] [main/DEBUG] [mixin/]: MixinPlatformAgentDefault accepted container SecureJarResource(sablecompanion)
[10Jun2026 13:33:30.402] [main/DEBUG] [mixin/]: Instancing new FMLMixinPlatformAgent for SecureJarResource(sablecompanion)
[10Jun2026 13:33:30.402] [main/DEBUG] [mixin/]: FMLMixinPlatformAgent rejected container SecureJarResource(sablecompanion)
[10Jun2026 13:33:30.402] [main/DEBUG] [mixin/]: Processing prepare() for PlatformAgent[MixinPlatformAgentDefault:SecureJarResource(sablecompanion)]
[10Jun2026 13:33:30.402] [main/DEBUG] [mixin/]: Adding mixin platform agents for container SecureJarResource(repophys)
[10Jun2026 13:33:30.402] [main/DEBUG] [mixin/]: Instancing new MixinPlatformAgentMinecraftForge for SecureJarResource(repophys)
[10Jun2026 13:33:30.402] [main/DEBUG] [mixin/]: MixinPlatformAgentMinecraftForge rejected container SecureJarResource(repophys)
[10Jun2026 13:33:30.403] [main/DEBUG] [mixin/]: Instancing new MixinPlatformAgentDefault for SecureJarResource(repophys)
[10Jun2026 13:33:30.403] [main/DEBUG] [mixin/]: MixinPlatformAgentDefault accepted container SecureJarResource(repophys)
[10Jun2026 13:33:30.403] [main/DEBUG] [mixin/]: Instancing new FMLMixinPlatformAgent for SecureJarResource(repophys)
[10Jun2026 13:33:30.403] [main/DEBUG] [mixin/]: FMLMixinPlatformAgent rejected container SecureJarResource(repophys)
[10Jun2026 13:33:30.403] [main/DEBUG] [mixin/]: Processing prepare() for PlatformAgent[MixinPlatformAgentDefault:SecureJarResource(repophys)]
[10Jun2026 13:33:30.403] [main/DEBUG] [mixin/]: Adding mixin platform agents for container SecureJarResource(mixinextras.neoforge)
[10Jun2026 13:33:30.403] [main/DEBUG] [mixin/]: Instancing new MixinPlatformAgentMinecraftForge for SecureJarResource(mixinextras.neoforge)
[10Jun2026 13:33:30.403] [main/DEBUG] [mixin/]: MixinPlatformAgentMinecraftForge rejected container SecureJarResource(mixinextras.neoforge)
[10Jun2026 13:33:30.404] [main/DEBUG] [mixin/]: Instancing new MixinPlatformAgentDefault for SecureJarResource(mixinextras.neoforge)
[10Jun2026 13:33:30.404] [main/DEBUG] [mixin/]: MixinPlatformAgentDefault accepted container SecureJarResource(mixinextras.neoforge)
[10Jun2026 13:33:30.404] [main/DEBUG] [mixin/]: Instancing new FMLMixinPlatformAgent for SecureJarResource(mixinextras.neoforge)
[10Jun2026 13:33:30.404] [main/DEBUG] [mixin/]: FMLMixinPlatformAgent rejected container SecureJarResource(mixinextras.neoforge)
[10Jun2026 13:33:30.404] [main/DEBUG] [mixin/]: Processing prepare() for PlatformAgent[MixinPlatformAgentDefault:SecureJarResource(mixinextras.neoforge)]
[10Jun2026 13:33:30.404] [main/DEBUG] [mixin/]: Registering mixin config: mixinextras.init.mixins.json source=SecureJarResource(mixinextras.neoforge)
[10Jun2026 13:33:30.405] [main/DEBUG] [mixin/]: inject() running with 10 agents
[10Jun2026 13:33:30.406] [main/DEBUG] [mixin/]: Processing inject() for PlatformAgent[MixinPlatformAgentDefault:ModLauncher Root Container(ModLauncher:4f56a0a2)]
[10Jun2026 13:33:30.406] [main/DEBUG] [mixin/]: Processing inject() for PlatformAgent[MixinPlatformAgentDefault:net.neoforged.fml.loading.mixin.FMLMixinContainerHandle@6d303498]
[10Jun2026 13:33:30.406] [main/DEBUG] [mixin/]: Processing inject() for PlatformAgent[FMLMixinPlatformAgent:null]
[10Jun2026 13:33:30.406] [main/DEBUG] [mixin/]: Processing inject() for PlatformAgent[MixinPlatformAgentDefault:SecureJarResource(mixin_synthetic)]
[10Jun2026 13:33:30.406] [main/DEBUG] [mixin/]: Processing inject() for PlatformAgent[MixinPlatformAgentDefault:SecureJarResource(minecraft)]
[10Jun2026 13:33:30.406] [main/DEBUG] [mixin/]: Processing inject() for PlatformAgent[MixinPlatformAgentDefault:SecureJarResource(pehkui)]
[10Jun2026 13:33:30.406] [main/DEBUG] [mixin/]: Processing inject() for PlatformAgent[MixinPlatformAgentDefault:SecureJarResource(forgeconfigapiport)]
[10Jun2026 13:33:30.406] [main/DEBUG] [mixin/]: Processing inject() for PlatformAgent[MixinPlatformAgentDefault:SecureJarResource(veil)]
[10Jun2026 13:33:30.407] [main/DEBUG] [mixin/]: Processing inject() for PlatformAgent[MixinPlatformAgentDefault:SecureJarResource(sablecompanion)]
[10Jun2026 13:33:30.407] [main/DEBUG] [mixin/]: Processing inject() for PlatformAgent[MixinPlatformAgentDefault:SecureJarResource(repophys)]
[10Jun2026 13:33:30.407] [main/DEBUG] [mixin/]: Processing inject() for PlatformAgent[MixinPlatformAgentDefault:SecureJarResource(mixinextras.neoforge)]
[10Jun2026 13:33:30.407] [main/INFO] [cpw.mods.modlauncher.LaunchServiceHandler/MODLAUNCHER]: Launching target 'forgeclientdev' with arguments [--version, 21.1.231, --gameDir, ., --assetsDir, C:\Users\Reece\.gradle\caches\neoformruntime\assets, --assetIndex, 17]
[10Jun2026 13:33:30.447] [main/DEBUG] [mixin/]: Preparing mixins for MixinEnvironment[DEFAULT]
[10Jun2026 13:33:30.447] [main/DEBUG] [mixin/]: Selecting config pehkui.mixins.json
[10Jun2026 13:33:30.455] [main/DEBUG] [mixin/]: Selecting config forgeconfigapiport.common.mixins.json
[10Jun2026 13:33:30.456] [main/DEBUG] [mixin/]: Selecting config forgeconfigapiport.neoforge.mixins.json
[10Jun2026 13:33:30.456] [main/DEBUG] [mixin/]: Selecting config veil.command.mixins.json
[10Jun2026 13:33:30.467] [main/DEBUG] [mixin/]: Selecting config veil.debug.mixins.json
[10Jun2026 13:33:30.467] [main/DEBUG] [mixin/]: Selecting config veil.dynamicbuffer.mixins.json
[10Jun2026 13:33:30.467] [main/DEBUG] [mixin/]: Selecting config veil.fix.mixins.json
[10Jun2026 13:33:30.468] [main/DEBUG] [mixin/]: Selecting config veil.framebuffer.mixins.json
[10Jun2026 13:33:30.468] [main/DEBUG] [mixin/]: Selecting config veil.necromancer.mixins.json
[10Jun2026 13:33:30.468] [main/DEBUG] [mixin/]: Selecting config veil.network.mixins.json
[10Jun2026 13:33:30.469] [main/DEBUG] [mixin/]: Selecting config veil.performance.mixins.json
[10Jun2026 13:33:30.469] [main/DEBUG] [mixin/]: Selecting config veil.perspective.mixins.json
[10Jun2026 13:33:30.469] [main/DEBUG] [mixin/]: Selecting config veil.pipeline.mixins.json
[10Jun2026 13:33:30.470] [main/DEBUG] [mixin/]: Selecting config veil.quasar.mixins.json
[10Jun2026 13:33:30.470] [main/DEBUG] [mixin/]: Selecting config veil.registry.mixins.json
[10Jun2026 13:33:30.470] [main/DEBUG] [mixin/]: Selecting config veil.rendertype.mixins.json
[10Jun2026 13:33:30.471] [main/DEBUG] [mixin/]: Selecting config veil.resource.mixins.json
[10Jun2026 13:33:30.471] [main/DEBUG] [mixin/]: Selecting config veil.scheduler.mixins.json
[10Jun2026 13:33:30.472] [main/DEBUG] [mixin/]: Selecting config veil.shader.mixins.json
[10Jun2026 13:33:30.472] [main/DEBUG] [mixin/]: Selecting config veil.neoforge.mixins.json
[10Jun2026 13:33:30.473] [main/DEBUG] [mixin/]: Selecting config neoforge.mixins.json
[10Jun2026 13:33:30.473] [main/DEBUG] [mixin/]: Selecting config mixinextras.init.mixins.json
[10Jun2026 13:33:30.510] [main/DEBUG] [MixinExtras|Service/]: com.llamalad7.mixinextras.service.MixinExtrasServiceImpl(version=0.5.3) is taking over from null
[10Jun2026 13:33:30.536] [main/DEBUG] [mixin/]: Registering new injector for @Inject with org.spongepowered.asm.mixin.injection.struct.CallbackInjectionInfo
[10Jun2026 13:33:30.537] [main/DEBUG] [mixin/]: Registering new injector for @ModifyArg with org.spongepowered.asm.mixin.injection.struct.ModifyArgInjectionInfo
[10Jun2026 13:33:30.538] [main/DEBUG] [mixin/]: Registering new injector for @ModifyArgs with org.spongepowered.asm.mixin.injection.struct.ModifyArgsInjectionInfo
[10Jun2026 13:33:30.540] [main/DEBUG] [mixin/]: Registering new injector for @Redirect with org.spongepowered.asm.mixin.injection.struct.RedirectInjectionInfo
[10Jun2026 13:33:30.541] [main/DEBUG] [mixin/]: Registering new injector for @ModifyVariable with org.spongepowered.asm.mixin.injection.struct.ModifyVariableInjectionInfo
[10Jun2026 13:33:30.542] [main/DEBUG] [mixin/]: Registering new injector for @ModifyConstant with org.spongepowered.asm.mixin.injection.struct.ModifyConstantInjectionInfo
[10Jun2026 13:33:30.549] [main/DEBUG] [mixin/]: Preparing pehkui.mixins.json (292)
[10Jun2026 13:33:30.969] [main/DEBUG] [mixin/]: Preparing forgeconfigapiport.common.mixins.json (0)
[10Jun2026 13:33:30.970] [main/DEBUG] [mixin/]: Preparing forgeconfigapiport.neoforge.mixins.json (0)
[10Jun2026 13:33:30.970] [main/DEBUG] [mixin/]: Preparing veil.command.mixins.json (1)
[10Jun2026 13:33:30.973] [main/DEBUG] [mixin/]: Preparing veil.debug.mixins.json (15)
[10Jun2026 13:33:31.001] [main/DEBUG] [mixin/]: Preparing veil.dynamicbuffer.mixins.json (5)
[10Jun2026 13:33:31.011] [main/DEBUG] [mixin/]: Preparing veil.fix.mixins.json (3)
[10Jun2026 13:33:31.023] [main/DEBUG] [mixin/]: Preparing veil.framebuffer.mixins.json (1)
[10Jun2026 13:33:31.025] [main/DEBUG] [mixin/]: Preparing veil.necromancer.mixins.json (2)
[10Jun2026 13:33:31.025] [main/DEBUG] [mixin/]: Preparing veil.network.mixins.json (3)
[10Jun2026 13:33:31.034] [main/DEBUG] [mixin/]: Preparing veil.performance.mixins.json (4)
[10Jun2026 13:33:31.037] [main/DEBUG] [mixin/]: Preparing veil.perspective.mixins.json (3)
[10Jun2026 13:33:31.038] [main/DEBUG] [mixin/]: Preparing veil.pipeline.mixins.json (19)
[10Jun2026 13:33:31.054] [main/DEBUG] [mixin/]: Preparing veil.quasar.mixins.json (2)
[10Jun2026 13:33:31.058] [main/DEBUG] [mixin/]: Preparing veil.registry.mixins.json (1)
[10Jun2026 13:33:31.059] [main/DEBUG] [mixin/]: Preparing veil.rendertype.mixins.json (6)
[10Jun2026 13:33:31.070] [main/DEBUG] [mixin/]: Preparing veil.resource.mixins.json (6)
[10Jun2026 13:33:31.077] [main/DEBUG] [mixin/]: Preparing veil.scheduler.mixins.json (1)
[10Jun2026 13:33:31.078] [main/DEBUG] [mixin/]: Preparing veil.shader.mixins.json (4)
[10Jun2026 13:33:31.082] [main/DEBUG] [mixin/]: Preparing veil.neoforge.mixins.json (34)
[10Jun2026 13:33:31.094] [main/WARN] [mixin/]: Error loading class: net/irisshaders/iris/pipeline/PipelineManager (java.lang.ClassNotFoundException: net.irisshaders.iris.pipeline.PipelineManager)
[10Jun2026 13:33:31.094] [main/WARN] [mixin/]: @Mixin target net.irisshaders.iris.pipeline.PipelineManager was not found veil.neoforge.mixins.json:client.perspective.iris.PipelineManagerMixin from mod veil
[10Jun2026 13:33:31.095] [main/DEBUG] [mixin/]: Preparing neoforge.mixins.json (2)
[10Jun2026 13:33:31.099] [main/DEBUG] [mixin/]: Preparing mixinextras.init.mixins.json (0)
[10Jun2026 13:33:31.163] [main/DEBUG] [mixin/]: Inner class foundry/veil/mixin/resource/ResourceVanillaPackResourcesMixin$1 in foundry/veil/mixin/resource/ResourceVanillaPackResourcesMixin on net/minecraft/server/packs/VanillaPackResources gets unique name net/minecraft/server/packs/VanillaPackResources$Anonymous$918b15b6e19641dd98d51197edc4c941
[10Jun2026 13:33:31.166] [main/DEBUG] [mixin/]: Inner class foundry/veil/forge/mixin/resources/PathPackResourcesMixin$1 in foundry/veil/forge/mixin/resources/PathPackResourcesMixin on net/minecraft/server/packs/PathPackResources gets unique name net/minecraft/server/packs/PathPackResources$Anonymous$69bf0d0ebcea405b91b3f6dcccc4b8bc
[10Jun2026 13:33:31.169] [main/DEBUG] [mixin/]: Prepared 198 mixins in 0.720 sec (3.6ms avg) (0ms load, 0ms transform, 0ms plugin)
[10Jun2026 13:33:31.174] [main/INFO] [MixinExtras|Service/]: Initializing MixinExtras via com.llamalad7.mixinextras.service.MixinExtrasServiceImpl(version=0.5.3).
[10Jun2026 13:33:31.175] [main/DEBUG] [mixin/]: Registering new injector for @SugarWrapper with com.llamalad7.mixinextras.sugar.impl.SugarWrapperInjectionInfo
[10Jun2026 13:33:31.175] [main/DEBUG] [mixin/]: Registering new injector for @FactoryRedirectWrapper with com.llamalad7.mixinextras.wrapper.factory.FactoryRedirectWrapperInjectionInfo
[10Jun2026 13:33:31.176] [main/DEBUG] [mixin/]: Registering new injector for @ExpressionInjectorWrapper with com.llamalad7.mixinextras.expression.impl.wrapper.ExpressionInjectorWrapperInjectionInfo
[10Jun2026 13:33:31.188] [main/DEBUG] [mixin/]: Mixing client.PerformanceAbstractTextureMixin from veil.performance.mixins.json into net.minecraft.client.renderer.texture.AbstractTexture
[10Jun2026 13:33:31.207] [main/DEBUG] [mixin/]: Mixing client.PipelineAbstractTextureMixin from veil.pipeline.mixins.json into net.minecraft.client.renderer.texture.AbstractTexture
[10Jun2026 13:33:31.251] [main/DEBUG] [mixin/]: veil.performance.mixins.json:client.PerformanceAbstractTextureMixin from mod veil->@Inject::setFilterDSA(ZZLorg/spongepowered/asm/mixin/injection/callback/CallbackInfo;)V does use it's CallbackInfo
[10Jun2026 13:33:31.253] [main/DEBUG] [mixin/]: veil.performance.mixins.json:client.PerformanceAbstractTextureMixin from mod veil->@Inject::bind(Lorg/spongepowered/asm/mixin/injection/callback/CallbackInfo;)V doesn't use it's CallbackInfo
[10Jun2026 13:33:31.253] [main/DEBUG] [mixin/]: veil.performance.mixins.json:client.PerformanceAbstractTextureMixin from mod veil->@Inject::bind(Lorg/spongepowered/asm/mixin/injection/callback/CallbackInfo;)V has 0 override(s) in child classes
[10Jun2026 13:33:31.253] [main/DEBUG] [mixin/]: veil.performance.mixins.json:client.PerformanceAbstractTextureMixin from mod veil->@Inject::bind(Lorg/spongepowered/asm/mixin/injection/callback/CallbackInfo;)V won't be passed a CallbackInfo as a result
[10Jun2026 13:33:31.275] [main/DEBUG] [mixin/]: Mixing client.DebugMinecraftMixin from veil.debug.mixins.json into net.minecraft.client.Minecraft
[10Jun2026 13:33:31.278] [main/DEBUG] [mixin/]: Mixing client.PipelineMinecraftMixin from veil.pipeline.mixins.json into net.minecraft.client.Minecraft
[10Jun2026 13:33:31.279] [main/DEBUG] [mixin/]: Mixing client.MinecraftMixin from veil.neoforge.mixins.json into net.minecraft.client.Minecraft
[10Jun2026 13:33:31.295] [main/DEBUG] [mixin/]: veil.pipeline.mixins.json:client.PipelineMinecraftMixin from mod veil->@Inject::beginFrame(Lorg/spongepowered/asm/mixin/injection/callback/CallbackInfo;)V doesn't use it's CallbackInfo
[10Jun2026 13:33:31.295] [main/DEBUG] [mixin/]: veil.pipeline.mixins.json:client.PipelineMinecraftMixin from mod veil->@Inject::beginFrame(Lorg/spongepowered/asm/mixin/injection/callback/CallbackInfo;)V has 0 override(s) in child classes
[10Jun2026 13:33:31.295] [main/DEBUG] [mixin/]: veil.pipeline.mixins.json:client.PipelineMinecraftMixin from mod veil->@Inject::beginFrame(Lorg/spongepowered/asm/mixin/injection/callback/CallbackInfo;)V won't be passed a CallbackInfo as a result
[10Jun2026 13:33:31.295] [main/DEBUG] [mixin/]: veil.pipeline.mixins.json:client.PipelineMinecraftMixin from mod veil->@Inject::endFrame(Lorg/spongepowered/asm/mixin/injection/callback/CallbackInfo;)V doesn't use it's CallbackInfo
[10Jun2026 13:33:31.295] [main/DEBUG] [mixin/]: veil.pipeline.mixins.json:client.PipelineMinecraftMixin from mod veil->@Inject::endFrame(Lorg/spongepowered/asm/mixin/injection/callback/CallbackInfo;)V has 0 override(s) in child classes
[10Jun2026 13:33:31.295] [main/DEBUG] [mixin/]: veil.pipeline.mixins.json:client.PipelineMinecraftMixin from mod veil->@Inject::endFrame(Lorg/spongepowered/asm/mixin/injection/callback/CallbackInfo;)V won't be passed a CallbackInfo as a result
[10Jun2026 13:33:31.296] [main/DEBUG] [mixin/]: veil.neoforge.mixins.json:client.MinecraftMixin from mod veil->@Inject::close(Lorg/spongepowered/asm/mixin/injection/callback/CallbackInfo;)V doesn't use it's CallbackInfo
[10Jun2026 13:33:31.296] [main/DEBUG] [mixin/]: veil.neoforge.mixins.json:client.MinecraftMixin from mod veil->@Inject::close(Lorg/spongepowered/asm/mixin/injection/callback/CallbackInfo;)V has 0 override(s) in child classes
[10Jun2026 13:33:31.296] [main/DEBUG] [mixin/]: veil.neoforge.mixins.json:client.MinecraftMixin from mod veil->@Inject::close(Lorg/spongepowered/asm/mixin/injection/callback/CallbackInfo;)V won't be passed a CallbackInfo as a result
[10Jun2026 13:33:31.335] [main/DEBUG] [mixin/]: Mixing client.DebugMainMixin from veil.debug.mixins.json into net.minecraft.client.main.Main
[10Jun2026 13:33:31.336] [main/DEBUG] [mixin/]: Renaming synthetic method lambda$preMain$0(Ljava/util/concurrent/atomic/AtomicBoolean;)V to md0b472e$veil$lambda$preMain$0$0 in veil.debug.mixins.json:client.DebugMainMixin from mod veil
[10Jun2026 13:33:31.418] [main/DEBUG] [mixin/]: veil.debug.mixins.json:client.DebugMainMixin from mod veil->@Inject::preMain(Lorg/spongepowered/asm/mixin/injection/callback/CallbackInfo;)V doesn't use it's CallbackInfo
[10Jun2026 13:33:31.537] [main/DEBUG] [io.netty.util.internal.logging.InternalLoggerFactory/]: Using SLF4J as the default logging framework
[10Jun2026 13:33:31.541] [main/DEBUG] [io.netty.util.ResourceLeakDetector/]: -Dio.netty.leakDetection.level: simple
[10Jun2026 13:33:31.541] [main/DEBUG] [io.netty.util.ResourceLeakDetector/]: -Dio.netty.leakDetection.targetRecords: 4
[10Jun2026 13:33:31.567] [main/DEBUG] [mixin/]: Mixing compat116plus.NbtCompoundMixin from pehkui.mixins.json into net.minecraft.nbt.CompoundTag
[10Jun2026 13:33:31.567] [main/DEBUG] [mixin/]: pehkui.mixins.json:compat116plus.NbtCompoundMixin from mod pehkui: Class version 65 required is higher than the class version supported by the current version of Mixin (JAVA_17 supports class version 61)
[10Jun2026 13:33:32.383] [main/DEBUG] [oshi.util.FileUtil/]: No oshi.properties file found from ClassLoader cpw.mods.modlauncher.TransformingClassLoader@1f3165e7
[10Jun2026 13:33:32.569] [main/WARN] [oshi.util.platform.windows.WmiQueryHandler/]: COM exception querying Win32_Processor, which might not be on your system. Will not attempt to query it again. Error was -2147023838: The service cannot be started, either because it is disabled or because it has no enabled devices associated with it.(HRESULT: 80070422)
[10Jun2026 13:33:32.598] [main/WARN] [oshi.util.platform.windows.WmiQueryHandler/]: COM exception querying Win32_Processor, which might not be on your system. Will not attempt to query it again. Error was -2147023838: The service cannot be started, either because it is disabled or because it has no enabled devices associated with it.(HRESULT: 80070422)
[10Jun2026 13:33:32.600] [main/DEBUG] [oshi.util.FileUtil/]: No oshi.architecture.properties file found from ClassLoader cpw.mods.modlauncher.TransformingClassLoader@1f3165e7
[10Jun2026 13:33:32.614] [main/WARN] [oshi.util.platform.windows.WmiQueryHandler/]: COM exception querying Win32_PhysicalMemory, which might not be on your system. Will not attempt to query it again. Error was -2147023838: The service cannot be started, either because it is disabled or because it has no enabled devices associated with it.(HRESULT: 80070422)
[10Jun2026 13:33:32.657] [Datafixer Bootstrap/INFO] [com.mojang.datafixers.DataFixerBuilder/]: 229 Datafixer optimizations took 301 milliseconds
[10Jun2026 13:33:32.677] [pool-11-thread-1/DEBUG] [mixin/]: Mixing MappedRegistryAccessor from neoforge.mixins.json into net.minecraft.core.MappedRegistry
[10Jun2026 13:33:32.689] [pool-11-thread-1/DEBUG] [mixin/]: Mixing RegistriesMixin from veil.neoforge.mixins.json into net.minecraft.core.registries.Registries
[10Jun2026 13:33:32.697] [pool-11-thread-1/DEBUG] [mixin/]: veil.neoforge.mixins.json:RegistriesMixin from mod veil->@Inject::veilElementsPath(Lnet/minecraft/resources/ResourceKey;Lorg/spongepowered/asm/mixin/injection/callback/CallbackInfoReturnable;)V does use it's CallbackInfoReturnable
[10Jun2026 13:33:32.698] [pool-11-thread-1/DEBUG] [mixin/]: veil.neoforge.mixins.json:RegistriesMixin from mod veil->@Inject::veilTagsPath(Lnet/minecraft/resources/ResourceKey;Lorg/spongepowered/asm/mixin/injection/callback/CallbackInfoReturnable;)V does use it's CallbackInfoReturnable
[10Jun2026 13:33:32.772] [pool-11-thread-1/DEBUG] [mixin/]: Mixing compat116plus.AbstractBlockStateMixin from pehkui.mixins.json into net.minecraft.world.level.block.state.BlockBehaviour$BlockStateBase
[10Jun2026 13:33:32.773] [pool-11-thread-1/DEBUG] [mixin/]: pehkui.mixins.json:compat116plus.AbstractBlockStateMixin from mod pehkui: Class version 65 required is higher than the class version supported by the current version of Mixin (JAVA_17 supports class version 61)
[10Jun2026 13:33:32.796] [pool-11-thread-1/DEBUG] [mixin/]: Mixing EntityMixin from pehkui.mixins.json into net.minecraft.world.entity.Entity
[10Jun2026 13:33:32.796] [pool-11-thread-1/DEBUG] [mixin/]: pehkui.mixins.json:EntityMixin from mod pehkui: Class version 65 required is higher than the class version supported by the current version of Mixin (JAVA_17 supports class version 61)
[10Jun2026 13:33:32.826] [pool-11-thread-1/DEBUG] [mixin/]: Mixing ThreadSafeScaledEntityMixin from pehkui.mixins.json into net.minecraft.world.entity.Entity
[10Jun2026 13:33:32.826] [pool-11-thread-1/DEBUG] [mixin/]: pehkui.mixins.json:ThreadSafeScaledEntityMixin from mod pehkui: Class version 65 required is higher than the class version supported by the current version of Mixin (JAVA_17 supports class version 61)
[10Jun2026 13:33:32.840] [pool-11-thread-1/DEBUG] [mixin/]: Mixing compat117plus.EntityCalculateDimensionsMixin from pehkui.mixins.json into net.minecraft.world.entity.Entity
[10Jun2026 13:33:32.840] [pool-11-thread-1/DEBUG] [mixin/]: pehkui.mixins.json:compat117plus.EntityCalculateDimensionsMixin from mod pehkui: Class version 65 required is higher than the class version supported by the current version of Mixin (JAVA_17 supports class version 61)
[10Jun2026 13:33:32.840] [pool-11-thread-1/DEBUG] [mixin/]: Renaming synthetic method lambda$pehkui$calculateDimensions$0(Lnet/minecraft/world/entity/Entity;DLnet/minecraft/world/phys/Vec3;)V to md0b472e$pehkui$lambda$pehkui$calculateDimensions$0$0 in pehkui.mixins.json:compat117plus.EntityCalculateDimensionsMixin from mod pehkui
[10Jun2026 13:33:32.859] [pool-11-thread-1/DEBUG] [mixin/]: Mixing compat117plus.EntityMixin from pehkui.mixins.json into net.minecraft.world.entity.Entity
[10Jun2026 13:33:32.859] [pool-11-thread-1/DEBUG] [mixin/]: pehkui.mixins.json:compat117plus.EntityMixin from mod pehkui: Class version 65 required is higher than the class version supported by the current version of Mixin (JAVA_17 supports class version 61)
[10Jun2026 13:33:32.864] [pool-11-thread-1/DEBUG] [mixin/]: Mixing compat1205plus.EntityMixin from pehkui.mixins.json into net.minecraft.world.entity.Entity
[10Jun2026 13:33:32.864] [pool-11-thread-1/DEBUG] [mixin/]: pehkui.mixins.json:compat1205plus.EntityMixin from mod pehkui: Class version 65 required is higher than the class version supported by the current version of Mixin (JAVA_17 supports class version 61)
[10Jun2026 13:33:32.866] [pool-11-thread-1/DEBUG] [mixin/]: Mixing compat120plus.EntityMixin from pehkui.mixins.json into net.minecraft.world.entity.Entity
[10Jun2026 13:33:32.867] [pool-11-thread-1/DEBUG] [mixin/]: pehkui.mixins.json:compat120plus.EntityMixin from mod pehkui: Class version 65 required is higher than the class version supported by the current version of Mixin (JAVA_17 supports class version 61)
[10Jun2026 13:33:32.868] [pool-11-thread-1/DEBUG] [mixin/]: Mixing step_height.compat1194plus.EntityMixin from pehkui.mixins.json into net.minecraft.world.entity.Entity
[10Jun2026 13:33:32.868] [pool-11-thread-1/DEBUG] [mixin/]: pehkui.mixins.json:step_height.compat1194plus.EntityMixin from mod pehkui: Class version 65 required is higher than the class version supported by the current version of Mixin (JAVA_17 supports class version 61)
[10Jun2026 13:33:32.869] [pool-11-thread-1/DEBUG] [mixin/]: Mixing client.QuasarEntityMixin from veil.quasar.mixins.json into net.minecraft.world.entity.Entity
[10Jun2026 13:33:32.950] [pool-11-thread-1/DEBUG] [mixin/]: pehkui.mixins.json:EntityMixin from mod pehkui->@Inject::pehkui$readNbt(Lnet/minecraft/nbt/CompoundTag;Lorg/spongepowered/asm/mixin/injection/callback/CallbackInfo;)V doesn't use it's CallbackInfo
[10Jun2026 13:33:32.951] [pool-11-thread-1/DEBUG] [mixin/]: pehkui.mixins.json:EntityMixin from mod pehkui->@Inject::pehkui$readNbt(Lnet/minecraft/nbt/CompoundTag;Lorg/spongepowered/asm/mixin/injection/callback/CallbackInfo;)V has 0 override(s) in child classes
[10Jun2026 13:33:32.951] [pool-11-thread-1/DEBUG] [mixin/]: pehkui.mixins.json:EntityMixin from mod pehkui->@Inject::pehkui$readNbt(Lnet/minecraft/nbt/CompoundTag;Lorg/spongepowered/asm/mixin/injection/callback/CallbackInfo;)V won't be passed a CallbackInfo as a result
[10Jun2026 13:33:32.951] [pool-11-thread-1/DEBUG] [mixin/]: pehkui.mixins.json:EntityMixin from mod pehkui->@Inject::pehkui$writeNbt(Lnet/minecraft/nbt/CompoundTag;Lorg/spongepowered/asm/mixin/injection/callback/CallbackInfoReturnable;)V doesn't use it's CallbackInfoReturnable
[10Jun2026 13:33:32.951] [pool-11-thread-1/DEBUG] [mixin/]: pehkui.mixins.json:EntityMixin from mod pehkui->@Inject::pehkui$writeNbt(Lnet/minecraft/nbt/CompoundTag;Lorg/spongepowered/asm/mixin/injection/callback/CallbackInfoReturnable;)V has 0 override(s) in child classes
[10Jun2026 13:33:32.951] [pool-11-thread-1/DEBUG] [mixin/]: pehkui.mixins.json:EntityMixin from mod pehkui->@Inject::pehkui$writeNbt(Lnet/minecraft/nbt/CompoundTag;Lorg/spongepowered/asm/mixin/injection/callback/CallbackInfoReturnable;)V won't be passed a CallbackInfoReturnable as a result
[10Jun2026 13:33:32.951] [pool-11-thread-1/DEBUG] [mixin/]: pehkui.mixins.json:EntityMixin from mod pehkui->@Inject::pehkui$tick(Lorg/spongepowered/asm/mixin/injection/callback/CallbackInfo;)V doesn't use it's CallbackInfo
[10Jun2026 13:33:32.952] [pool-11-thread-1/DEBUG] [mixin/]: pehkui.mixins.json:EntityMixin from mod pehkui->@Inject::pehkui$tick(Lorg/spongepowered/asm/mixin/injection/callback/CallbackInfo;)V has 0 override(s) in child classes
[10Jun2026 13:33:32.952] [pool-11-thread-1/DEBUG] [mixin/]: pehkui.mixins.json:EntityMixin from mod pehkui->@Inject::pehkui$tick(Lorg/spongepowered/asm/mixin/injection/callback/CallbackInfo;)V won't be passed a CallbackInfo as a result
[10Jun2026 13:33:32.952] [pool-11-thread-1/DEBUG] [mixin/]: pehkui.mixins.json:EntityMixin from mod pehkui->@Inject::pehkui$onStartedTrackingBy(Lnet/minecraft/server/level/ServerPlayer;Lorg/spongepowered/asm/mixin/injection/callback/CallbackInfo;)V doesn't use it's CallbackInfo
[10Jun2026 13:33:32.952] [pool-11-thread-1/DEBUG] [mixin/]: pehkui.mixins.json:EntityMixin from mod pehkui->@Inject::pehkui$onStartedTrackingBy(Lnet/minecraft/server/level/ServerPlayer;Lorg/spongepowered/asm/mixin/injection/callback/CallbackInfo;)V has 0 override(s) in child classes
[10Jun2026 13:33:32.953] [pool-11-thread-1/DEBUG] [mixin/]: pehkui.mixins.json:EntityMixin from mod pehkui->@Inject::pehkui$onStartedTrackingBy(Lnet/minecraft/server/level/ServerPlayer;Lorg/spongepowered/asm/mixin/injection/callback/CallbackInfo;)V won't be passed a CallbackInfo as a result
[10Jun2026 13:33:32.953] [pool-11-thread-1/DEBUG] [mixin/]: pehkui.mixins.json:EntityMixin from mod pehkui->@Inject::pehkui$spawnSprintingParticles(Lorg/spongepowered/asm/mixin/injection/callback/CallbackInfo;)V does use it's CallbackInfo
[10Jun2026 13:33:32.954] [pool-11-thread-1/DEBUG] [mixin/]: pehkui.mixins.json:compat117plus.EntityCalculateDimensionsMixin from mod pehkui->@Inject::pehkui$calculateDimensions(Lorg/spongepowered/asm/mixin/injection/callback/CallbackInfo;)V doesn't use it's CallbackInfo
[10Jun2026 13:33:32.954] [pool-11-thread-1/DEBUG] [mixin/]: pehkui.mixins.json:compat117plus.EntityCalculateDimensionsMixin from mod pehkui->@Inject::pehkui$calculateDimensions(Lorg/spongepowered/asm/mixin/injection/callback/CallbackInfo;)V has 0 override(s) in child classes
[10Jun2026 13:33:32.954] [pool-11-thread-1/DEBUG] [mixin/]: pehkui.mixins.json:compat117plus.EntityCalculateDimensionsMixin from mod pehkui->@Inject::pehkui$calculateDimensions(Lorg/spongepowered/asm/mixin/injection/callback/CallbackInfo;)V won't be passed a CallbackInfo as a result
[10Jun2026 13:33:32.955] [pool-11-thread-1/DEBUG] [mixin/]: veil.quasar.mixins.json:client.QuasarEntityMixin from mod veil->@Inject::remove(Lorg/spongepowered/asm/mixin/injection/callback/CallbackInfo;)V doesn't use it's CallbackInfo
[10Jun2026 13:33:32.955] [pool-11-thread-1/DEBUG] [mixin/]: veil.quasar.mixins.json:client.QuasarEntityMixin from mod veil->@Inject::remove(Lorg/spongepowered/asm/mixin/injection/callback/CallbackInfo;)V has 0 override(s) in child classes
[10Jun2026 13:33:32.955] [pool-11-thread-1/DEBUG] [mixin/]: veil.quasar.mixins.json:client.QuasarEntityMixin from mod veil->@Inject::remove(Lorg/spongepowered/asm/mixin/injection/callback/CallbackInfo;)V won't be passed a CallbackInfo as a result
[10Jun2026 13:33:32.995] [pool-11-thread-1/DEBUG] [mixin/]: Mixing step_height.IForgeEntityMixin from pehkui.mixins.json into net.neoforged.neoforge.common.extensions.IEntityExtension
[10Jun2026 13:33:32.995] [pool-11-thread-1/DEBUG] [mixin/]: pehkui.mixins.json:step_height.IForgeEntityMixin from mod pehkui: Class version 65 required is higher than the class version supported by the current version of Mixin (JAVA_17 supports class version 61)
[10Jun2026 13:33:33.002] [pool-11-thread-1/DEBUG] [mixin/]: Mixing reach.PlayerEntityMixin from pehkui.mixins.json into net.minecraft.world.entity.player.Player
[10Jun2026 13:33:33.002] [pool-11-thread-1/DEBUG] [mixin/]: pehkui.mixins.json:reach.PlayerEntityMixin from mod pehkui: Class version 65 required is higher than the class version supported by the current version of Mixin (JAVA_17 supports class version 61)
[10Jun2026 13:33:33.003] [pool-11-thread-1/DEBUG] [mixin/]: Mixing PlayerEntityMixin from pehkui.mixins.json into net.minecraft.world.entity.player.Player
[10Jun2026 13:33:33.003] [pool-11-thread-1/DEBUG] [mixin/]: pehkui.mixins.json:PlayerEntityMixin from mod pehkui: Class version 65 required is higher than the class version supported by the current version of Mixin (JAVA_17 supports class version 61)
[10Jun2026 13:33:33.011] [pool-11-thread-1/DEBUG] [mixin/]: Mixing compat117plus.PlayerEntityMixin from pehkui.mixins.json into net.minecraft.world.entity.player.Player
[10Jun2026 13:33:33.011] [pool-11-thread-1/DEBUG] [mixin/]: pehkui.mixins.json:compat117plus.PlayerEntityMixin from mod pehkui: Class version 65 required is higher than the class version supported by the current version of Mixin (JAVA_17 supports class version 61)
[10Jun2026 13:33:33.012] [pool-11-thread-1/DEBUG] [mixin/]: Mixing compat1194plus.PlayerEntityMixin from pehkui.mixins.json into net.minecraft.world.entity.player.Player
[10Jun2026 13:33:33.012] [pool-11-thread-1/DEBUG] [mixin/]: pehkui.mixins.json:compat1194plus.PlayerEntityMixin from mod pehkui: Class version 65 required is higher than the class version supported by the current version of Mixin (JAVA_17 supports class version 61)
[10Jun2026 13:33:33.013] [pool-11-thread-1/DEBUG] [mixin/]: Mixing compat1205plus.PlayerEntityMixin from pehkui.mixins.json into net.minecraft.world.entity.player.Player
[10Jun2026 13:33:33.013] [pool-11-thread-1/DEBUG] [mixin/]: pehkui.mixins.json:compat1205plus.PlayerEntityMixin from mod pehkui: Class version 65 required is higher than the class version supported by the current version of Mixin (JAVA_17 supports class version 61)
[10Jun2026 13:33:33.034] [pool-11-thread-1/DEBUG] [mixin/]: pehkui.mixins.json:PlayerEntityMixin from mod pehkui->@Inject::pehkui$dropItem(Lnet/minecraft/world/item/ItemStack;ZZLorg/spongepowered/asm/mixin/injection/callback/CallbackInfoReturnable;)V does use it's CallbackInfoReturnable
[10Jun2026 13:33:33.034] [pool-11-thread-1/DEBUG] [mixin/]: pehkui.mixins.json:PlayerEntityMixin from mod pehkui->@Inject::pehkui$dropItem(Lnet/minecraft/world/item/ItemStack;ZZLorg/spongepowered/asm/mixin/injection/callback/CallbackInfoReturnable;)V does use it's CallbackInfoReturnable
[10Jun2026 13:33:33.034] [pool-11-thread-1/DEBUG] [mixin/]: pehkui.mixins.json:PlayerEntityMixin from mod pehkui->@Inject::pehkui$getBlockBreakingSpeed(Lnet/minecraft/world/level/block/state/BlockState;Lnet/minecraft/core/BlockPos;Lorg/spongepowered/asm/mixin/injection/callback/CallbackInfoReturnable;)V does use it's CallbackInfoReturnable
[10Jun2026 13:33:33.045] [pool-11-thread-1/DEBUG] [mixin/]: Mixing reach.IForgePlayerMixin from pehkui.mixins.json into net.neoforged.neoforge.common.extensions.IPlayerExtension
[10Jun2026 13:33:33.046] [pool-11-thread-1/DEBUG] [mixin/]: pehkui.mixins.json:reach.IForgePlayerMixin from mod pehkui: Class version 65 required is higher than the class version supported by the current version of Mixin (JAVA_17 supports class version 61)
[10Jun2026 13:33:33.052] [pool-11-thread-1/DEBUG] [mixin/]: Mixing LivingEntityMixin from pehkui.mixins.json into net.minecraft.world.entity.LivingEntity
[10Jun2026 13:33:33.053] [pool-11-thread-1/DEBUG] [mixin/]: pehkui.mixins.json:LivingEntityMixin from mod pehkui: Class version 65 required is higher than the class version supported by the current version of Mixin (JAVA_17 supports class version 61)
[10Jun2026 13:33:33.053] [pool-11-thread-1/DEBUG] [mixin/]: Renaming synthetic method lambda$pehkui$tickMovement$minVelocity$0(I)Z to md0b472e$pehkui$lambda$pehkui$tickMovement$minVelocity$0$0 in pehkui.mixins.json:LivingEntityMixin from mod pehkui
[10Jun2026 13:33:33.074] [pool-11-thread-1/DEBUG] [mixin/]: Mixing compat117plus.LivingEntityMixin from pehkui.mixins.json into net.minecraft.world.entity.LivingEntity
[10Jun2026 13:33:33.074] [pool-11-thread-1/DEBUG] [mixin/]: pehkui.mixins.json:compat117plus.LivingEntityMixin from mod pehkui: Class version 65 required is higher than the class version supported by the current version of Mixin (JAVA_17 supports class version 61)
[10Jun2026 13:33:33.076] [pool-11-thread-1/DEBUG] [mixin/]: Mixing compat1194plus.LivingEntityMixin from pehkui.mixins.json into net.minecraft.world.entity.LivingEntity
[10Jun2026 13:33:33.076] [pool-11-thread-1/DEBUG] [mixin/]: pehkui.mixins.json:compat1194plus.LivingEntityMixin from mod pehkui: Class version 65 required is higher than the class version supported by the current version of Mixin (JAVA_17 supports class version 61)
[10Jun2026 13:33:33.077] [pool-11-thread-1/DEBUG] [mixin/]: Mixing compat1205plus.LivingEntityMixin from pehkui.mixins.json into net.minecraft.world.entity.LivingEntity
[10Jun2026 13:33:33.077] [pool-11-thread-1/DEBUG] [mixin/]: pehkui.mixins.json:compat1205plus.LivingEntityMixin from mod pehkui: Class version 65 required is higher than the class version supported by the current version of Mixin (JAVA_17 supports class version 61)
[10Jun2026 13:33:33.078] [pool-11-thread-1/DEBUG] [mixin/]: Mixing step_height.compat1205plus.LivingEntityMixin from pehkui.mixins.json into net.minecraft.world.entity.LivingEntity
[10Jun2026 13:33:33.079] [pool-11-thread-1/DEBUG] [mixin/]: pehkui.mixins.json:step_height.compat1205plus.LivingEntityMixin from mod pehkui: Class version 65 required is higher than the class version supported by the current version of Mixin (JAVA_17 supports class version 61)
[10Jun2026 13:33:33.079] [pool-11-thread-1/DEBUG] [mixin/]: Mixing compat115plus.LivingEntityMixin from pehkui.mixins.json into net.minecraft.world.entity.LivingEntity
[10Jun2026 13:33:33.080] [pool-11-thread-1/DEBUG] [mixin/]: pehkui.mixins.json:compat115plus.LivingEntityMixin from mod pehkui: Class version 65 required is higher than the class version supported by the current version of Mixin (JAVA_17 supports class version 61)
[10Jun2026 13:33:33.105] [pool-11-thread-1/DEBUG] [mixin/]: pehkui.mixins.json:LivingEntityMixin from mod pehkui->@Inject::pehkui$tickMovement$minVelocity(Lorg/spongepowered/asm/mixin/injection/callback/CallbackInfo;)V doesn't use it's CallbackInfo
[10Jun2026 13:33:33.105] [pool-11-thread-1/DEBUG] [mixin/]: pehkui.mixins.json:LivingEntityMixin from mod pehkui->@Inject::pehkui$tickMovement$minVelocity(Lorg/spongepowered/asm/mixin/injection/callback/CallbackInfo;)V has 0 override(s) in child classes
[10Jun2026 13:33:33.105] [pool-11-thread-1/DEBUG] [mixin/]: pehkui.mixins.json:LivingEntityMixin from mod pehkui->@Inject::pehkui$tickMovement$minVelocity(Lorg/spongepowered/asm/mixin/injection/callback/CallbackInfo;)V won't be passed a CallbackInfo as a result
[10Jun2026 13:33:33.148] [pool-11-thread-1/DEBUG] [mixin/]: Mixing compat117plus.ServerWorldMixin from pehkui.mixins.json into net.minecraft.server.level.ServerLevel
[10Jun2026 13:33:33.149] [pool-11-thread-1/DEBUG] [mixin/]: pehkui.mixins.json:compat117plus.ServerWorldMixin from mod pehkui: Class version 65 required is higher than the class version supported by the current version of Mixin (JAVA_17 supports class version 61)
[10Jun2026 13:33:33.155] [pool-11-thread-1/DEBUG] [mixin/]: Mixing NetworkServerLevelMixin from veil.network.mixins.json into net.minecraft.server.level.ServerLevel
[10Jun2026 13:33:33.190] [pool-11-thread-1/DEBUG] [mixin/]: Mixing client.compat116plus.ItemEntityMixin from pehkui.mixins.json into net.minecraft.world.entity.item.ItemEntity
[10Jun2026 13:33:33.191] [pool-11-thread-1/DEBUG] [mixin/]: pehkui.mixins.json:client.compat116plus.ItemEntityMixin from mod pehkui: Class version 65 required is higher than the class version supported by the current version of Mixin (JAVA_17 supports class version 61)
[10Jun2026 13:33:33.192] [pool-11-thread-1/DEBUG] [mixin/]: Mixing ItemEntityMixin from pehkui.mixins.json into net.minecraft.world.entity.item.ItemEntity
[10Jun2026 13:33:33.192] [pool-11-thread-1/DEBUG] [mixin/]: pehkui.mixins.json:ItemEntityMixin from mod pehkui: Class version 65 required is higher than the class version supported by the current version of Mixin (JAVA_17 supports class version 61)
[10Jun2026 13:33:33.200] [pool-11-thread-1/DEBUG] [mixin/]: pehkui.mixins.json:client.compat116plus.ItemEntityMixin from mod pehkui->@Inject::pehkui$construct(Lnet/minecraft/world/entity/item/ItemEntity;Lorg/spongepowered/asm/mixin/injection/callback/CallbackInfo;)V doesn't use it's CallbackInfo
[10Jun2026 13:33:33.200] [pool-11-thread-1/DEBUG] [mixin/]: pehkui.mixins.json:client.compat116plus.ItemEntityMixin from mod pehkui->@Inject::pehkui$construct(Lnet/minecraft/world/entity/item/ItemEntity;Lorg/spongepowered/asm/mixin/injection/callback/CallbackInfo;)V has 0 override(s) in child classes
[10Jun2026 13:33:33.200] [pool-11-thread-1/DEBUG] [mixin/]: pehkui.mixins.json:client.compat116plus.ItemEntityMixin from mod pehkui->@Inject::pehkui$construct(Lnet/minecraft/world/entity/item/ItemEntity;Lorg/spongepowered/asm/mixin/injection/callback/CallbackInfo;)V won't be passed a CallbackInfo as a result
[10Jun2026 13:33:33.423] [pool-11-thread-1/DEBUG] [mixin/]: Mixing PortalBlockMixin from pehkui.mixins.json into net.minecraft.world.level.block.NetherPortalBlock
[10Jun2026 13:33:33.428] [pool-11-thread-1/DEBUG] [mixin/]: pehkui.mixins.json:PortalBlockMixin from mod pehkui: Class version 65 required is higher than the class version supported by the current version of Mixin (JAVA_17 supports class version 61)
[10Jun2026 13:33:33.433] [pool-11-thread-1/DEBUG] [mixin/]: pehkui.mixins.json:PortalBlockMixin from mod pehkui->@Inject::pehkui$onEntityCollision(Lnet/minecraft/world/level/block/state/BlockState;Lnet/minecraft/world/level/Level;Lnet/minecraft/core/BlockPos;Lnet/minecraft/world/entity/Entity;Lorg/spongepowered/asm/mixin/injection/callback/CallbackInfo;)V does use it's CallbackInfo
[10Jun2026 13:33:33.677] [pool-11-thread-1/DEBUG] [mixin/]: Mixing PreEntityTickMixin from pehkui.mixins.json into net.minecraft.world.entity.item.FallingBlockEntity
[10Jun2026 13:33:33.677] [pool-11-thread-1/DEBUG] [mixin/]: pehkui.mixins.json:PreEntityTickMixin from mod pehkui: Class version 65 required is higher than the class version supported by the current version of Mixin (JAVA_17 supports class version 61)
[10Jun2026 13:33:33.679] [pool-11-thread-1/DEBUG] [mixin/]: pehkui.mixins.json:PreEntityTickMixin from mod pehkui->@Inject::pehkui$tick(Lorg/spongepowered/asm/mixin/injection/callback/CallbackInfo;)V doesn't use it's CallbackInfo
[10Jun2026 13:33:33.679] [pool-11-thread-1/DEBUG] [mixin/]: pehkui.mixins.json:PreEntityTickMixin from mod pehkui->@Inject::pehkui$tick(Lorg/spongepowered/asm/mixin/injection/callback/CallbackInfo;)V has 0 override(s) in child classes
[10Jun2026 13:33:33.679] [pool-11-thread-1/DEBUG] [mixin/]: pehkui.mixins.json:PreEntityTickMixin from mod pehkui->@Inject::pehkui$tick(Lorg/spongepowered/asm/mixin/injection/callback/CallbackInfo;)V won't be passed a CallbackInfo as a result
[10Jun2026 13:33:33.969] [pool-11-thread-1/DEBUG] [mixin/]: Mixing compat117plus.SlimeEntityMixin from pehkui.mixins.json into net.minecraft.world.entity.monster.Slime
[10Jun2026 13:33:33.969] [pool-11-thread-1/DEBUG] [mixin/]: pehkui.mixins.json:compat117plus.SlimeEntityMixin from mod pehkui: Class version 65 required is higher than the class version supported by the current version of Mixin (JAVA_17 supports class version 61)
[10Jun2026 13:33:33.978] [pool-11-thread-1/DEBUG] [mixin/]: Mixing MobEntityMixin from pehkui.mixins.json into net.minecraft.world.entity.Mob
[10Jun2026 13:33:33.978] [pool-11-thread-1/DEBUG] [mixin/]: pehkui.mixins.json:MobEntityMixin from mod pehkui: Class version 65 required is higher than the class version supported by the current version of Mixin (JAVA_17 supports class version 61)
[10Jun2026 13:33:33.979] [pool-11-thread-1/DEBUG] [mixin/]: Mixing compat1202plus.MobEntityMixin from pehkui.mixins.json into net.minecraft.world.entity.Mob
[10Jun2026 13:33:33.980] [pool-11-thread-1/DEBUG] [mixin/]: pehkui.mixins.json:compat1202plus.MobEntityMixin from mod pehkui: Class version 65 required is higher than the class version supported by the current version of Mixin (JAVA_17 supports class version 61)
[10Jun2026 13:33:33.980] [pool-11-thread-1/DEBUG] [mixin/]: Mixing compat116plus.MobEntityMixin from pehkui.mixins.json into net.minecraft.world.entity.Mob
[10Jun2026 13:33:33.985] [pool-11-thread-1/DEBUG] [mixin/]: pehkui.mixins.json:compat116plus.MobEntityMixin from mod pehkui: Class version 65 required is higher than the class version supported by the current version of Mixin (JAVA_17 supports class version 61)
[10Jun2026 13:33:34.015] [pool-11-thread-1/DEBUG] [mixin/]: pehkui.mixins.json:compat116plus.MobEntityMixin from mod pehkui->@Inject::pehkui$convertTo(Lnet/minecraft/world/entity/EntityType;ZLorg/spongepowered/asm/mixin/injection/callback/CallbackInfoReturnable;)V does use it's CallbackInfoReturnable
[10Jun2026 13:33:34.015] [pool-11-thread-1/DEBUG] [mixin/]: pehkui.mixins.json:compat116plus.MobEntityMixin from mod pehkui->@Inject::pehkui$convertTo(Lnet/minecraft/world/entity/EntityType;ZLorg/spongepowered/asm/mixin/injection/callback/CallbackInfoReturnable;)V does use it's CallbackInfoReturnable
[10Jun2026 13:33:34.015] [pool-11-thread-1/DEBUG] [mixin/]: pehkui.mixins.json:compat116plus.MobEntityMixin from mod pehkui->@Inject::pehkui$convertTo(Lnet/minecraft/world/entity/EntityType;ZLorg/spongepowered/asm/mixin/injection/callback/CallbackInfoReturnable;)V does use it's CallbackInfoReturnable
[10Jun2026 13:33:34.034] [pool-11-thread-1/DEBUG] [mixin/]: Mixing PreEntityTickMixin from pehkui.mixins.json into net.minecraft.world.entity.item.PrimedTnt
[10Jun2026 13:33:34.034] [pool-11-thread-1/DEBUG] [mixin/]: pehkui.mixins.json:PreEntityTickMixin from mod pehkui: Class version 65 required is higher than the class version supported by the current version of Mixin (JAVA_17 supports class version 61)
[10Jun2026 13:33:34.036] [pool-11-thread-1/DEBUG] [mixin/]: pehkui.mixins.json:PreEntityTickMixin from mod pehkui->@Inject::pehkui$tick(Lorg/spongepowered/asm/mixin/injection/callback/CallbackInfo;)V doesn't use it's CallbackInfo
[10Jun2026 13:33:34.036] [pool-11-thread-1/DEBUG] [mixin/]: pehkui.mixins.json:PreEntityTickMixin from mod pehkui->@Inject::pehkui$tick(Lorg/spongepowered/asm/mixin/injection/callback/CallbackInfo;)V has 0 override(s) in child classes
[10Jun2026 13:33:34.036] [pool-11-thread-1/DEBUG] [mixin/]: pehkui.mixins.json:PreEntityTickMixin from mod pehkui->@Inject::pehkui$tick(Lorg/spongepowered/asm/mixin/injection/callback/CallbackInfo;)V won't be passed a CallbackInfo as a result
[10Jun2026 13:33:34.144] [pool-11-thread-1/DEBUG] [mixin/]: Mixing BlockEntityTypeAccessor from neoforge.mixins.json into net.minecraft.world.level.block.entity.BlockEntityType
[10Jun2026 13:33:34.251] [pool-11-thread-1/DEBUG] [mixin/]: Mixing PersistentProjectileEntityMixin from pehkui.mixins.json into net.minecraft.world.entity.projectile.AbstractArrow
[10Jun2026 13:33:34.252] [pool-11-thread-1/DEBUG] [mixin/]: pehkui.mixins.json:PersistentProjectileEntityMixin from mod pehkui: Class version 65 required is higher than the class version supported by the current version of Mixin (JAVA_17 supports class version 61)
[10Jun2026 13:33:34.252] [pool-11-thread-1/DEBUG] [mixin/]: Mixing compat116plus.PersistentProjectileEntityMixin from pehkui.mixins.json into net.minecraft.world.entity.projectile.AbstractArrow
[10Jun2026 13:33:34.253] [pool-11-thread-1/DEBUG] [mixin/]: pehkui.mixins.json:compat116plus.PersistentProjectileEntityMixin from mod pehkui: Class version 65 required is higher than the class version supported by the current version of Mixin (JAVA_17 supports class version 61)
[10Jun2026 13:33:34.253] [pool-11-thread-1/DEBUG] [mixin/]: Mixing compat121plus.PersistentProjectileEntityMixin from pehkui.mixins.json into net.minecraft.world.entity.projectile.AbstractArrow
[10Jun2026 13:33:34.253] [pool-11-thread-1/DEBUG] [mixin/]: pehkui.mixins.json:compat121plus.PersistentProjectileEntityMixin from mod pehkui: Class version 65 required is higher than the class version supported by the current version of Mixin (JAVA_17 supports class version 61)
[10Jun2026 13:33:34.267] [pool-11-thread-1/DEBUG] [mixin/]: pehkui.mixins.json:PersistentProjectileEntityMixin from mod pehkui->@Inject::pehkui$setOwner(Lnet/minecraft/world/entity/Entity;Lorg/spongepowered/asm/mixin/injection/callback/CallbackInfo;)V doesn't use it's CallbackInfo
[10Jun2026 13:33:34.267] [pool-11-thread-1/DEBUG] [mixin/]: pehkui.mixins.json:PersistentProjectileEntityMixin from mod pehkui->@Inject::pehkui$setOwner(Lnet/minecraft/world/entity/Entity;Lorg/spongepowered/asm/mixin/injection/callback/CallbackInfo;)V has 0 override(s) in child classes
[10Jun2026 13:33:34.267] [pool-11-thread-1/DEBUG] [mixin/]: pehkui.mixins.json:PersistentProjectileEntityMixin from mod pehkui->@Inject::pehkui$setOwner(Lnet/minecraft/world/entity/Entity;Lorg/spongepowered/asm/mixin/injection/callback/CallbackInfo;)V won't be passed a CallbackInfo as a result
[10Jun2026 13:33:34.268] [pool-11-thread-1/DEBUG] [mixin/]: pehkui.mixins.json:compat121plus.PersistentProjectileEntityMixin from mod pehkui->@Inject::pehkui$construct(Lnet/minecraft/world/entity/EntityType;Lnet/minecraft/world/entity/LivingEntity;Lnet/minecraft/world/level/Level;Lnet/minecraft/world/item/ItemStack;Lnet/minecraft/world/item/ItemStack;Lorg/spongepowered/asm/mixin/injection/callback/CallbackInfo;)V doesn't use it's CallbackInfo
[10Jun2026 13:33:34.268] [pool-11-thread-1/DEBUG] [mixin/]: pehkui.mixins.json:compat121plus.PersistentProjectileEntityMixin from mod pehkui->@Inject::pehkui$construct(Lnet/minecraft/world/entity/EntityType;Lnet/minecraft/world/entity/LivingEntity;Lnet/minecraft/world/level/Level;Lnet/minecraft/world/item/ItemStack;Lnet/minecraft/world/item/ItemStack;Lorg/spongepowered/asm/mixin/injection/callback/CallbackInfo;)V has 0 override(s) in child classes
[10Jun2026 13:33:34.268] [pool-11-thread-1/DEBUG] [mixin/]: pehkui.mixins.json:compat121plus.PersistentProjectileEntityMixin from mod pehkui->@Inject::pehkui$construct(Lnet/minecraft/world/entity/EntityType;Lnet/minecraft/world/entity/LivingEntity;Lnet/minecraft/world/level/Level;Lnet/minecraft/world/item/ItemStack;Lnet/minecraft/world/item/ItemStack;Lorg/spongepowered/asm/mixin/injection/callback/CallbackInfo;)V won't be passed a CallbackInfo as a result
[10Jun2026 13:33:34.273] [pool-11-thread-1/DEBUG] [mixin/]: Mixing compat116plus.ProjectileEntityMixin from pehkui.mixins.json into net.minecraft.world.entity.projectile.Projectile
[10Jun2026 13:33:34.273] [pool-11-thread-1/DEBUG] [mixin/]: pehkui.mixins.json:compat116plus.ProjectileEntityMixin from mod pehkui: Class version 65 required is higher than the class version supported by the current version of Mixin (JAVA_17 supports class version 61)
[10Jun2026 13:33:34.275] [pool-11-thread-1/DEBUG] [mixin/]: pehkui.mixins.json:compat116plus.ProjectileEntityMixin from mod pehkui->@Inject::pehkui$setOwner(Lnet/minecraft/world/entity/Entity;Lorg/spongepowered/asm/mixin/injection/callback/CallbackInfo;)V doesn't use it's CallbackInfo
[10Jun2026 13:33:34.276] [pool-11-thread-1/DEBUG] [mixin/]: pehkui.mixins.json:compat116plus.ProjectileEntityMixin from mod pehkui->@Inject::pehkui$setOwner(Lnet/minecraft/world/entity/Entity;Lorg/spongepowered/asm/mixin/injection/callback/CallbackInfo;)V has 0 override(s) in child classes
[10Jun2026 13:33:34.276] [pool-11-thread-1/DEBUG] [mixin/]: pehkui.mixins.json:compat116plus.ProjectileEntityMixin from mod pehkui->@Inject::pehkui$setOwner(Lnet/minecraft/world/entity/Entity;Lorg/spongepowered/asm/mixin/injection/callback/CallbackInfo;)V won't be passed a CallbackInfo as a result
[10Jun2026 13:33:34.423] [pool-11-thread-1/DEBUG] [mixin/]: Mixing WitherEntityMixin from pehkui.mixins.json into net.minecraft.world.entity.boss.wither.WitherBoss
[10Jun2026 13:33:34.424] [pool-11-thread-1/DEBUG] [mixin/]: pehkui.mixins.json:WitherEntityMixin from mod pehkui: Class version 65 required is higher than the class version supported by the current version of Mixin (JAVA_17 supports class version 61)
[10Jun2026 13:33:34.424] [pool-11-thread-1/DEBUG] [mixin/]: Mixing compat1205plus.WitherEntityMixin from pehkui.mixins.json into net.minecraft.world.entity.boss.wither.WitherBoss
[10Jun2026 13:33:34.424] [pool-11-thread-1/DEBUG] [mixin/]: pehkui.mixins.json:compat1205plus.WitherEntityMixin from mod pehkui: Class version 65 required is higher than the class version supported by the current version of Mixin (JAVA_17 supports class version 61)
[10Jun2026 13:33:34.539] [pool-11-thread-1/DEBUG] [mixin/]: Mixing compat116plus.AnimalEntityMixin from pehkui.mixins.json into net.minecraft.world.entity.animal.Animal
[10Jun2026 13:33:34.540] [pool-11-thread-1/DEBUG] [mixin/]: pehkui.mixins.json:compat116plus.AnimalEntityMixin from mod pehkui: Class version 65 required is higher than the class version supported by the current version of Mixin (JAVA_17 supports class version 61)
[10Jun2026 13:33:34.542] [pool-11-thread-1/DEBUG] [mixin/]: pehkui.mixins.json:compat116plus.AnimalEntityMixin from mod pehkui->@Inject::pehkui$breed(Lnet/minecraft/server/level/ServerLevel;Lnet/minecraft/world/entity/animal/Animal;Lorg/spongepowered/asm/mixin/injection/callback/CallbackInfo;)V doesn't use it's CallbackInfo
[10Jun2026 13:33:34.542] [pool-11-thread-1/DEBUG] [mixin/]: pehkui.mixins.json:compat116plus.AnimalEntityMixin from mod pehkui->@Inject::pehkui$breed(Lnet/minecraft/server/level/ServerLevel;Lnet/minecraft/world/entity/animal/Animal;Lorg/spongepowered/asm/mixin/injection/callback/CallbackInfo;)V has 0 override(s) in child classes
[10Jun2026 13:33:34.542] [pool-11-thread-1/DEBUG] [mixin/]: pehkui.mixins.json:compat116plus.AnimalEntityMixin from mod pehkui->@Inject::pehkui$breed(Lnet/minecraft/server/level/ServerLevel;Lnet/minecraft/world/entity/animal/Animal;Lorg/spongepowered/asm/mixin/injection/callback/CallbackInfo;)V won't be passed a CallbackInfo as a result
[10Jun2026 13:33:34.892] [pool-11-thread-1/DEBUG] [mixin/]: Mixing ServerPlayerEntityMixin from pehkui.mixins.json into net.minecraft.server.level.ServerPlayer
[10Jun2026 13:33:34.892] [pool-11-thread-1/DEBUG] [mixin/]: pehkui.mixins.json:ServerPlayerEntityMixin from mod pehkui: Class version 65 required is higher than the class version supported by the current version of Mixin (JAVA_17 supports class version 61)
[10Jun2026 13:33:34.893] [pool-11-thread-1/DEBUG] [mixin/]: Mixing NetworkServerPlayerMixin from veil.network.mixins.json into net.minecraft.server.level.ServerPlayer
[10Jun2026 13:33:34.894] [pool-11-thread-1/DEBUG] [mixin/]: pehkui.mixins.json:ServerPlayerEntityMixin from mod pehkui->@Inject::pehkui$copyFrom(Lnet/minecraft/server/level/ServerPlayer;ZLorg/spongepowered/asm/mixin/injection/callback/CallbackInfo;)V doesn't use it's CallbackInfo
[10Jun2026 13:33:34.895] [pool-11-thread-1/DEBUG] [mixin/]: pehkui.mixins.json:ServerPlayerEntityMixin from mod pehkui->@Inject::pehkui$copyFrom(Lnet/minecraft/server/level/ServerPlayer;ZLorg/spongepowered/asm/mixin/injection/callback/CallbackInfo;)V has 0 override(s) in child classes
[10Jun2026 13:33:34.895] [pool-11-thread-1/DEBUG] [mixin/]: pehkui.mixins.json:ServerPlayerEntityMixin from mod pehkui->@Inject::pehkui$copyFrom(Lnet/minecraft/server/level/ServerPlayer;ZLorg/spongepowered/asm/mixin/injection/callback/CallbackInfo;)V won't be passed a CallbackInfo as a result
[10Jun2026 13:33:35.345] [pool-11-thread-1/DEBUG] [mixin/]: Mixing compat117plus.patchwork.compat.IForgeItemMixin from pehkui.mixins.json into net.neoforged.neoforge.common.extensions.IItemExtension
[10Jun2026 13:33:35.346] [pool-11-thread-1/DEBUG] [mixin/]: pehkui.mixins.json:compat117plus.patchwork.compat.IForgeItemMixin from mod pehkui: Class version 65 required is higher than the class version supported by the current version of Mixin (JAVA_17 supports class version 61)
[10Jun2026 13:33:35.367] [pool-11-thread-1/DEBUG] [mixin/]: Mixing compat116plus.SpawnEggItemMixin from pehkui.mixins.json into net.minecraft.world.item.SpawnEggItem
[10Jun2026 13:33:35.368] [pool-11-thread-1/DEBUG] [mixin/]: pehkui.mixins.json:compat116plus.SpawnEggItemMixin from mod pehkui: Class version 65 required is higher than the class version supported by the current version of Mixin (JAVA_17 supports class version 61)
[10Jun2026 13:33:35.369] [pool-11-thread-1/DEBUG] [mixin/]: Renaming synthetic method lambda$pehkui$spawnBaby$0(Lnet/minecraft/world/entity/Mob;Lnet/minecraft/world/entity/Mob;)V to md0b472e$pehkui$lambda$pehkui$spawnBaby$0$0 in pehkui.mixins.json:compat116plus.SpawnEggItemMixin from mod pehkui
[10Jun2026 13:33:35.370] [pool-11-thread-1/DEBUG] [mixin/]: pehkui.mixins.json:compat116plus.SpawnEggItemMixin from mod pehkui->@Inject::pehkui$spawnBaby(Lnet/minecraft/world/entity/player/Player;Lnet/minecraft/world/entity/Mob;Lnet/minecraft/world/entity/EntityType;Lnet/minecraft/server/level/ServerLevel;Lnet/minecraft/world/phys/Vec3;Lnet/minecraft/world/item/ItemStack;Lorg/spongepowered/asm/mixin/injection/callback/CallbackInfoReturnable;)V does use it's CallbackInfoReturnable
[10Jun2026 13:33:35.370] [pool-11-thread-1/DEBUG] [mixin/]: pehkui.mixins.json:compat116plus.SpawnEggItemMixin from mod pehkui->@Inject::pehkui$spawnBaby(Lnet/minecraft/world/entity/player/Player;Lnet/minecraft/world/entity/Mob;Lnet/minecraft/world/entity/EntityType;Lnet/minecraft/server/level/ServerLevel;Lnet/minecraft/world/phys/Vec3;Lnet/minecraft/world/item/ItemStack;Lorg/spongepowered/asm/mixin/injection/callback/CallbackInfoReturnable;)V does use it's CallbackInfoReturnable
[10Jun2026 13:33:35.370] [pool-11-thread-1/DEBUG] [mixin/]: pehkui.mixins.json:compat116plus.SpawnEggItemMixin from mod pehkui->@Inject::pehkui$spawnBaby(Lnet/minecraft/world/entity/player/Player;Lnet/minecraft/world/entity/Mob;Lnet/minecraft/world/entity/EntityType;Lnet/minecraft/server/level/ServerLevel;Lnet/minecraft/world/phys/Vec3;Lnet/minecraft/world/item/ItemStack;Lorg/spongepowered/asm/mixin/injection/callback/CallbackInfoReturnable;)V does use it's CallbackInfoReturnable
[10Jun2026 13:33:35.370] [pool-11-thread-1/DEBUG] [mixin/]: pehkui.mixins.json:compat116plus.SpawnEggItemMixin from mod pehkui->@Inject::pehkui$spawnBaby(Lnet/minecraft/world/entity/player/Player;Lnet/minecraft/world/entity/Mob;Lnet/minecraft/world/entity/EntityType;Lnet/minecraft/server/level/ServerLevel;Lnet/minecraft/world/phys/Vec3;Lnet/minecraft/world/item/ItemStack;Lorg/spongepowered/asm/mixin/injection/callback/CallbackInfoReturnable;)V does use it's CallbackInfoReturnable
[10Jun2026 13:33:35.383] [pool-11-thread-1/DEBUG] [mixin/]: Mixing compat1203plus.BrushItemMixin from pehkui.mixins.json into net.minecraft.world.item.BrushItem
[10Jun2026 13:33:35.383] [pool-11-thread-1/DEBUG] [mixin/]: pehkui.mixins.json:compat1203plus.BrushItemMixin from mod pehkui: Class version 65 required is higher than the class version supported by the current version of Mixin (JAVA_17 supports class version 61)
[10Jun2026 13:33:35.433] [pool-11-thread-1/DEBUG] [io.netty.util.internal.PlatformDependent0/]: -Dio.netty.noUnsafe: false
[10Jun2026 13:33:35.433] [pool-11-thread-1/DEBUG] [io.netty.util.internal.PlatformDependent0/]: Java version: 21
[10Jun2026 13:33:35.434] [pool-11-thread-1/DEBUG] [io.netty.util.internal.PlatformDependent0/]: sun.misc.Unsafe.theUnsafe: available
[10Jun2026 13:33:35.434] [pool-11-thread-1/DEBUG] [io.netty.util.internal.PlatformDependent0/]: sun.misc.Unsafe.copyMemory: available
[10Jun2026 13:33:35.434] [pool-11-thread-1/DEBUG] [io.netty.util.internal.PlatformDependent0/]: sun.misc.Unsafe.storeFence: available
[10Jun2026 13:33:35.435] [pool-11-thread-1/DEBUG] [io.netty.util.internal.PlatformDependent0/]: java.nio.Buffer.address: available
[10Jun2026 13:33:35.435] [pool-11-thread-1/DEBUG] [io.netty.util.internal.PlatformDependent0/]: direct buffer constructor: unavailable: Reflective setAccessible(true) disabled
[10Jun2026 13:33:35.435] [pool-11-thread-1/DEBUG] [io.netty.util.internal.PlatformDependent0/]: java.nio.Bits.unaligned: available, true
[10Jun2026 13:33:35.436] [pool-11-thread-1/DEBUG] [io.netty.util.internal.PlatformDependent0/]: jdk.internal.misc.Unsafe.allocateUninitializedArray(int): unavailable: class io.netty.util.internal.PlatformDependent0$7 (in module io.netty.common) cannot access class jdk.internal.misc.Unsafe (in module java.base) because module java.base does not export jdk.internal.misc to module io.netty.common
[10Jun2026 13:33:35.437] [pool-11-thread-1/DEBUG] [io.netty.util.internal.PlatformDependent0/]: java.nio.DirectByteBuffer.<init>(long, {int,long}): unavailable
[10Jun2026 13:33:35.437] [pool-11-thread-1/DEBUG] [io.netty.util.internal.PlatformDependent/]: sun.misc.Unsafe: available
[10Jun2026 13:33:35.438] [pool-11-thread-1/DEBUG] [io.netty.util.internal.PlatformDependent/]: maxDirectMemory: 8577351680 bytes (maybe)
[10Jun2026 13:33:35.438] [pool-11-thread-1/DEBUG] [io.netty.util.internal.PlatformDependent/]: -Dio.netty.tmpdir: C:\Users\Reece\AppData\Local\Temp (java.io.tmpdir)
[10Jun2026 13:33:35.438] [pool-11-thread-1/DEBUG] [io.netty.util.internal.PlatformDependent/]: -Dio.netty.bitMode: 64 (sun.arch.data.model)
[10Jun2026 13:33:35.439] [pool-11-thread-1/DEBUG] [io.netty.util.internal.PlatformDependent/]: Platform: Windows
[10Jun2026 13:33:35.439] [pool-11-thread-1/DEBUG] [io.netty.util.internal.PlatformDependent/]: -Dio.netty.maxDirectMemory: -1 bytes
[10Jun2026 13:33:35.439] [pool-11-thread-1/DEBUG] [io.netty.util.internal.PlatformDependent/]: -Dio.netty.uninitializedArrayAllocationThreshold: -1
[10Jun2026 13:33:35.440] [pool-11-thread-1/DEBUG] [io.netty.util.internal.CleanerJava9/]: java.nio.ByteBuffer.cleaner(): available
[10Jun2026 13:33:35.440] [pool-11-thread-1/DEBUG] [io.netty.util.internal.PlatformDependent/]: -Dio.netty.noPreferDirect: false
[10Jun2026 13:33:35.487] [pool-11-thread-1/DEBUG] [mixin/]: Mixing NbtPredicateMixin from pehkui.mixins.json into net.minecraft.advancements.critereon.NbtPredicate
[10Jun2026 13:33:35.488] [pool-11-thread-1/DEBUG] [mixin/]: pehkui.mixins.json:NbtPredicateMixin from mod pehkui: Class version 65 required is higher than the class version supported by the current version of Mixin (JAVA_17 supports class version 61)
[10Jun2026 13:33:35.489] [pool-11-thread-1/DEBUG] [mixin/]: pehkui.mixins.json:NbtPredicateMixin from mod pehkui->@Inject::pehkui$entityToNbt$before(Lnet/minecraft/world/entity/Entity;Lorg/spongepowered/asm/mixin/injection/callback/CallbackInfoReturnable;)V doesn't use it's CallbackInfoReturnable
[10Jun2026 13:33:35.489] [pool-11-thread-1/DEBUG] [mixin/]: pehkui.mixins.json:NbtPredicateMixin from mod pehkui->@Inject::pehkui$entityToNbt$after(Lnet/minecraft/world/entity/Entity;Lorg/spongepowered/asm/mixin/injection/callback/CallbackInfoReturnable;)V doesn't use it's CallbackInfoReturnable
[10Jun2026 13:33:35.633] [pool-11-thread-1/DEBUG] [mixin/]: Mixing compat1205plus.ExplosionMixin from pehkui.mixins.json into net.minecraft.world.level.Explosion
[10Jun2026 13:33:35.633] [pool-11-thread-1/DEBUG] [mixin/]: pehkui.mixins.json:compat1205plus.ExplosionMixin from mod pehkui: Class version 65 required is higher than the class version supported by the current version of Mixin (JAVA_17 supports class version 61)
[10Jun2026 13:33:35.635] [pool-11-thread-1/DEBUG] [mixin/]: pehkui.mixins.json:compat1205plus.ExplosionMixin from mod pehkui->@Inject::pehkui$construct(Lnet/minecraft/world/level/Level;Lnet/minecraft/world/entity/Entity;Lnet/minecraft/world/damagesource/DamageSource;Lnet/minecraft/world/level/ExplosionDamageCalculator;DDDFZLnet/minecraft/world/level/Explosion$BlockInteraction;Lnet/minecraft/core/particles/ParticleOptions;Lnet/minecraft/core/particles/ParticleOptions;Ljava/lang/Object;Lorg/spongepowered/asm/mixin/injection/callback/CallbackInfo;)V doesn't use it's CallbackInfo
[10Jun2026 13:33:35.635] [pool-11-thread-1/DEBUG] [mixin/]: pehkui.mixins.json:compat1205plus.ExplosionMixin from mod pehkui->@Inject::pehkui$construct(Lnet/minecraft/world/level/Level;Lnet/minecraft/world/entity/Entity;Lnet/minecraft/world/damagesource/DamageSource;Lnet/minecraft/world/level/ExplosionDamageCalculator;DDDFZLnet/minecraft/world/level/Explosion$BlockInteraction;Lnet/minecraft/core/particles/ParticleOptions;Lnet/minecraft/core/particles/ParticleOptions;Ljava/lang/Object;Lorg/spongepowered/asm/mixin/injection/callback/CallbackInfo;)V has 0 override(s) in child classes
[10Jun2026 13:33:35.635] [pool-11-thread-1/DEBUG] [mixin/]: pehkui.mixins.json:compat1205plus.ExplosionMixin from mod pehkui->@Inject::pehkui$construct(Lnet/minecraft/world/level/Level;Lnet/minecraft/world/entity/Entity;Lnet/minecraft/world/damagesource/DamageSource;Lnet/minecraft/world/level/ExplosionDamageCalculator;DDDFZLnet/minecraft/world/level/Explosion$BlockInteraction;Lnet/minecraft/core/particles/ParticleOptions;Lnet/minecraft/core/particles/ParticleOptions;Ljava/lang/Object;Lorg/spongepowered/asm/mixin/injection/callback/CallbackInfo;)V won't be passed a CallbackInfo as a result
[10Jun2026 13:33:35.640] [pool-11-thread-1/DEBUG] [mixin/]: Mixing BoatEntityMixin from pehkui.mixins.json into net.minecraft.world.entity.vehicle.Boat
[10Jun2026 13:33:35.641] [pool-11-thread-1/DEBUG] [mixin/]: pehkui.mixins.json:BoatEntityMixin from mod pehkui: Class version 65 required is higher than the class version supported by the current version of Mixin (JAVA_17 supports class version 61)
[10Jun2026 13:33:35.643] [pool-11-thread-1/DEBUG] [mixin/]: Mixing compat1205plus.BoatEntityMixin from pehkui.mixins.json into net.minecraft.world.entity.vehicle.Boat
[10Jun2026 13:33:35.644] [pool-11-thread-1/DEBUG] [mixin/]: pehkui.mixins.json:compat1205plus.BoatEntityMixin from mod pehkui: Class version 65 required is higher than the class version supported by the current version of Mixin (JAVA_17 supports class version 61)
[10Jun2026 13:33:35.676] [pool-11-thread-1/DEBUG] [mixin/]: Mixing PreEntityTickMixin from pehkui.mixins.json into net.minecraft.world.entity.vehicle.AbstractMinecart
[10Jun2026 13:33:35.677] [pool-11-thread-1/DEBUG] [mixin/]: pehkui.mixins.json:PreEntityTickMixin from mod pehkui: Class version 65 required is higher than the class version supported by the current version of Mixin (JAVA_17 supports class version 61)
[10Jun2026 13:33:35.678] [pool-11-thread-1/DEBUG] [mixin/]: pehkui.mixins.json:PreEntityTickMixin from mod pehkui->@Inject::pehkui$tick(Lorg/spongepowered/asm/mixin/injection/callback/CallbackInfo;)V doesn't use it's CallbackInfo
[10Jun2026 13:33:35.678] [pool-11-thread-1/DEBUG] [mixin/]: pehkui.mixins.json:PreEntityTickMixin from mod pehkui->@Inject::pehkui$tick(Lorg/spongepowered/asm/mixin/injection/callback/CallbackInfo;)V has 0 override(s) in child classes
[10Jun2026 13:33:35.678] [pool-11-thread-1/DEBUG] [mixin/]: pehkui.mixins.json:PreEntityTickMixin from mod pehkui->@Inject::pehkui$tick(Lorg/spongepowered/asm/mixin/injection/callback/CallbackInfo;)V won't be passed a CallbackInfo as a result
[10Jun2026 13:33:35.697] [pool-11-thread-1/DEBUG] [mixin/]: Mixing compat121plus.BlockAttachedEntityMixin from pehkui.mixins.json into net.minecraft.world.entity.decoration.BlockAttachedEntity
[10Jun2026 13:33:35.697] [pool-11-thread-1/DEBUG] [mixin/]: pehkui.mixins.json:compat121plus.BlockAttachedEntityMixin from mod pehkui: Class version 65 required is higher than the class version supported by the current version of Mixin (JAVA_17 supports class version 61)
[10Jun2026 13:33:35.698] [pool-11-thread-1/DEBUG] [mixin/]: pehkui.mixins.json:compat121plus.BlockAttachedEntityMixin from mod pehkui->@Inject::pehkui$calculateDimensions(Lorg/spongepowered/asm/mixin/injection/callback/CallbackInfo;)V doesn't use it's CallbackInfo
[10Jun2026 13:33:35.698] [pool-11-thread-1/DEBUG] [mixin/]: pehkui.mixins.json:compat121plus.BlockAttachedEntityMixin from mod pehkui->@Inject::pehkui$calculateDimensions(Lorg/spongepowered/asm/mixin/injection/callback/CallbackInfo;)V has 0 override(s) in child classes
[10Jun2026 13:33:35.698] [pool-11-thread-1/DEBUG] [mixin/]: pehkui.mixins.json:compat121plus.BlockAttachedEntityMixin from mod pehkui->@Inject::pehkui$calculateDimensions(Lorg/spongepowered/asm/mixin/injection/callback/CallbackInfo;)V won't be passed a CallbackInfo as a result
[10Jun2026 13:33:35.713] [pool-11-thread-1/DEBUG] [mixin/]: Mixing AreaEffectCloudEntityMixin from pehkui.mixins.json into net.minecraft.world.entity.AreaEffectCloud
[10Jun2026 13:33:35.713] [pool-11-thread-1/DEBUG] [mixin/]: pehkui.mixins.json:AreaEffectCloudEntityMixin from mod pehkui: Class version 65 required is higher than the class version supported by the current version of Mixin (JAVA_17 supports class version 61)
[10Jun2026 13:33:35.723] [pool-11-thread-1/DEBUG] [mixin/]: Mixing ArmorStandEntityMixin from pehkui.mixins.json into net.minecraft.world.entity.decoration.ArmorStand
[10Jun2026 13:33:35.724] [pool-11-thread-1/DEBUG] [mixin/]: pehkui.mixins.json:ArmorStandEntityMixin from mod pehkui: Class version 65 required is higher than the class version supported by the current version of Mixin (JAVA_17 supports class version 61)
[10Jun2026 13:33:35.746] [pool-11-thread-1/DEBUG] [mixin/]: Mixing TrackTargetGoalMixin from pehkui.mixins.json into net.minecraft.world.entity.ai.goal.target.TargetGoal
[10Jun2026 13:33:35.747] [pool-11-thread-1/DEBUG] [mixin/]: pehkui.mixins.json:TrackTargetGoalMixin from mod pehkui: Class version 65 required is higher than the class version supported by the current version of Mixin (JAVA_17 supports class version 61)
[10Jun2026 13:33:35.752] [pool-11-thread-1/DEBUG] [mixin/]: Mixing BlazeEntityShootFireballGoalMixin from pehkui.mixins.json into net.minecraft.world.entity.monster.Blaze$BlazeAttackGoal
[10Jun2026 13:33:35.753] [pool-11-thread-1/DEBUG] [mixin/]: pehkui.mixins.json:BlazeEntityShootFireballGoalMixin from mod pehkui: Class version 65 required is higher than the class version supported by the current version of Mixin (JAVA_17 supports class version 61)
[10Jun2026 13:33:35.768] [pool-11-thread-1/DEBUG] [mixin/]: Mixing compat121plus.ExplosiveProjectileEntityMixin from pehkui.mixins.json into net.minecraft.world.entity.projectile.AbstractHurtingProjectile
[10Jun2026 13:33:35.768] [pool-11-thread-1/DEBUG] [mixin/]: pehkui.mixins.json:compat121plus.ExplosiveProjectileEntityMixin from mod pehkui: Class version 65 required is higher than the class version supported by the current version of Mixin (JAVA_17 supports class version 61)
[10Jun2026 13:33:35.769] [pool-11-thread-1/DEBUG] [mixin/]: pehkui.mixins.json:compat121plus.ExplosiveProjectileEntityMixin from mod pehkui->@Inject::pehkui$construct(Lnet/minecraft/world/entity/EntityType;Lnet/minecraft/world/entity/LivingEntity;Lnet/minecraft/world/phys/Vec3;Lnet/minecraft/world/level/Level;Lorg/spongepowered/asm/mixin/injection/callback/CallbackInfo;)V doesn't use it's CallbackInfo
[10Jun2026 13:33:35.769] [pool-11-thread-1/DEBUG] [mixin/]: pehkui.mixins.json:compat121plus.ExplosiveProjectileEntityMixin from mod pehkui->@Inject::pehkui$construct(Lnet/minecraft/world/entity/EntityType;Lnet/minecraft/world/entity/LivingEntity;Lnet/minecraft/world/phys/Vec3;Lnet/minecraft/world/level/Level;Lorg/spongepowered/asm/mixin/injection/callback/CallbackInfo;)V has 0 override(s) in child classes
[10Jun2026 13:33:35.769] [pool-11-thread-1/DEBUG] [mixin/]: pehkui.mixins.json:compat121plus.ExplosiveProjectileEntityMixin from mod pehkui->@Inject::pehkui$construct(Lnet/minecraft/world/entity/EntityType;Lnet/minecraft/world/entity/LivingEntity;Lnet/minecraft/world/phys/Vec3;Lnet/minecraft/world/level/Level;Lorg/spongepowered/asm/mixin/injection/callback/CallbackInfo;)V won't be passed a CallbackInfo as a result
[10Jun2026 13:33:35.795] [pool-11-thread-1/DEBUG] [mixin/]: Mixing compat119plus.ChestBoatEntityMixin from pehkui.mixins.json into net.minecraft.world.entity.vehicle.ChestBoat
[10Jun2026 13:33:35.796] [pool-11-thread-1/DEBUG] [mixin/]: pehkui.mixins.json:compat119plus.ChestBoatEntityMixin from mod pehkui: Class version 65 required is higher than the class version supported by the current version of Mixin (JAVA_17 supports class version 61)
[10Jun2026 13:33:35.824] [pool-11-thread-1/DEBUG] [mixin/]: Mixing compat116plus.DragonFireballEntityMixin from pehkui.mixins.json into net.minecraft.world.entity.projectile.DragonFireball
[10Jun2026 13:33:35.824] [pool-11-thread-1/DEBUG] [mixin/]: pehkui.mixins.json:compat116plus.DragonFireballEntityMixin from mod pehkui: Class version 65 required is higher than the class version supported by the current version of Mixin (JAVA_17 supports class version 61)
[10Jun2026 13:33:35.841] [pool-11-thread-1/DEBUG] [mixin/]: Mixing compat116plus.EggEntityMixin from pehkui.mixins.json into net.minecraft.world.entity.projectile.ThrownEgg
[10Jun2026 13:33:35.842] [pool-11-thread-1/DEBUG] [mixin/]: pehkui.mixins.json:compat116plus.EggEntityMixin from mod pehkui: Class version 65 required is higher than the class version supported by the current version of Mixin (JAVA_17 supports class version 61)
[10Jun2026 13:33:35.844] [pool-11-thread-1/DEBUG] [mixin/]: Mixing ThrownEntityMixin from pehkui.mixins.json into net.minecraft.world.entity.projectile.ThrowableProjectile
[10Jun2026 13:33:35.844] [pool-11-thread-1/DEBUG] [mixin/]: pehkui.mixins.json:ThrownEntityMixin from mod pehkui: Class version 65 required is higher than the class version supported by the current version of Mixin (JAVA_17 supports class version 61)
[10Jun2026 13:33:35.846] [pool-11-thread-1/DEBUG] [mixin/]: pehkui.mixins.json:ThrownEntityMixin from mod pehkui->@Inject::pehkui$construct(Lnet/minecraft/world/entity/EntityType;Lnet/minecraft/world/entity/LivingEntity;Lnet/minecraft/world/level/Level;Lorg/spongepowered/asm/mixin/injection/callback/CallbackInfo;)V doesn't use it's CallbackInfo
[10Jun2026 13:33:35.846] [pool-11-thread-1/DEBUG] [mixin/]: pehkui.mixins.json:ThrownEntityMixin from mod pehkui->@Inject::pehkui$construct(Lnet/minecraft/world/entity/EntityType;Lnet/minecraft/world/entity/LivingEntity;Lnet/minecraft/world/level/Level;Lorg/spongepowered/asm/mixin/injection/callback/CallbackInfo;)V has 0 override(s) in child classes
[10Jun2026 13:33:35.846] [pool-11-thread-1/DEBUG] [mixin/]: pehkui.mixins.json:ThrownEntityMixin from mod pehkui->@Inject::pehkui$construct(Lnet/minecraft/world/entity/EntityType;Lnet/minecraft/world/entity/LivingEntity;Lnet/minecraft/world/level/Level;Lorg/spongepowered/asm/mixin/injection/callback/CallbackInfo;)V won't be passed a CallbackInfo as a result
[10Jun2026 13:33:35.852] [pool-11-thread-1/DEBUG] [mixin/]: Mixing PreEntityTickMixin from pehkui.mixins.json into net.minecraft.world.entity.boss.enderdragon.EndCrystal
[10Jun2026 13:33:35.852] [pool-11-thread-1/DEBUG] [mixin/]: pehkui.mixins.json:PreEntityTickMixin from mod pehkui: Class version 65 required is higher than the class version supported by the current version of Mixin (JAVA_17 supports class version 61)
[10Jun2026 13:33:35.852] [pool-11-thread-1/DEBUG] [mixin/]: Mixing compat1203plus.EndCrystalEntityMixin from pehkui.mixins.json into net.minecraft.world.entity.boss.enderdragon.EndCrystal
[10Jun2026 13:33:35.852] [pool-11-thread-1/DEBUG] [mixin/]: pehkui.mixins.json:compat1203plus.EndCrystalEntityMixin from mod pehkui: Class version 65 required is higher than the class version supported by the current version of Mixin (JAVA_17 supports class version 61)
[10Jun2026 13:33:35.854] [pool-11-thread-1/DEBUG] [mixin/]: pehkui.mixins.json:PreEntityTickMixin from mod pehkui->@Inject::pehkui$tick(Lorg/spongepowered/asm/mixin/injection/callback/CallbackInfo;)V doesn't use it's CallbackInfo
[10Jun2026 13:33:35.854] [pool-11-thread-1/DEBUG] [mixin/]: pehkui.mixins.json:PreEntityTickMixin from mod pehkui->@Inject::pehkui$tick(Lorg/spongepowered/asm/mixin/injection/callback/CallbackInfo;)V has 0 override(s) in child classes
[10Jun2026 13:33:35.854] [pool-11-thread-1/DEBUG] [mixin/]: pehkui.mixins.json:PreEntityTickMixin from mod pehkui->@Inject::pehkui$tick(Lorg/spongepowered/asm/mixin/injection/callback/CallbackInfo;)V won't be passed a CallbackInfo as a result
[10Jun2026 13:33:35.856] [pool-11-thread-1/DEBUG] [mixin/]: Mixing EnderDragonEntityMixin from pehkui.mixins.json into net.minecraft.world.entity.boss.enderdragon.EnderDragon
[10Jun2026 13:33:35.856] [pool-11-thread-1/DEBUG] [mixin/]: pehkui.mixins.json:EnderDragonEntityMixin from mod pehkui: Class version 65 required is higher than the class version supported by the current version of Mixin (JAVA_17 supports class version 61)
[10Jun2026 13:33:35.863] [pool-11-thread-1/DEBUG] [mixin/]: Mixing compat121plus.EnderPearlEntityMixin from pehkui.mixins.json into net.minecraft.world.entity.projectile.ThrownEnderpearl
[10Jun2026 13:33:35.863] [pool-11-thread-1/DEBUG] [mixin/]: pehkui.mixins.json:compat121plus.EnderPearlEntityMixin from mod pehkui: Class version 65 required is higher than the class version supported by the current version of Mixin (JAVA_17 supports class version 61)
[10Jun2026 13:33:35.866] [pool-11-thread-1/DEBUG] [mixin/]: pehkui.mixins.json:compat121plus.EnderPearlEntityMixin from mod pehkui->@Inject::pehkui$onCollision(Lnet/minecraft/world/phys/HitResult;Lorg/spongepowered/asm/mixin/injection/callback/CallbackInfo;)V doesn't use it's CallbackInfo
[10Jun2026 13:33:35.866] [pool-11-thread-1/DEBUG] [mixin/]: pehkui.mixins.json:compat121plus.EnderPearlEntityMixin from mod pehkui->@Inject::pehkui$onCollision(Lnet/minecraft/world/phys/HitResult;Lorg/spongepowered/asm/mixin/injection/callback/CallbackInfo;)V has 0 override(s) in child classes
[10Jun2026 13:33:35.866] [pool-11-thread-1/DEBUG] [mixin/]: pehkui.mixins.json:compat121plus.EnderPearlEntityMixin from mod pehkui->@Inject::pehkui$onCollision(Lnet/minecraft/world/phys/HitResult;Lorg/spongepowered/asm/mixin/injection/callback/CallbackInfo;)V won't be passed a CallbackInfo as a result
[10Jun2026 13:33:35.881] [pool-11-thread-1/DEBUG] [mixin/]: Mixing compat116plus.SummonVexGoalMixin from pehkui.mixins.json into net.minecraft.world.entity.monster.Evoker$EvokerSummonSpellGoal
[10Jun2026 13:33:35.882] [pool-11-thread-1/DEBUG] [mixin/]: pehkui.mixins.json:compat116plus.SummonVexGoalMixin from mod pehkui: Class version 65 required is higher than the class version supported by the current version of Mixin (JAVA_17 supports class version 61)
[10Jun2026 13:33:35.886] [pool-11-thread-1/DEBUG] [mixin/]: Mixing EvokerFangsEntityMixin from pehkui.mixins.json into net.minecraft.world.entity.projectile.EvokerFangs
[10Jun2026 13:33:35.886] [pool-11-thread-1/DEBUG] [mixin/]: pehkui.mixins.json:EvokerFangsEntityMixin from mod pehkui: Class version 65 required is higher than the class version supported by the current version of Mixin (JAVA_17 supports class version 61)
[10Jun2026 13:33:35.887] [pool-11-thread-1/DEBUG] [mixin/]: pehkui.mixins.json:EvokerFangsEntityMixin from mod pehkui->@Inject::pehkui$construct(Lnet/minecraft/world/level/Level;DDDFILnet/minecraft/world/entity/LivingEntity;Lorg/spongepowered/asm/mixin/injection/callback/CallbackInfo;)V doesn't use it's CallbackInfo
[10Jun2026 13:33:35.887] [pool-11-thread-1/DEBUG] [mixin/]: pehkui.mixins.json:EvokerFangsEntityMixin from mod pehkui->@Inject::pehkui$construct(Lnet/minecraft/world/level/Level;DDDFILnet/minecraft/world/entity/LivingEntity;Lorg/spongepowered/asm/mixin/injection/callback/CallbackInfo;)V has 0 override(s) in child classes
[10Jun2026 13:33:35.887] [pool-11-thread-1/DEBUG] [mixin/]: pehkui.mixins.json:EvokerFangsEntityMixin from mod pehkui->@Inject::pehkui$construct(Lnet/minecraft/world/level/Level;DDDFILnet/minecraft/world/entity/LivingEntity;Lorg/spongepowered/asm/mixin/injection/callback/CallbackInfo;)V won't be passed a CallbackInfo as a result
[10Jun2026 13:33:35.897] [pool-11-thread-1/DEBUG] [mixin/]: Mixing compat116plus.FoxEntityMateGoalMixin from pehkui.mixins.json into net.minecraft.world.entity.animal.Fox$FoxBreedGoal
[10Jun2026 13:33:35.897] [pool-11-thread-1/DEBUG] [mixin/]: pehkui.mixins.json:compat116plus.FoxEntityMateGoalMixin from mod pehkui: Class version 65 required is higher than the class version supported by the current version of Mixin (JAVA_17 supports class version 61)
[10Jun2026 13:33:35.899] [pool-11-thread-1/DEBUG] [mixin/]: pehkui.mixins.json:compat116plus.FoxEntityMateGoalMixin from mod pehkui->@Inject::pehkui$breed(Lorg/spongepowered/asm/mixin/injection/callback/CallbackInfo;)V doesn't use it's CallbackInfo
[10Jun2026 13:33:35.900] [pool-11-thread-1/DEBUG] [mixin/]: pehkui.mixins.json:compat116plus.FoxEntityMateGoalMixin from mod pehkui->@Inject::pehkui$breed(Lorg/spongepowered/asm/mixin/injection/callback/CallbackInfo;)V has 0 override(s) in child classes
[10Jun2026 13:33:35.900] [pool-11-thread-1/DEBUG] [mixin/]: pehkui.mixins.json:compat116plus.FoxEntityMateGoalMixin from mod pehkui->@Inject::pehkui$breed(Lorg/spongepowered/asm/mixin/injection/callback/CallbackInfo;)V won't be passed a CallbackInfo as a result
[10Jun2026 13:33:35.912] [pool-11-thread-1/DEBUG] [mixin/]: Mixing GhastEntityShootFireballGoalMixin from pehkui.mixins.json into net.minecraft.world.entity.monster.Ghast$GhastShootFireballGoal
[10Jun2026 13:33:35.912] [pool-11-thread-1/DEBUG] [mixin/]: pehkui.mixins.json:GhastEntityShootFireballGoalMixin from mod pehkui: Class version 65 required is higher than the class version supported by the current version of Mixin (JAVA_17 supports class version 61)
[10Jun2026 13:33:35.918] [pool-11-thread-1/DEBUG] [mixin/]: Mixing AbstractDecorationEntityMixin from pehkui.mixins.json into net.minecraft.world.entity.decoration.HangingEntity
[10Jun2026 13:33:35.919] [pool-11-thread-1/DEBUG] [mixin/]: pehkui.mixins.json:AbstractDecorationEntityMixin from mod pehkui: Class version 65 required is higher than the class version supported by the current version of Mixin (JAVA_17 supports class version 61)
[10Jun2026 13:33:35.946] [pool-11-thread-1/DEBUG] [mixin/]: Mixing compat1193plus.FireballEntityMixin from pehkui.mixins.json into net.minecraft.world.entity.projectile.LargeFireball
[10Jun2026 13:33:35.946] [pool-11-thread-1/DEBUG] [mixin/]: pehkui.mixins.json:compat1193plus.FireballEntityMixin from mod pehkui: Class version 65 required is higher than the class version supported by the current version of Mixin (JAVA_17 supports class version 61)
[10Jun2026 13:33:35.954] [pool-11-thread-1/DEBUG] [mixin/]: Mixing LlamaSpitEntityMixin from pehkui.mixins.json into net.minecraft.world.entity.projectile.LlamaSpit
[10Jun2026 13:33:35.955] [pool-11-thread-1/DEBUG] [mixin/]: pehkui.mixins.json:LlamaSpitEntityMixin from mod pehkui: Class version 65 required is higher than the class version supported by the current version of Mixin (JAVA_17 supports class version 61)
[10Jun2026 13:33:35.957] [pool-11-thread-1/DEBUG] [mixin/]: pehkui.mixins.json:LlamaSpitEntityMixin from mod pehkui->@Inject::pehkui$construct(Lnet/minecraft/world/level/Level;Lnet/minecraft/world/entity/animal/horse/Llama;Lorg/spongepowered/asm/mixin/injection/callback/CallbackInfo;)V doesn't use it's CallbackInfo
[10Jun2026 13:33:35.958] [pool-11-thread-1/DEBUG] [mixin/]: pehkui.mixins.json:LlamaSpitEntityMixin from mod pehkui->@Inject::pehkui$construct(Lnet/minecraft/world/level/Level;Lnet/minecraft/world/entity/animal/horse/Llama;Lorg/spongepowered/asm/mixin/injection/callback/CallbackInfo;)V has 0 override(s) in child classes
[10Jun2026 13:33:35.958] [pool-11-thread-1/DEBUG] [mixin/]: pehkui.mixins.json:LlamaSpitEntityMixin from mod pehkui->@Inject::pehkui$construct(Lnet/minecraft/world/level/Level;Lnet/minecraft/world/entity/animal/horse/Llama;Lorg/spongepowered/asm/mixin/injection/callback/CallbackInfo;)V won't be passed a CallbackInfo as a result
[10Jun2026 13:33:35.992] [pool-11-thread-1/DEBUG] [mixin/]: Mixing compat116plus.PigEntityMixin from pehkui.mixins.json into net.minecraft.world.entity.animal.Pig
[10Jun2026 13:33:35.992] [pool-11-thread-1/DEBUG] [mixin/]: pehkui.mixins.json:compat116plus.PigEntityMixin from mod pehkui: Class version 65 required is higher than the class version supported by the current version of Mixin (JAVA_17 supports class version 61)
[10Jun2026 13:33:35.995] [pool-11-thread-1/DEBUG] [mixin/]: pehkui.mixins.json:compat116plus.PigEntityMixin from mod pehkui->@Inject::pehkui$onStruckByLightning(Lnet/minecraft/server/level/ServerLevel;Lnet/minecraft/world/entity/LightningBolt;Lorg/spongepowered/asm/mixin/injection/callback/CallbackInfo;)V doesn't use it's CallbackInfo
[10Jun2026 13:33:35.995] [pool-11-thread-1/DEBUG] [mixin/]: pehkui.mixins.json:compat116plus.PigEntityMixin from mod pehkui->@Inject::pehkui$onStruckByLightning(Lnet/minecraft/server/level/ServerLevel;Lnet/minecraft/world/entity/LightningBolt;Lorg/spongepowered/asm/mixin/injection/callback/CallbackInfo;)V has 0 override(s) in child classes
[10Jun2026 13:33:35.996] [pool-11-thread-1/DEBUG] [mixin/]: pehkui.mixins.json:compat116plus.PigEntityMixin from mod pehkui->@Inject::pehkui$onStruckByLightning(Lnet/minecraft/server/level/ServerLevel;Lnet/minecraft/world/entity/LightningBolt;Lorg/spongepowered/asm/mixin/injection/callback/CallbackInfo;)V won't be passed a CallbackInfo as a result
[10Jun2026 13:33:36.012] [pool-11-thread-1/DEBUG] [mixin/]: Mixing PotionEntityMixin from pehkui.mixins.json into net.minecraft.world.entity.projectile.ThrownPotion
[10Jun2026 13:33:36.012] [pool-11-thread-1/DEBUG] [mixin/]: pehkui.mixins.json:PotionEntityMixin from mod pehkui: Class version 65 required is higher than the class version supported by the current version of Mixin (JAVA_17 supports class version 61)
[10Jun2026 13:33:36.013] [pool-11-thread-1/DEBUG] [mixin/]: Mixing compat1205plus.PotionEntityMixin from pehkui.mixins.json into net.minecraft.world.entity.projectile.ThrownPotion
[10Jun2026 13:33:36.013] [pool-11-thread-1/DEBUG] [mixin/]: pehkui.mixins.json:compat1205plus.PotionEntityMixin from mod pehkui: Class version 65 required is higher than the class version supported by the current version of Mixin (JAVA_17 supports class version 61)
[10Jun2026 13:33:36.026] [pool-11-thread-1/DEBUG] [mixin/]: Mixing compat1202plus.RavagerEntityMixin from pehkui.mixins.json into net.minecraft.world.entity.monster.Ravager
[10Jun2026 13:33:36.027] [pool-11-thread-1/DEBUG] [mixin/]: pehkui.mixins.json:compat1202plus.RavagerEntityMixin from mod pehkui: Class version 65 required is higher than the class version supported by the current version of Mixin (JAVA_17 supports class version 61)
[10Jun2026 13:33:36.037] [pool-11-thread-1/DEBUG] [mixin/]: Mixing compat117plus.ShulkerEntityMixin from pehkui.mixins.json into net.minecraft.world.entity.monster.Shulker
[10Jun2026 13:33:36.037] [pool-11-thread-1/DEBUG] [mixin/]: pehkui.mixins.json:compat117plus.ShulkerEntityMixin from mod pehkui: Class version 65 required is higher than the class version supported by the current version of Mixin (JAVA_17 supports class version 61)
[10Jun2026 13:33:36.082] [pool-11-thread-1/DEBUG] [mixin/]: Mixing compat116plus.VillagerEntityMixin from pehkui.mixins.json into net.minecraft.world.entity.npc.Villager
[10Jun2026 13:33:36.083] [pool-11-thread-1/DEBUG] [mixin/]: pehkui.mixins.json:compat116plus.VillagerEntityMixin from mod pehkui: Class version 65 required is higher than the class version supported by the current version of Mixin (JAVA_17 supports class version 61)
[10Jun2026 13:33:36.085] [pool-11-thread-1/DEBUG] [mixin/]: pehkui.mixins.json:compat116plus.VillagerEntityMixin from mod pehkui->@Inject::pehkui$onStruckByLightning(Lnet/minecraft/server/level/ServerLevel;Lnet/minecraft/world/entity/LightningBolt;Lorg/spongepowered/asm/mixin/injection/callback/CallbackInfo;)V doesn't use it's CallbackInfo
[10Jun2026 13:33:36.085] [pool-11-thread-1/DEBUG] [mixin/]: pehkui.mixins.json:compat116plus.VillagerEntityMixin from mod pehkui->@Inject::pehkui$onStruckByLightning(Lnet/minecraft/server/level/ServerLevel;Lnet/minecraft/world/entity/LightningBolt;Lorg/spongepowered/asm/mixin/injection/callback/CallbackInfo;)V has 0 override(s) in child classes
[10Jun2026 13:33:36.085] [pool-11-thread-1/DEBUG] [mixin/]: pehkui.mixins.json:compat116plus.VillagerEntityMixin from mod pehkui->@Inject::pehkui$onStruckByLightning(Lnet/minecraft/server/level/ServerLevel;Lnet/minecraft/world/entity/LightningBolt;Lorg/spongepowered/asm/mixin/injection/callback/CallbackInfo;)V won't be passed a CallbackInfo as a result
[10Jun2026 13:33:36.143] [pool-11-thread-1/DEBUG] [mixin/]: Mixing compat116plus.FishingBobberEntityMixin from pehkui.mixins.json into net.minecraft.world.entity.projectile.FishingHook
[10Jun2026 13:33:36.144] [pool-11-thread-1/DEBUG] [mixin/]: pehkui.mixins.json:compat116plus.FishingBobberEntityMixin from mod pehkui: Class version 65 required is higher than the class version supported by the current version of Mixin (JAVA_17 supports class version 61)
[10Jun2026 13:33:36.581] [pool-11-thread-1/DEBUG] [mixin/]: Mixing EntitySelectorOptionsInvoker from pehkui.mixins.json into net.minecraft.commands.arguments.selector.options.EntitySelectorOptions
[10Jun2026 13:33:36.581] [pool-11-thread-1/DEBUG] [mixin/]: pehkui.mixins.json:EntitySelectorOptionsInvoker from mod pehkui: Class version 65 required is higher than the class version supported by the current version of Mixin (JAVA_17 supports class version 61)
[10Jun2026 13:33:36.582] [pool-11-thread-1/DEBUG] [mixin/]: Renaming @Invoker method callRegister(Ljava/lang/String;Lnet/minecraft/commands/arguments/selector/options/EntitySelectorOptions$Modifier;Ljava/util/function/Predicate;Lnet/minecraft/network/chat/Component;)V to callRegister$pehkui_$md$0b472e$0 in pehkui.mixins.json:EntitySelectorOptionsInvoker from mod pehkui
[10Jun2026 13:33:36.583] [pool-11-thread-1/DEBUG] [mixin/]: Mixing EntitySelectorOptionsMixin from pehkui.mixins.json into net.minecraft.commands.arguments.selector.options.EntitySelectorOptions
[10Jun2026 13:33:36.583] [pool-11-thread-1/DEBUG] [mixin/]: pehkui.mixins.json:EntitySelectorOptionsMixin from mod pehkui: Class version 65 required is higher than the class version supported by the current version of Mixin (JAVA_17 supports class version 61)
[10Jun2026 13:33:36.584] [pool-11-thread-1/DEBUG] [mixin/]: pehkui.mixins.json:EntitySelectorOptionsMixin from mod pehkui->@Inject::pehkui$nbtSelector$before(Lnet/minecraft/nbt/CompoundTag;ZLnet/minecraft/world/entity/Entity;Lorg/spongepowered/asm/mixin/injection/callback/CallbackInfoReturnable;)V doesn't use it's CallbackInfoReturnable
[10Jun2026 13:33:36.585] [pool-11-thread-1/DEBUG] [mixin/]: pehkui.mixins.json:EntitySelectorOptionsMixin from mod pehkui->@Inject::pehkui$nbtSelector$after(Lnet/minecraft/nbt/CompoundTag;ZLnet/minecraft/world/entity/Entity;Lorg/spongepowered/asm/mixin/injection/callback/CallbackInfoReturnable;)V doesn't use it's CallbackInfoReturnable
[10Jun2026 13:33:36.592] [pool-11-thread-1/DEBUG] [mixin/]: Mixing EntitySelectorReaderMixin from pehkui.mixins.json into net.minecraft.commands.arguments.selector.EntitySelectorParser
[10Jun2026 13:33:36.593] [pool-11-thread-1/DEBUG] [mixin/]: pehkui.mixins.json:EntitySelectorReaderMixin from mod pehkui: Class version 65 required is higher than the class version supported by the current version of Mixin (JAVA_17 supports class version 61)
[10Jun2026 13:33:36.593] [pool-11-thread-1/DEBUG] [mixin/]: Renaming synthetic method lambda$pehkui$buildPredicate$1(Lvirtuoel/pehkui/api/ScaleType;Lnet/minecraft/world/entity/Entity;)Z to md0b472e$pehkui$lambda$pehkui$buildPredicate$1$0 in pehkui.mixins.json:EntitySelectorReaderMixin from mod pehkui
[10Jun2026 13:33:36.594] [pool-11-thread-1/DEBUG] [mixin/]: Renaming synthetic method lambda$pehkui$buildPredicate$0(Lvirtuoel/pehkui/api/ScaleType;Lnet/minecraft/world/entity/Entity;)Z to md0b472e$pehkui$lambda$pehkui$buildPredicate$0$1 in pehkui.mixins.json:EntitySelectorReaderMixin from mod pehkui
[10Jun2026 13:33:36.598] [pool-11-thread-1/DEBUG] [mixin/]: pehkui.mixins.json:EntitySelectorReaderMixin from mod pehkui->@Inject::pehkui$buildPredicate(Lorg/spongepowered/asm/mixin/injection/callback/CallbackInfo;)V doesn't use it's CallbackInfo
[10Jun2026 13:33:36.598] [pool-11-thread-1/DEBUG] [mixin/]: pehkui.mixins.json:EntitySelectorReaderMixin from mod pehkui->@Inject::pehkui$buildPredicate(Lorg/spongepowered/asm/mixin/injection/callback/CallbackInfo;)V has 0 override(s) in child classes
[10Jun2026 13:33:36.598] [pool-11-thread-1/DEBUG] [mixin/]: pehkui.mixins.json:EntitySelectorReaderMixin from mod pehkui->@Inject::pehkui$buildPredicate(Lorg/spongepowered/asm/mixin/injection/callback/CallbackInfo;)V won't be passed a CallbackInfo as a result
[10Jun2026 13:33:36.751] [pool-11-thread-1/DEBUG] [mixin/]: Mixing OperationArgumentTypeAccessor from pehkui.mixins.json into net.minecraft.commands.arguments.OperationArgument
[10Jun2026 13:33:36.752] [pool-11-thread-1/DEBUG] [mixin/]: pehkui.mixins.json:OperationArgumentTypeAccessor from mod pehkui: Class version 65 required is higher than the class version supported by the current version of Mixin (JAVA_17 supports class version 61)
[10Jun2026 13:33:36.752] [pool-11-thread-1/DEBUG] [mixin/]: Renaming @Accessor method getInvalidOperationException()Lcom/mojang/brigadier/exceptions/SimpleCommandExceptionType; to getInvalidOperationException$pehkui_$md$0b472e$0 in pehkui.mixins.json:OperationArgumentTypeAccessor from mod pehkui
[10Jun2026 13:33:36.752] [pool-11-thread-1/DEBUG] [mixin/]: Renaming @Accessor method getDivisionZeroException()Lcom/mojang/brigadier/exceptions/SimpleCommandExceptionType; to getDivisionZeroException$pehkui_$md$0b472e$1 in pehkui.mixins.json:OperationArgumentTypeAccessor from mod pehkui
[10Jun2026 13:33:37.691] [main/DEBUG] [mixin/]: Mixing NetworkMinecraftServerMixin from veil.network.mixins.json into net.minecraft.server.MinecraftServer
[10Jun2026 13:33:37.692] [main/DEBUG] [mixin/]: Mixing MinecraftServerMixin from veil.scheduler.mixins.json into net.minecraft.server.MinecraftServer
[10Jun2026 13:33:37.695] [main/DEBUG] [mixin/]: veil.scheduler.mixins.json:MinecraftServerMixin from mod veil->@Inject::stopServer(Lorg/spongepowered/asm/mixin/injection/callback/CallbackInfo;)V doesn't use it's CallbackInfo
[10Jun2026 13:33:37.695] [main/DEBUG] [mixin/]: veil.scheduler.mixins.json:MinecraftServerMixin from mod veil->@Inject::stopServer(Lorg/spongepowered/asm/mixin/injection/callback/CallbackInfo;)V has 0 override(s) in child classes
[10Jun2026 13:33:37.695] [main/DEBUG] [mixin/]: veil.scheduler.mixins.json:MinecraftServerMixin from mod veil->@Inject::stopServer(Lorg/spongepowered/asm/mixin/injection/callback/CallbackInfo;)V won't be passed a CallbackInfo as a result
[10Jun2026 13:33:38.110] [main/DEBUG] [mixin/]: Mixing DataCommandInvoker$Get from pehkui.mixins.json into net.minecraft.server.commands.data.DataCommands
[10Jun2026 13:33:38.110] [main/DEBUG] [mixin/]: pehkui.mixins.json:DataCommandInvoker$Get from mod pehkui: Class version 65 required is higher than the class version supported by the current version of Mixin (JAVA_17 supports class version 61)
[10Jun2026 13:33:38.110] [main/DEBUG] [mixin/]: Renaming @Invoker method callGetData(Lnet/minecraft/commands/CommandSourceStack;Lnet/minecraft/server/commands/data/DataAccessor;)I to callGetData$pehkui_$md$0b472e$0 in pehkui.mixins.json:DataCommandInvoker$Get from mod pehkui
[10Jun2026 13:33:38.110] [main/DEBUG] [mixin/]: Mixing DataCommandInvoker$Path from pehkui.mixins.json into net.minecraft.server.commands.data.DataCommands
[10Jun2026 13:33:38.110] [main/DEBUG] [mixin/]: pehkui.mixins.json:DataCommandInvoker$Path from mod pehkui: Class version 65 required is higher than the class version supported by the current version of Mixin (JAVA_17 supports class version 61)
[10Jun2026 13:33:38.110] [main/DEBUG] [mixin/]: Renaming @Invoker method callGetData(Lnet/minecraft/commands/CommandSourceStack;Lnet/minecraft/server/commands/data/DataAccessor;Lnet/minecraft/commands/arguments/NbtPathArgument$NbtPath;)I to callGetData$pehkui_$md$0b472e$1 in pehkui.mixins.json:DataCommandInvoker$Path from mod pehkui
[10Jun2026 13:33:38.110] [main/DEBUG] [mixin/]: Mixing DataCommandInvoker$Scaled from pehkui.mixins.json into net.minecraft.server.commands.data.DataCommands
[10Jun2026 13:33:38.110] [main/DEBUG] [mixin/]: pehkui.mixins.json:DataCommandInvoker$Scaled from mod pehkui: Class version 65 required is higher than the class version supported by the current version of Mixin (JAVA_17 supports class version 61)
[10Jun2026 13:33:38.111] [main/DEBUG] [mixin/]: Renaming @Invoker method callGetNumeric(Lnet/minecraft/commands/CommandSourceStack;Lnet/minecraft/server/commands/data/DataAccessor;Lnet/minecraft/commands/arguments/NbtPathArgument$NbtPath;D)I to callGetNumeric$pehkui_$md$0b472e$2 in pehkui.mixins.json:DataCommandInvoker$Scaled from mod pehkui
[10Jun2026 13:33:38.371] [main/DEBUG] [mixin/]: Mixing pehkui.compat.ScaleTypeMixin from pehkui.mixins.json into virtuoel.pehkui.api.ScaleType
[10Jun2026 13:33:38.371] [main/DEBUG] [mixin/]: pehkui.mixins.json:pehkui.compat.ScaleTypeMixin from mod pehkui: Class version 65 required is higher than the class version supported by the current version of Mixin (JAVA_17 supports class version 61)
[10Jun2026 13:33:38.391] [main/DEBUG] [mixin/]: Mixing EntitySelectorMixin from pehkui.mixins.json into net.minecraft.commands.arguments.selector.EntitySelector
[10Jun2026 13:33:38.391] [main/DEBUG] [mixin/]: pehkui.mixins.json:EntitySelectorMixin from mod pehkui: Class version 65 required is higher than the class version supported by the current version of Mixin (JAVA_17 supports class version 61)
[10Jun2026 13:33:38.397] [main/WARN] [net.minecraft.commands.Commands/]: Ambiguity between arguments [teleport, location] and [teleport, destination] with inputs: [0.1 -0.5 .9, 0 0 0]
[10Jun2026 13:33:38.399] [main/WARN] [net.minecraft.commands.Commands/]: Ambiguity between arguments [teleport, location] and [teleport, targets] with inputs: [0.1 -0.5 .9, 0 0 0]
[10Jun2026 13:33:38.403] [main/WARN] [net.minecraft.commands.Commands/]: Ambiguity between arguments [teleport, destination] and [teleport, targets] with inputs: [Player, 0123, @e, dd12be42-52a9-4a91-a8a1-11c01849e498]
[10Jun2026 13:33:38.405] [main/WARN] [net.minecraft.commands.Commands/]: Ambiguity between arguments [teleport, targets] and [teleport, destination] with inputs: [Player, 0123, dd12be42-52a9-4a91-a8a1-11c01849e498]
[10Jun2026 13:33:38.406] [main/WARN] [net.minecraft.commands.Commands/]: Ambiguity between arguments [teleport, targets, location] and [teleport, targets, destination] with inputs: [0.1 -0.5 .9, 0 0 0]
[10Jun2026 13:33:38.419] [Render thread/DEBUG] [mixin/]: Mixing client.PipelineRenderSystemMixin from veil.pipeline.mixins.json into com.mojang.blaze3d.systems.RenderSystem
[10Jun2026 13:33:38.421] [Render thread/DEBUG] [mixin/]: veil.pipeline.mixins.json:client.PipelineRenderSystemMixin from mod veil->@Inject::setShader(Ljava/util/function/Supplier;Lorg/spongepowered/asm/mixin/injection/callback/CallbackInfo;)V doesn't use it's CallbackInfo
[10Jun2026 13:33:38.421] [Render thread/DEBUG] [mixin/]: veil.pipeline.mixins.json:client.PipelineRenderSystemMixin from mod veil->@Inject::setShaderLights(Lorg/joml/Vector3f;Lorg/joml/Vector3f;Lorg/spongepowered/asm/mixin/injection/callback/CallbackInfo;)V doesn't use it's CallbackInfo
[10Jun2026 13:33:38.427] [Render thread/DEBUG] [mixin/]: Mixing client.DebugAutoStorageIndexBufferMixin from veil.debug.mixins.json into com.mojang.blaze3d.systems.RenderSystem$AutoStorageIndexBuffer
[10Jun2026 13:33:38.427] [Render thread/DEBUG] [mixin/]: Mixing client.PipelineAutoStorageIndexBufferMixin from veil.pipeline.mixins.json into com.mojang.blaze3d.systems.RenderSystem$AutoStorageIndexBuffer
[10Jun2026 13:33:38.429] [Render thread/DEBUG] [mixin/]: veil.debug.mixins.json:client.DebugAutoStorageIndexBufferMixin from mod veil->@Inject::nameBuffer(Lorg/spongepowered/asm/mixin/injection/callback/CallbackInfo;)V doesn't use it's CallbackInfo
[10Jun2026 13:33:38.442] [Render thread/DEBUG] [mixin/]: Mixing client.ClientPlayerEntityMixin from pehkui.mixins.json into net.minecraft.client.player.LocalPlayer
[10Jun2026 13:33:38.443] [Render thread/DEBUG] [mixin/]: pehkui.mixins.json:client.ClientPlayerEntityMixin from mod pehkui: Class version 65 required is higher than the class version supported by the current version of Mixin (JAVA_17 supports class version 61)
[10Jun2026 13:33:38.443] [Render thread/DEBUG] [mixin/]: Mixing client.compat1182plus.ClientPlayerEntityMixin from pehkui.mixins.json into net.minecraft.client.player.LocalPlayer
[10Jun2026 13:33:38.444] [Render thread/DEBUG] [mixin/]: pehkui.mixins.json:client.compat1182plus.ClientPlayerEntityMixin from mod pehkui: Class version 65 required is higher than the class version supported by the current version of Mixin (JAVA_17 supports class version 61)
[10Jun2026 13:33:38.450] [Render thread/DEBUG] [mixin/]: Mixing client.compat1202plus.InventoryScreenMixin from pehkui.mixins.json into net.minecraft.client.gui.screens.inventory.InventoryScreen
[10Jun2026 13:33:38.453] [Render thread/DEBUG] [mixin/]: pehkui.mixins.json:client.compat1202plus.InventoryScreenMixin from mod pehkui: Class version 65 required is higher than the class version supported by the current version of Mixin (JAVA_17 supports class version 61)
[10Jun2026 13:33:38.454] [Render thread/DEBUG] [mixin/]: Mixing client.compat1205plus.InventoryScreenMixin from pehkui.mixins.json into net.minecraft.client.gui.screens.inventory.InventoryScreen
[10Jun2026 13:33:38.454] [Render thread/DEBUG] [mixin/]: pehkui.mixins.json:client.compat1205plus.InventoryScreenMixin from mod pehkui: Class version 65 required is higher than the class version supported by the current version of Mixin (JAVA_17 supports class version 61)
[10Jun2026 13:33:38.454] [Render thread/DEBUG] [mixin/]: Renaming synthetic method lambda$pehkui$drawEntity$head$0(Lvirtuoel/pehkui/api/ScaleType;)Lvirtuoel/pehkui/api/ScaleData; to md0b472e$pehkui$lambda$pehkui$drawEntity$head$0$0 in pehkui.mixins.json:client.compat1205plus.InventoryScreenMixin from mod pehkui
[10Jun2026 13:33:38.462] [Render thread/DEBUG] [mixin/]: pehkui.mixins.json:client.compat1205plus.InventoryScreenMixin from mod pehkui->@Inject::pehkui$drawEntity$head(Ljava/lang/Object;FFFLjava/lang/Object;Ljava/lang/Object;Ljava/lang/Object;Lnet/minecraft/world/entity/LivingEntity;Lorg/spongepowered/asm/mixin/injection/callback/CallbackInfo;)V doesn't use it's CallbackInfo
[10Jun2026 13:33:38.468] [Render thread/DEBUG] [mixin/]: pehkui.mixins.json:client.compat1205plus.InventoryScreenMixin from mod pehkui->@Inject::pehkui$drawEntity$return(Ljava/lang/Object;FFFLjava/lang/Object;Ljava/lang/Object;Ljava/lang/Object;Lnet/minecraft/world/entity/LivingEntity;Lorg/spongepowered/asm/mixin/injection/callback/CallbackInfo;)V doesn't use it's CallbackInfo
[10Jun2026 13:33:38.481] [Render thread/DEBUG] [mixin/]: Mixing accessor.FramebufferRenderTargetAccessor from veil.framebuffer.mixins.json into com.mojang.blaze3d.pipeline.RenderTarget
[10Jun2026 13:33:38.481] [Render thread/DEBUG] [mixin/]: Mixing client.PerformanceRenderTargetMixin from veil.performance.mixins.json into com.mojang.blaze3d.pipeline.RenderTarget
[10Jun2026 13:33:38.488] [Render thread/DEBUG] [mixin/]: Mixing client.PipelineRenderTargetMixin from veil.pipeline.mixins.json into com.mojang.blaze3d.pipeline.RenderTarget
[10Jun2026 13:33:38.498] [Render thread/DEBUG] [mixin/]: veil.performance.mixins.json:client.PerformanceRenderTargetMixin from mod veil->@Inject::copyDepthFrom(Lcom/mojang/blaze3d/pipeline/RenderTarget;Lorg/spongepowered/asm/mixin/injection/callback/CallbackInfo;)V does use it's CallbackInfo
[10Jun2026 13:33:38.498] [Render thread/DEBUG] [mixin/]: veil.performance.mixins.json:client.PerformanceRenderTargetMixin from mod veil->@Inject::clear(ZLorg/spongepowered/asm/mixin/injection/callback/CallbackInfo;)V does use it's CallbackInfo
[10Jun2026 13:33:38.499] [Render thread/DEBUG] [mixin/]: veil.performance.mixins.json:client.PerformanceRenderTargetMixin from mod veil->@Inject::_blitToScreen(IIZLorg/spongepowered/asm/mixin/injection/callback/CallbackInfo;)V does use it's CallbackInfo
[10Jun2026 13:33:38.499] [Render thread/DEBUG] [mixin/]: veil.pipeline.mixins.json:client.PipelineRenderTargetMixin from mod veil->@Inject::destroyBuffers(Lorg/spongepowered/asm/mixin/injection/callback/CallbackInfo;)V doesn't use it's CallbackInfo
[10Jun2026 13:33:38.499] [Render thread/DEBUG] [mixin/]: veil.pipeline.mixins.json:client.PipelineRenderTargetMixin from mod veil->@Inject::destroyBuffers(Lorg/spongepowered/asm/mixin/injection/callback/CallbackInfo;)V has 0 override(s) in child classes
[10Jun2026 13:33:38.499] [Render thread/DEBUG] [mixin/]: veil.pipeline.mixins.json:client.PipelineRenderTargetMixin from mod veil->@Inject::destroyBuffers(Lorg/spongepowered/asm/mixin/injection/callback/CallbackInfo;)V won't be passed a CallbackInfo as a result
[10Jun2026 13:33:38.499] [Render thread/DEBUG] [mixin/]: veil.pipeline.mixins.json:client.PipelineRenderTargetMixin from mod veil->@Inject::createBuffers(Lorg/spongepowered/asm/mixin/injection/callback/CallbackInfo;)V doesn't use it's CallbackInfo
[10Jun2026 13:33:38.499] [Render thread/DEBUG] [mixin/]: veil.pipeline.mixins.json:client.PipelineRenderTargetMixin from mod veil->@Inject::createBuffers(Lorg/spongepowered/asm/mixin/injection/callback/CallbackInfo;)V has 0 override(s) in child classes
[10Jun2026 13:33:38.499] [Render thread/DEBUG] [mixin/]: veil.pipeline.mixins.json:client.PipelineRenderTargetMixin from mod veil->@Inject::createBuffers(Lorg/spongepowered/asm/mixin/injection/callback/CallbackInfo;)V won't be passed a CallbackInfo as a result
[10Jun2026 13:33:38.499] [Render thread/DEBUG] [mixin/]: veil.pipeline.mixins.json:client.PipelineRenderTargetMixin from mod veil->@Inject::bindRead(Lorg/spongepowered/asm/mixin/injection/callback/CallbackInfo;)V does use it's CallbackInfo
[10Jun2026 13:33:38.499] [Render thread/DEBUG] [mixin/]: veil.pipeline.mixins.json:client.PipelineRenderTargetMixin from mod veil->@Inject::bindWrite(ZLorg/spongepowered/asm/mixin/injection/callback/CallbackInfo;)V does use it's CallbackInfo
[10Jun2026 13:33:38.499] [Render thread/DEBUG] [mixin/]: veil.pipeline.mixins.json:client.PipelineRenderTargetMixin from mod veil->@Inject::getColorTextureId(Lorg/spongepowered/asm/mixin/injection/callback/CallbackInfoReturnable;)V does use it's CallbackInfoReturnable
[10Jun2026 13:33:38.499] [Render thread/DEBUG] [mixin/]: veil.pipeline.mixins.json:client.PipelineRenderTargetMixin from mod veil->@Inject::getDepthTextureId(Lorg/spongepowered/asm/mixin/injection/callback/CallbackInfoReturnable;)V does use it's CallbackInfoReturnable
[10Jun2026 13:33:38.504] [Render thread/DEBUG] [mixin/]: Mixing client.ClientWorldMixin from pehkui.mixins.json into net.minecraft.client.multiplayer.ClientLevel
[10Jun2026 13:33:38.504] [Render thread/DEBUG] [mixin/]: pehkui.mixins.json:client.ClientWorldMixin from mod pehkui: Class version 65 required is higher than the class version supported by the current version of Mixin (JAVA_17 supports class version 61)
[10Jun2026 13:33:38.505] [Render thread/DEBUG] [mixin/]: Mixing client.NecromancerClientLevelMixin from veil.necromancer.mixins.json into net.minecraft.client.multiplayer.ClientLevel
[10Jun2026 13:33:38.507] [Render thread/DEBUG] [mixin/]: pehkui.mixins.json:client.ClientWorldMixin from mod pehkui->@Inject::pehkui$addDetailsToCrashReport(Lnet/minecraft/CrashReport;Lorg/spongepowered/asm/mixin/injection/callback/CallbackInfoReturnable;)V does use it's CallbackInfoReturnable
[10Jun2026 13:33:38.507] [Render thread/DEBUG] [mixin/]: veil.necromancer.mixins.json:client.NecromancerClientLevelMixin from mod veil->@Inject::addEntity(Lnet/minecraft/world/entity/Entity;Lorg/spongepowered/asm/mixin/injection/callback/CallbackInfo;)V doesn't use it's CallbackInfo
[10Jun2026 13:33:38.507] [Render thread/DEBUG] [mixin/]: veil.necromancer.mixins.json:client.NecromancerClientLevelMixin from mod veil->@Inject::addEntity(Lnet/minecraft/world/entity/Entity;Lorg/spongepowered/asm/mixin/injection/callback/CallbackInfo;)V has 0 override(s) in child classes
[10Jun2026 13:33:38.507] [Render thread/DEBUG] [mixin/]: veil.necromancer.mixins.json:client.NecromancerClientLevelMixin from mod veil->@Inject::addEntity(Lnet/minecraft/world/entity/Entity;Lorg/spongepowered/asm/mixin/injection/callback/CallbackInfo;)V won't be passed a CallbackInfo as a result
[10Jun2026 13:33:38.575] [Render thread/DEBUG] [mixin/]: Mixing ResourceVanillaPackResourcesMixin from veil.resource.mixins.json into net.minecraft.server.packs.VanillaPackResources
[10Jun2026 13:33:38.581] [Render thread/WARN] [net.minecraft.server.packs.VanillaPackResourcesBuilder/]: Assets URL 'union:/G:/Reece/REPOPHYSICS/REPOPHYSICS/build/moddev/artifacts/neoforge-21.1.231.jar%23189!/assets/.mcassetsroot' uses unexpected schema
[10Jun2026 13:33:38.582] [Render thread/WARN] [net.minecraft.server.packs.VanillaPackResourcesBuilder/]: Assets URL 'union:/G:/Reece/REPOPHYSICS/REPOPHYSICS/build/moddev/artifacts/neoforge-21.1.231.jar%23189!/data/.mcassetsroot' uses unexpected schema
[10Jun2026 13:33:38.607] [Render thread/INFO] [com.mojang.authlib.yggdrasil.YggdrasilAuthenticationService/]: Environment: Environment[sessionHost=https://sessionserver.mojang.com, servicesHost=https://api.minecraftservices.com, name=PROD]
[10Jun2026 13:33:38.617] [Render thread/INFO] [net.minecraft.client.Minecraft/]: Setting user: Dev
[10Jun2026 13:33:38.740] [Render thread/INFO] [net.minecraft.client.Minecraft/]: Backend library: LWJGL version 3.3.3+5
[10Jun2026 13:33:38.742] [Render thread/DEBUG] [mixin/]: Mixing WindowMixin from veil.fix.mixins.json into com.mojang.blaze3d.platform.Window
[10Jun2026 13:33:38.744] [Render thread/DEBUG] [mixin/]: Mixing client.PipelineWindowMixin from veil.pipeline.mixins.json into com.mojang.blaze3d.platform.Window
[10Jun2026 13:33:38.796] [Render thread/DEBUG] [mixin/]: Mixing client.PipelineGlStateManagerMixin from veil.pipeline.mixins.json into com.mojang.blaze3d.platform.GlStateManager
[10Jun2026 13:33:38.817] [Render thread/DEBUG] [mixin/]: Mixing resources.PathPackResourcesMixin from veil.neoforge.mixins.json into net.minecraft.server.packs.PathPackResources
[10Jun2026 13:33:38.829] [Render thread/DEBUG] [mixin/]: Mixing NativeImageMixin from veil.fix.mixins.json into com.mojang.blaze3d.platform.NativeImage
[10Jun2026 13:33:38.829] [Render thread/DEBUG] [mixin/]: Mixing accessor.PipelineNativeImageAccessor from veil.pipeline.mixins.json into com.mojang.blaze3d.platform.NativeImage
[10Jun2026 13:33:38.848] [Render thread/DEBUG] [mixin/]: Mixing client.DebugKeyboardHandlerMixin from veil.debug.mixins.json into net.minecraft.client.KeyboardHandler
[10Jun2026 13:33:38.852] [Render thread/DEBUG] [mixin/]: veil.debug.mixins.json:client.DebugKeyboardHandlerMixin from mod veil->@Inject::handleChunkDebugKeys(ILorg/spongepowered/asm/mixin/injection/callback/CallbackInfoReturnable;)V does use it's CallbackInfoReturnable
[10Jun2026 13:33:38.852] [Render thread/DEBUG] [mixin/]: veil.debug.mixins.json:client.DebugKeyboardHandlerMixin from mod veil->@Inject::printChunkDebugKeys(ILorg/spongepowered/asm/mixin/injection/callback/CallbackInfoReturnable;)V doesn't use it's CallbackInfoReturnable
[10Jun2026 13:33:38.852] [Render thread/DEBUG] [mixin/]: veil.debug.mixins.json:client.DebugKeyboardHandlerMixin from mod veil->@Inject::printChunkDebugKeys(ILorg/spongepowered/asm/mixin/injection/callback/CallbackInfoReturnable;)V has 0 override(s) in child classes
[10Jun2026 13:33:38.852] [Render thread/DEBUG] [mixin/]: veil.debug.mixins.json:client.DebugKeyboardHandlerMixin from mod veil->@Inject::printChunkDebugKeys(ILorg/spongepowered/asm/mixin/injection/callback/CallbackInfoReturnable;)V won't be passed a CallbackInfoReturnable as a result
[10Jun2026 13:33:38.852] [Render thread/DEBUG] [mixin/]: veil.debug.mixins.json:client.DebugKeyboardHandlerMixin from mod veil->@Inject::printChunkDebugKeys(ILorg/spongepowered/asm/mixin/injection/callback/CallbackInfoReturnable;)V doesn't use it's CallbackInfoReturnable
[10Jun2026 13:33:38.852] [Render thread/DEBUG] [mixin/]: veil.debug.mixins.json:client.DebugKeyboardHandlerMixin from mod veil->@Inject::printChunkDebugKeys(ILorg/spongepowered/asm/mixin/injection/callback/CallbackInfoReturnable;)V has 0 override(s) in child classes
[10Jun2026 13:33:38.852] [Render thread/DEBUG] [mixin/]: veil.debug.mixins.json:client.DebugKeyboardHandlerMixin from mod veil->@Inject::printChunkDebugKeys(ILorg/spongepowered/asm/mixin/injection/callback/CallbackInfoReturnable;)V won't be passed a CallbackInfoReturnable as a result
[10Jun2026 13:33:38.852] [Render thread/DEBUG] [mixin/]: veil.debug.mixins.json:client.DebugKeyboardHandlerMixin from mod veil->@Inject::printChunkDebugKeys(ILorg/spongepowered/asm/mixin/injection/callback/CallbackInfoReturnable;)V doesn't use it's CallbackInfoReturnable
[10Jun2026 13:33:38.852] [Render thread/DEBUG] [mixin/]: veil.debug.mixins.json:client.DebugKeyboardHandlerMixin from mod veil->@Inject::printChunkDebugKeys(ILorg/spongepowered/asm/mixin/injection/callback/CallbackInfoReturnable;)V has 0 override(s) in child classes
[10Jun2026 13:33:38.853] [Render thread/DEBUG] [mixin/]: veil.debug.mixins.json:client.DebugKeyboardHandlerMixin from mod veil->@Inject::printChunkDebugKeys(ILorg/spongepowered/asm/mixin/injection/callback/CallbackInfoReturnable;)V won't be passed a CallbackInfoReturnable as a result
[10Jun2026 13:33:38.853] [Render thread/DEBUG] [mixin/]: veil.debug.mixins.json:client.DebugKeyboardHandlerMixin from mod veil->@Inject::printChunkDebugKeys(ILorg/spongepowered/asm/mixin/injection/callback/CallbackInfoReturnable;)V doesn't use it's CallbackInfoReturnable
[10Jun2026 13:33:38.853] [Render thread/DEBUG] [mixin/]: veil.debug.mixins.json:client.DebugKeyboardHandlerMixin from mod veil->@Inject::printChunkDebugKeys(ILorg/spongepowered/asm/mixin/injection/callback/CallbackInfoReturnable;)V has 0 override(s) in child classes
[10Jun2026 13:33:38.853] [Render thread/DEBUG] [mixin/]: veil.debug.mixins.json:client.DebugKeyboardHandlerMixin from mod veil->@Inject::printChunkDebugKeys(ILorg/spongepowered/asm/mixin/injection/callback/CallbackInfoReturnable;)V won't be passed a CallbackInfoReturnable as a result
[10Jun2026 13:33:38.853] [Render thread/DEBUG] [mixin/]: veil.debug.mixins.json:client.DebugKeyboardHandlerMixin from mod veil->@Inject::printChunkDebugKeys(ILorg/spongepowered/asm/mixin/injection/callback/CallbackInfoReturnable;)V doesn't use it's CallbackInfoReturnable
[10Jun2026 13:33:38.853] [Render thread/DEBUG] [mixin/]: veil.debug.mixins.json:client.DebugKeyboardHandlerMixin from mod veil->@Inject::printChunkDebugKeys(ILorg/spongepowered/asm/mixin/injection/callback/CallbackInfoReturnable;)V has 0 override(s) in child classes
[10Jun2026 13:33:38.853] [Render thread/DEBUG] [mixin/]: veil.debug.mixins.json:client.DebugKeyboardHandlerMixin from mod veil->@Inject::printChunkDebugKeys(ILorg/spongepowered/asm/mixin/injection/callback/CallbackInfoReturnable;)V won't be passed a CallbackInfoReturnable as a result
[10Jun2026 13:33:38.853] [Render thread/DEBUG] [mixin/]: veil.debug.mixins.json:client.DebugKeyboardHandlerMixin from mod veil->@Inject::printChunkDebugKeys(ILorg/spongepowered/asm/mixin/injection/callback/CallbackInfoReturnable;)V doesn't use it's CallbackInfoReturnable
[10Jun2026 13:33:38.853] [Render thread/DEBUG] [mixin/]: veil.debug.mixins.json:client.DebugKeyboardHandlerMixin from mod veil->@Inject::printChunkDebugKeys(ILorg/spongepowered/asm/mixin/injection/callback/CallbackInfoReturnable;)V has 0 override(s) in child classes
[10Jun2026 13:33:38.853] [Render thread/DEBUG] [mixin/]: veil.debug.mixins.json:client.DebugKeyboardHandlerMixin from mod veil->@Inject::printChunkDebugKeys(ILorg/spongepowered/asm/mixin/injection/callback/CallbackInfoReturnable;)V won't be passed a CallbackInfoReturnable as a result
[10Jun2026 13:33:38.853] [Render thread/DEBUG] [mixin/]: veil.debug.mixins.json:client.DebugKeyboardHandlerMixin from mod veil->@Inject::printChunkDebugKeys(ILorg/spongepowered/asm/mixin/injection/callback/CallbackInfoReturnable;)V doesn't use it's CallbackInfoReturnable
[10Jun2026 13:33:38.853] [Render thread/DEBUG] [mixin/]: veil.debug.mixins.json:client.DebugKeyboardHandlerMixin from mod veil->@Inject::printChunkDebugKeys(ILorg/spongepowered/asm/mixin/injection/callback/CallbackInfoReturnable;)V has 0 override(s) in child classes
[10Jun2026 13:33:38.853] [Render thread/DEBUG] [mixin/]: veil.debug.mixins.json:client.DebugKeyboardHandlerMixin from mod veil->@Inject::printChunkDebugKeys(ILorg/spongepowered/asm/mixin/injection/callback/CallbackInfoReturnable;)V won't be passed a CallbackInfoReturnable as a result
[10Jun2026 13:33:38.853] [Render thread/DEBUG] [mixin/]: veil.debug.mixins.json:client.DebugKeyboardHandlerMixin from mod veil->@Inject::printChunkDebugKeys(ILorg/spongepowered/asm/mixin/injection/callback/CallbackInfoReturnable;)V doesn't use it's CallbackInfoReturnable
[10Jun2026 13:33:38.853] [Render thread/DEBUG] [mixin/]: veil.debug.mixins.json:client.DebugKeyboardHandlerMixin from mod veil->@Inject::printChunkDebugKeys(ILorg/spongepowered/asm/mixin/injection/callback/CallbackInfoReturnable;)V has 0 override(s) in child classes
[10Jun2026 13:33:38.853] [Render thread/DEBUG] [mixin/]: veil.debug.mixins.json:client.DebugKeyboardHandlerMixin from mod veil->@Inject::printChunkDebugKeys(ILorg/spongepowered/asm/mixin/injection/callback/CallbackInfoReturnable;)V won't be passed a CallbackInfoReturnable as a result
[10Jun2026 13:33:38.854] [Render thread/DEBUG] [mixin/]: veil.debug.mixins.json:client.DebugKeyboardHandlerMixin from mod veil->@Inject::printChunkDebugKeys(ILorg/spongepowered/asm/mixin/injection/callback/CallbackInfoReturnable;)V doesn't use it's CallbackInfoReturnable
[10Jun2026 13:33:38.854] [Render thread/DEBUG] [mixin/]: veil.debug.mixins.json:client.DebugKeyboardHandlerMixin from mod veil->@Inject::printChunkDebugKeys(ILorg/spongepowered/asm/mixin/injection/callback/CallbackInfoReturnable;)V has 0 override(s) in child classes
[10Jun2026 13:33:38.854] [Render thread/DEBUG] [mixin/]: veil.debug.mixins.json:client.DebugKeyboardHandlerMixin from mod veil->@Inject::printChunkDebugKeys(ILorg/spongepowered/asm/mixin/injection/callback/CallbackInfoReturnable;)V won't be passed a CallbackInfoReturnable as a result
[10Jun2026 13:33:38.854] [Render thread/DEBUG] [mixin/]: veil.debug.mixins.json:client.DebugKeyboardHandlerMixin from mod veil->@Inject::printChunkDebugKeys(ILorg/spongepowered/asm/mixin/injection/callback/CallbackInfoReturnable;)V doesn't use it's CallbackInfoReturnable
[10Jun2026 13:33:38.854] [Render thread/DEBUG] [mixin/]: veil.debug.mixins.json:client.DebugKeyboardHandlerMixin from mod veil->@Inject::printChunkDebugKeys(ILorg/spongepowered/asm/mixin/injection/callback/CallbackInfoReturnable;)V has 0 override(s) in child classes
[10Jun2026 13:33:38.854] [Render thread/DEBUG] [mixin/]: veil.debug.mixins.json:client.DebugKeyboardHandlerMixin from mod veil->@Inject::printChunkDebugKeys(ILorg/spongepowered/asm/mixin/injection/callback/CallbackInfoReturnable;)V won't be passed a CallbackInfoReturnable as a result
[10Jun2026 13:33:38.854] [Render thread/DEBUG] [mixin/]: veil.debug.mixins.json:client.DebugKeyboardHandlerMixin from mod veil->@Inject::printChunkDebugKeys(ILorg/spongepowered/asm/mixin/injection/callback/CallbackInfoReturnable;)V doesn't use it's CallbackInfoReturnable
[10Jun2026 13:33:38.854] [Render thread/DEBUG] [mixin/]: veil.debug.mixins.json:client.DebugKeyboardHandlerMixin from mod veil->@Inject::printChunkDebugKeys(ILorg/spongepowered/asm/mixin/injection/callback/CallbackInfoReturnable;)V has 0 override(s) in child classes
[10Jun2026 13:33:38.854] [Render thread/DEBUG] [mixin/]: veil.debug.mixins.json:client.DebugKeyboardHandlerMixin from mod veil->@Inject::printChunkDebugKeys(ILorg/spongepowered/asm/mixin/injection/callback/CallbackInfoReturnable;)V won't be passed a CallbackInfoReturnable as a result
[10Jun2026 13:33:38.854] [Render thread/DEBUG] [mixin/]: veil.debug.mixins.json:client.DebugKeyboardHandlerMixin from mod veil->@Inject::printChunkDebugKeys(ILorg/spongepowered/asm/mixin/injection/callback/CallbackInfoReturnable;)V doesn't use it's CallbackInfoReturnable
[10Jun2026 13:33:38.854] [Render thread/DEBUG] [mixin/]: veil.debug.mixins.json:client.DebugKeyboardHandlerMixin from mod veil->@Inject::printChunkDebugKeys(ILorg/spongepowered/asm/mixin/injection/callback/CallbackInfoReturnable;)V has 0 override(s) in child classes
[10Jun2026 13:33:38.854] [Render thread/DEBUG] [mixin/]: veil.debug.mixins.json:client.DebugKeyboardHandlerMixin from mod veil->@Inject::printChunkDebugKeys(ILorg/spongepowered/asm/mixin/injection/callback/CallbackInfoReturnable;)V won't be passed a CallbackInfoReturnable as a result
[10Jun2026 13:33:38.854] [Render thread/DEBUG] [mixin/]: veil.debug.mixins.json:client.DebugKeyboardHandlerMixin from mod veil->@Inject::printChunkDebugKeys(ILorg/spongepowered/asm/mixin/injection/callback/CallbackInfoReturnable;)V doesn't use it's CallbackInfoReturnable
[10Jun2026 13:33:38.854] [Render thread/DEBUG] [mixin/]: veil.debug.mixins.json:client.DebugKeyboardHandlerMixin from mod veil->@Inject::printChunkDebugKeys(ILorg/spongepowered/asm/mixin/injection/callback/CallbackInfoReturnable;)V has 0 override(s) in child classes
[10Jun2026 13:33:38.854] [Render thread/DEBUG] [mixin/]: veil.debug.mixins.json:client.DebugKeyboardHandlerMixin from mod veil->@Inject::printChunkDebugKeys(ILorg/spongepowered/asm/mixin/injection/callback/CallbackInfoReturnable;)V won't be passed a CallbackInfoReturnable as a result
[10Jun2026 13:33:38.854] [Render thread/DEBUG] [mixin/]: veil.debug.mixins.json:client.DebugKeyboardHandlerMixin from mod veil->@Inject::printChunkDebugKeys(ILorg/spongepowered/asm/mixin/injection/callback/CallbackInfoReturnable;)V doesn't use it's CallbackInfoReturnable
[10Jun2026 13:33:38.854] [Render thread/DEBUG] [mixin/]: veil.debug.mixins.json:client.DebugKeyboardHandlerMixin from mod veil->@Inject::printChunkDebugKeys(ILorg/spongepowered/asm/mixin/injection/callback/CallbackInfoReturnable;)V has 0 override(s) in child classes
[10Jun2026 13:33:38.854] [Render thread/DEBUG] [mixin/]: veil.debug.mixins.json:client.DebugKeyboardHandlerMixin from mod veil->@Inject::printChunkDebugKeys(ILorg/spongepowered/asm/mixin/injection/callback/CallbackInfoReturnable;)V won't be passed a CallbackInfoReturnable as a result
[10Jun2026 13:33:38.854] [Render thread/DEBUG] [mixin/]: veil.debug.mixins.json:client.DebugKeyboardHandlerMixin from mod veil->@Inject::printChunkDebugKeys(ILorg/spongepowered/asm/mixin/injection/callback/CallbackInfoReturnable;)V doesn't use it's CallbackInfoReturnable
[10Jun2026 13:33:38.855] [Render thread/DEBUG] [mixin/]: veil.debug.mixins.json:client.DebugKeyboardHandlerMixin from mod veil->@Inject::printChunkDebugKeys(ILorg/spongepowered/asm/mixin/injection/callback/CallbackInfoReturnable;)V has 0 override(s) in child classes
[10Jun2026 13:33:38.855] [Render thread/DEBUG] [mixin/]: veil.debug.mixins.json:client.DebugKeyboardHandlerMixin from mod veil->@Inject::printChunkDebugKeys(ILorg/spongepowered/asm/mixin/injection/callback/CallbackInfoReturnable;)V won't be passed a CallbackInfoReturnable as a result
[10Jun2026 13:33:38.855] [Render thread/DEBUG] [mixin/]: veil.debug.mixins.json:client.DebugKeyboardHandlerMixin from mod veil->@Inject::printChunkDebugKeys(ILorg/spongepowered/asm/mixin/injection/callback/CallbackInfoReturnable;)V doesn't use it's CallbackInfoReturnable
[10Jun2026 13:33:38.855] [Render thread/DEBUG] [mixin/]: veil.debug.mixins.json:client.DebugKeyboardHandlerMixin from mod veil->@Inject::printChunkDebugKeys(ILorg/spongepowered/asm/mixin/injection/callback/CallbackInfoReturnable;)V has 0 override(s) in child classes
[10Jun2026 13:33:38.855] [Render thread/DEBUG] [mixin/]: veil.debug.mixins.json:client.DebugKeyboardHandlerMixin from mod veil->@Inject::printChunkDebugKeys(ILorg/spongepowered/asm/mixin/injection/callback/CallbackInfoReturnable;)V won't be passed a CallbackInfoReturnable as a result
[10Jun2026 13:33:38.855] [Render thread/DEBUG] [mixin/]: veil.debug.mixins.json:client.DebugKeyboardHandlerMixin from mod veil->@Inject::printChunkDebugKeys(ILorg/spongepowered/asm/mixin/injection/callback/CallbackInfoReturnable;)V doesn't use it's CallbackInfoReturnable
[10Jun2026 13:33:38.855] [Render thread/DEBUG] [mixin/]: veil.debug.mixins.json:client.DebugKeyboardHandlerMixin from mod veil->@Inject::printChunkDebugKeys(ILorg/spongepowered/asm/mixin/injection/callback/CallbackInfoReturnable;)V has 0 override(s) in child classes
[10Jun2026 13:33:38.855] [Render thread/DEBUG] [mixin/]: veil.debug.mixins.json:client.DebugKeyboardHandlerMixin from mod veil->@Inject::printChunkDebugKeys(ILorg/spongepowered/asm/mixin/injection/callback/CallbackInfoReturnable;)V won't be passed a CallbackInfoReturnable as a result
[10Jun2026 13:33:38.855] [Render thread/DEBUG] [mixin/]: veil.debug.mixins.json:client.DebugKeyboardHandlerMixin from mod veil->@Inject::printChunkDebugKeys(ILorg/spongepowered/asm/mixin/injection/callback/CallbackInfoReturnable;)V doesn't use it's CallbackInfoReturnable
[10Jun2026 13:33:38.855] [Render thread/DEBUG] [mixin/]: veil.debug.mixins.json:client.DebugKeyboardHandlerMixin from mod veil->@Inject::printChunkDebugKeys(ILorg/spongepowered/asm/mixin/injection/callback/CallbackInfoReturnable;)V has 0 override(s) in child classes
[10Jun2026 13:33:38.855] [Render thread/DEBUG] [mixin/]: veil.debug.mixins.json:client.DebugKeyboardHandlerMixin from mod veil->@Inject::printChunkDebugKeys(ILorg/spongepowered/asm/mixin/injection/callback/CallbackInfoReturnable;)V won't be passed a CallbackInfoReturnable as a result
[10Jun2026 13:33:38.855] [Render thread/DEBUG] [mixin/]: veil.debug.mixins.json:client.DebugKeyboardHandlerMixin from mod veil->@Inject::printChunkDebugKeys(ILorg/spongepowered/asm/mixin/injection/callback/CallbackInfoReturnable;)V doesn't use it's CallbackInfoReturnable
[10Jun2026 13:33:38.855] [Render thread/DEBUG] [mixin/]: veil.debug.mixins.json:client.DebugKeyboardHandlerMixin from mod veil->@Inject::printChunkDebugKeys(ILorg/spongepowered/asm/mixin/injection/callback/CallbackInfoReturnable;)V has 0 override(s) in child classes
[10Jun2026 13:33:38.855] [Render thread/DEBUG] [mixin/]: veil.debug.mixins.json:client.DebugKeyboardHandlerMixin from mod veil->@Inject::printChunkDebugKeys(ILorg/spongepowered/asm/mixin/injection/callback/CallbackInfoReturnable;)V won't be passed a CallbackInfoReturnable as a result
[10Jun2026 13:33:38.856] [Render thread/DEBUG] [mixin/]: veil.debug.mixins.json:client.DebugKeyboardHandlerMixin from mod veil->@Inject::printChunkDebugKeys(ILorg/spongepowered/asm/mixin/injection/callback/CallbackInfoReturnable;)V doesn't use it's CallbackInfoReturnable
[10Jun2026 13:33:38.856] [Render thread/DEBUG] [mixin/]: veil.debug.mixins.json:client.DebugKeyboardHandlerMixin from mod veil->@Inject::printChunkDebugKeys(ILorg/spongepowered/asm/mixin/injection/callback/CallbackInfoReturnable;)V has 0 override(s) in child classes
[10Jun2026 13:33:38.856] [Render thread/DEBUG] [mixin/]: veil.debug.mixins.json:client.DebugKeyboardHandlerMixin from mod veil->@Inject::printChunkDebugKeys(ILorg/spongepowered/asm/mixin/injection/callback/CallbackInfoReturnable;)V won't be passed a CallbackInfoReturnable as a result
[10Jun2026 13:33:38.856] [Render thread/DEBUG] [mixin/]: veil.debug.mixins.json:client.DebugKeyboardHandlerMixin from mod veil->@Inject::printChunkDebugKeys(ILorg/spongepowered/asm/mixin/injection/callback/CallbackInfoReturnable;)V doesn't use it's CallbackInfoReturnable
[10Jun2026 13:33:38.856] [Render thread/DEBUG] [mixin/]: veil.debug.mixins.json:client.DebugKeyboardHandlerMixin from mod veil->@Inject::printChunkDebugKeys(ILorg/spongepowered/asm/mixin/injection/callback/CallbackInfoReturnable;)V has 0 override(s) in child classes
[10Jun2026 13:33:38.856] [Render thread/DEBUG] [mixin/]: veil.debug.mixins.json:client.DebugKeyboardHandlerMixin from mod veil->@Inject::printChunkDebugKeys(ILorg/spongepowered/asm/mixin/injection/callback/CallbackInfoReturnable;)V won't be passed a CallbackInfoReturnable as a result
[10Jun2026 13:33:38.873] [Render thread/WARN] [oshi.util.platform.windows.WmiQueryHandler/]: COM exception querying Win32_Processor, which might not be on your system. Will not attempt to query it again. Error was -2147023838: The service cannot be started, either because it is disabled or because it has no enabled devices associated with it.(HRESULT: 80070422)
[10Jun2026 13:33:38.879] [Render thread/WARN] [oshi.util.platform.windows.WmiQueryHandler/]: COM exception querying Win32_Processor, which might not be on your system. Will not attempt to query it again. Error was -2147023838: The service cannot be started, either because it is disabled or because it has no enabled devices associated with it.(HRESULT: 80070422)
[10Jun2026 13:33:38.880] [Render thread/DEBUG] [mixin/]: Mixing client.DebugGlDebugMixin from veil.debug.mixins.json into com.mojang.blaze3d.platform.GlDebug
[10Jun2026 13:33:38.881] [Render thread/DEBUG] [mixin/]: veil.debug.mixins.json:client.DebugGlDebugMixin from mod veil->@Inject::onGLError(IIIIIJJLorg/spongepowered/asm/mixin/injection/callback/CallbackInfo;)V doesn't use it's CallbackInfo
[10Jun2026 13:33:38.899] [Render thread/DEBUG] [mixin/]: Mixing accessor.RenderStateShardAccessor from veil.rendertype.mixins.json into net.minecraft.client.renderer.RenderStateShard
[10Jun2026 13:33:38.902] [Render thread/DEBUG] [mixin/]: Mixing client.RenderTypeMixin from veil.neoforge.mixins.json into net.minecraft.client.renderer.RenderType
[10Jun2026 13:33:38.903] [Render thread/DEBUG] [mixin/]: Mixing accessor.RenderTypeAccessor from veil.rendertype.mixins.json into net.minecraft.client.renderer.RenderType
[10Jun2026 13:33:38.904] [Render thread/DEBUG] [mixin/]: Mixing client.RenderTypeMixin from veil.rendertype.mixins.json into net.minecraft.client.renderer.RenderType
[10Jun2026 13:33:38.906] [Render thread/DEBUG] [mixin/]: veil.neoforge.mixins.json:client.RenderTypeMixin from mod veil->@Inject::injectChunkBufferLayers(Lorg/spongepowered/asm/mixin/injection/callback/CallbackInfoReturnable;)V does use it's CallbackInfoReturnable
[10Jun2026 13:33:38.906] [Render thread/DEBUG] [mixin/]: veil.rendertype.mixins.json:client.RenderTypeMixin from mod veil->@Inject::injectShards(Lorg/spongepowered/asm/mixin/injection/callback/CallbackInfoReturnable;)V does use it's CallbackInfoReturnable
[10Jun2026 13:33:38.916] [Render thread/DEBUG] [mixin/]: Mixing client.compat1193plus.GameRendererMixin from pehkui.mixins.json into net.minecraft.client.renderer.GameRenderer
[10Jun2026 13:33:38.916] [Render thread/DEBUG] [mixin/]: pehkui.mixins.json:client.compat1193plus.GameRendererMixin from mod pehkui: Class version 65 required is higher than the class version supported by the current version of Mixin (JAVA_17 supports class version 61)
[10Jun2026 13:33:38.916] [Render thread/DEBUG] [mixin/]: Mixing client.compat121plus.GameRendererMixin from pehkui.mixins.json into net.minecraft.client.renderer.GameRenderer
[10Jun2026 13:33:38.917] [Render thread/DEBUG] [mixin/]: pehkui.mixins.json:client.compat121plus.GameRendererMixin from mod pehkui: Class version 65 required is higher than the class version supported by the current version of Mixin (JAVA_17 supports class version 61)
[10Jun2026 13:33:38.918] [Render thread/DEBUG] [mixin/]: Mixing accessor.DebugGameRendererAccessor from veil.debug.mixins.json into net.minecraft.client.renderer.GameRenderer
[10Jun2026 13:33:38.918] [Render thread/DEBUG] [mixin/]: Mixing client.profiler.GameRendererMixin from veil.debug.mixins.json into net.minecraft.client.renderer.GameRenderer
[10Jun2026 13:33:38.919] [Render thread/DEBUG] [mixin/]: Mixing accessor.DynamicBufferGameRendererAccessor from veil.dynamicbuffer.mixins.json into net.minecraft.client.renderer.GameRenderer
[10Jun2026 13:33:38.919] [Render thread/DEBUG] [mixin/]: Mixing client.DynamicBufferGameRendererMixin from veil.dynamicbuffer.mixins.json into net.minecraft.client.renderer.GameRenderer
[10Jun2026 13:33:38.921] [Render thread/DEBUG] [mixin/]: Mixing accessor.GameRendererAccessor from veil.perspective.mixins.json into net.minecraft.client.renderer.GameRenderer
[10Jun2026 13:33:38.921] [Render thread/DEBUG] [mixin/]: Mixing client.PipelineGameRendererMixin from veil.pipeline.mixins.json into net.minecraft.client.renderer.GameRenderer
[10Jun2026 13:33:38.931] [Render thread/DEBUG] [mixin/]: Mixing client.ShaderGameRendererMixin from veil.shader.mixins.json into net.minecraft.client.renderer.GameRenderer
[10Jun2026 13:33:38.953] [Render thread/DEBUG] [mixin/]: pehkui.mixins.json:client.compat121plus.GameRendererMixin from mod pehkui->@Inject::pehkui$renderWorld$before(Lnet/minecraft/client/DeltaTracker;Lorg/spongepowered/asm/mixin/injection/callback/CallbackInfo;)V doesn't use it's CallbackInfo
[10Jun2026 13:33:38.954] [Render thread/DEBUG] [mixin/]: pehkui.mixins.json:client.compat121plus.GameRendererMixin from mod pehkui->@Inject::pehkui$renderWorld$before(Lnet/minecraft/client/DeltaTracker;Lorg/spongepowered/asm/mixin/injection/callback/CallbackInfo;)V has 0 override(s) in child classes
[10Jun2026 13:33:38.954] [Render thread/DEBUG] [mixin/]: pehkui.mixins.json:client.compat121plus.GameRendererMixin from mod pehkui->@Inject::pehkui$renderWorld$before(Lnet/minecraft/client/DeltaTracker;Lorg/spongepowered/asm/mixin/injection/callback/CallbackInfo;)V won't be passed a CallbackInfo as a result
[10Jun2026 13:33:38.954] [Render thread/DEBUG] [mixin/]: pehkui.mixins.json:client.compat121plus.GameRendererMixin from mod pehkui->@Inject::pehkui$renderWorld$after(Lnet/minecraft/client/DeltaTracker;Lorg/spongepowered/asm/mixin/injection/callback/CallbackInfo;)V doesn't use it's CallbackInfo
[10Jun2026 13:33:38.954] [Render thread/DEBUG] [mixin/]: pehkui.mixins.json:client.compat121plus.GameRendererMixin from mod pehkui->@Inject::pehkui$renderWorld$after(Lnet/minecraft/client/DeltaTracker;Lorg/spongepowered/asm/mixin/injection/callback/CallbackInfo;)V has 0 override(s) in child classes
[10Jun2026 13:33:38.954] [Render thread/DEBUG] [mixin/]: pehkui.mixins.json:client.compat121plus.GameRendererMixin from mod pehkui->@Inject::pehkui$renderWorld$after(Lnet/minecraft/client/DeltaTracker;Lorg/spongepowered/asm/mixin/injection/callback/CallbackInfo;)V won't be passed a CallbackInfo as a result
[10Jun2026 13:33:38.954] [Render thread/DEBUG] [mixin/]: veil.debug.mixins.json:client.profiler.GameRendererMixin from mod veil->@Inject::preRenderLevel(Lorg/spongepowered/asm/mixin/injection/callback/CallbackInfo;)V doesn't use it's CallbackInfo
[10Jun2026 13:33:38.954] [Render thread/DEBUG] [mixin/]: veil.debug.mixins.json:client.profiler.GameRendererMixin from mod veil->@Inject::preRenderLevel(Lorg/spongepowered/asm/mixin/injection/callback/CallbackInfo;)V has 0 override(s) in child classes
[10Jun2026 13:33:38.954] [Render thread/DEBUG] [mixin/]: veil.debug.mixins.json:client.profiler.GameRendererMixin from mod veil->@Inject::preRenderLevel(Lorg/spongepowered/asm/mixin/injection/callback/CallbackInfo;)V won't be passed a CallbackInfo as a result
[10Jun2026 13:33:38.954] [Render thread/DEBUG] [mixin/]: veil.debug.mixins.json:client.profiler.GameRendererMixin from mod veil->@Inject::preRenderOutline(Lorg/spongepowered/asm/mixin/injection/callback/CallbackInfo;)V doesn't use it's CallbackInfo
[10Jun2026 13:33:38.954] [Render thread/DEBUG] [mixin/]: veil.debug.mixins.json:client.profiler.GameRendererMixin from mod veil->@Inject::preRenderOutline(Lorg/spongepowered/asm/mixin/injection/callback/CallbackInfo;)V has 0 override(s) in child classes
[10Jun2026 13:33:38.954] [Render thread/DEBUG] [mixin/]: veil.debug.mixins.json:client.profiler.GameRendererMixin from mod veil->@Inject::preRenderOutline(Lorg/spongepowered/asm/mixin/injection/callback/CallbackInfo;)V won't be passed a CallbackInfo as a result
[10Jun2026 13:33:38.954] [Render thread/DEBUG] [mixin/]: veil.debug.mixins.json:client.profiler.GameRendererMixin from mod veil->@Inject::preRunPostEffect(Lorg/spongepowered/asm/mixin/injection/callback/CallbackInfo;)V doesn't use it's CallbackInfo
[10Jun2026 13:33:38.955] [Render thread/DEBUG] [mixin/]: veil.debug.mixins.json:client.profiler.GameRendererMixin from mod veil->@Inject::preRunPostEffect(Lorg/spongepowered/asm/mixin/injection/callback/CallbackInfo;)V has 0 override(s) in child classes
[10Jun2026 13:33:38.955] [Render thread/DEBUG] [mixin/]: veil.debug.mixins.json:client.profiler.GameRendererMixin from mod veil->@Inject::preRunPostEffect(Lorg/spongepowered/asm/mixin/injection/callback/CallbackInfo;)V won't be passed a CallbackInfo as a result
[10Jun2026 13:33:38.955] [Render thread/DEBUG] [mixin/]: veil.debug.mixins.json:client.profiler.GameRendererMixin from mod veil->@Inject::postRender(Lorg/spongepowered/asm/mixin/injection/callback/CallbackInfo;)V doesn't use it's CallbackInfo
[10Jun2026 13:33:38.955] [Render thread/DEBUG] [mixin/]: veil.debug.mixins.json:client.profiler.GameRendererMixin from mod veil->@Inject::postRender(Lorg/spongepowered/asm/mixin/injection/callback/CallbackInfo;)V has 0 override(s) in child classes
[10Jun2026 13:33:38.955] [Render thread/DEBUG] [mixin/]: veil.debug.mixins.json:client.profiler.GameRendererMixin from mod veil->@Inject::postRender(Lorg/spongepowered/asm/mixin/injection/callback/CallbackInfo;)V won't be passed a CallbackInfo as a result
[10Jun2026 13:33:38.955] [Render thread/DEBUG] [mixin/]: veil.debug.mixins.json:client.profiler.GameRendererMixin from mod veil->@Inject::preRenderGui(Lorg/spongepowered/asm/mixin/injection/callback/CallbackInfo;)V doesn't use it's CallbackInfo
[10Jun2026 13:33:38.955] [Render thread/DEBUG] [mixin/]: veil.debug.mixins.json:client.profiler.GameRendererMixin from mod veil->@Inject::preRenderGui(Lorg/spongepowered/asm/mixin/injection/callback/CallbackInfo;)V has 0 override(s) in child classes
[10Jun2026 13:33:38.955] [Render thread/DEBUG] [mixin/]: veil.debug.mixins.json:client.profiler.GameRendererMixin from mod veil->@Inject::preRenderGui(Lorg/spongepowered/asm/mixin/injection/callback/CallbackInfo;)V won't be passed a CallbackInfo as a result
[10Jun2026 13:33:38.955] [Render thread/DEBUG] [mixin/]: veil.debug.mixins.json:client.profiler.GameRendererMixin from mod veil->@Inject::postRenderGui(Lorg/spongepowered/asm/mixin/injection/callback/CallbackInfo;)V doesn't use it's CallbackInfo
[10Jun2026 13:33:38.955] [Render thread/DEBUG] [mixin/]: veil.debug.mixins.json:client.profiler.GameRendererMixin from mod veil->@Inject::postRenderGui(Lorg/spongepowered/asm/mixin/injection/callback/CallbackInfo;)V has 0 override(s) in child classes
[10Jun2026 13:33:38.955] [Render thread/DEBUG] [mixin/]: veil.debug.mixins.json:client.profiler.GameRendererMixin from mod veil->@Inject::postRenderGui(Lorg/spongepowered/asm/mixin/injection/callback/CallbackInfo;)V won't be passed a CallbackInfo as a result
[10Jun2026 13:33:38.955] [Render thread/DEBUG] [mixin/]: veil.dynamicbuffer.mixins.json:client.DynamicBufferGameRendererMixin from mod veil->@Inject::reloadShaders(Lnet/minecraft/server/packs/resources/ResourceProvider;Lorg/spongepowered/asm/mixin/injection/callback/CallbackInfo;)V doesn't use it's CallbackInfo
[10Jun2026 13:33:38.955] [Render thread/DEBUG] [mixin/]: veil.dynamicbuffer.mixins.json:client.DynamicBufferGameRendererMixin from mod veil->@Inject::reloadShaders(Lnet/minecraft/server/packs/resources/ResourceProvider;Lorg/spongepowered/asm/mixin/injection/callback/CallbackInfo;)V has 0 override(s) in child classes
[10Jun2026 13:33:38.956] [Render thread/DEBUG] [mixin/]: veil.dynamicbuffer.mixins.json:client.DynamicBufferGameRendererMixin from mod veil->@Inject::reloadShaders(Lnet/minecraft/server/packs/resources/ResourceProvider;Lorg/spongepowered/asm/mixin/injection/callback/CallbackInfo;)V won't be passed a CallbackInfo as a result
[10Jun2026 13:33:38.956] [Render thread/DEBUG] [mixin/]: veil.pipeline.mixins.json:client.PipelineGameRendererMixin from mod veil->@Inject::renderLevelStart(Lorg/spongepowered/asm/mixin/injection/callback/CallbackInfo;)V doesn't use it's CallbackInfo
[10Jun2026 13:33:38.956] [Render thread/DEBUG] [mixin/]: veil.pipeline.mixins.json:client.PipelineGameRendererMixin from mod veil->@Inject::renderLevelStart(Lorg/spongepowered/asm/mixin/injection/callback/CallbackInfo;)V has 0 override(s) in child classes
[10Jun2026 13:33:38.956] [Render thread/DEBUG] [mixin/]: veil.pipeline.mixins.json:client.PipelineGameRendererMixin from mod veil->@Inject::renderLevelStart(Lorg/spongepowered/asm/mixin/injection/callback/CallbackInfo;)V won't be passed a CallbackInfo as a result
[10Jun2026 13:33:38.956] [Render thread/DEBUG] [mixin/]: veil.pipeline.mixins.json:client.PipelineGameRendererMixin from mod veil->@Inject::bobViewSetup(Lorg/spongepowered/asm/mixin/injection/callback/CallbackInfo;)V doesn't use it's CallbackInfo
[10Jun2026 13:33:38.956] [Render thread/DEBUG] [mixin/]: veil.pipeline.mixins.json:client.PipelineGameRendererMixin from mod veil->@Inject::bobViewSetup(Lorg/spongepowered/asm/mixin/injection/callback/CallbackInfo;)V has 0 override(s) in child classes
[10Jun2026 13:33:38.956] [Render thread/DEBUG] [mixin/]: veil.pipeline.mixins.json:client.PipelineGameRendererMixin from mod veil->@Inject::bobViewSetup(Lorg/spongepowered/asm/mixin/injection/callback/CallbackInfo;)V won't be passed a CallbackInfo as a result
[10Jun2026 13:33:38.956] [Render thread/DEBUG] [mixin/]: veil.pipeline.mixins.json:client.PipelineGameRendererMixin from mod veil->@Inject::bobViewClear(Lorg/spongepowered/asm/mixin/injection/callback/CallbackInfo;)V doesn't use it's CallbackInfo
[10Jun2026 13:33:38.956] [Render thread/DEBUG] [mixin/]: veil.pipeline.mixins.json:client.PipelineGameRendererMixin from mod veil->@Inject::bobViewClear(Lorg/spongepowered/asm/mixin/injection/callback/CallbackInfo;)V has 0 override(s) in child classes
[10Jun2026 13:33:38.956] [Render thread/DEBUG] [mixin/]: veil.pipeline.mixins.json:client.PipelineGameRendererMixin from mod veil->@Inject::bobViewClear(Lorg/spongepowered/asm/mixin/injection/callback/CallbackInfo;)V won't be passed a CallbackInfo as a result
[10Jun2026 13:33:38.956] [Render thread/DEBUG] [mixin/]: ArgsClassGenerator assigning org.spongepowered.asm.synthetic.args.Args$1 for descriptor (FFF)V
[10Jun2026 13:33:38.957] [Render thread/DEBUG] [mixin/]: veil.pipeline.mixins.json:client.PipelineGameRendererMixin from mod veil->@Inject::resizeListener(Lorg/spongepowered/asm/mixin/injection/callback/CallbackInfo;)V doesn't use it's CallbackInfo
[10Jun2026 13:33:38.957] [Render thread/DEBUG] [mixin/]: veil.pipeline.mixins.json:client.PipelineGameRendererMixin from mod veil->@Inject::resizeListener(Lorg/spongepowered/asm/mixin/injection/callback/CallbackInfo;)V has 0 override(s) in child classes
[10Jun2026 13:33:38.957] [Render thread/DEBUG] [mixin/]: veil.pipeline.mixins.json:client.PipelineGameRendererMixin from mod veil->@Inject::resizeListener(Lorg/spongepowered/asm/mixin/injection/callback/CallbackInfo;)V won't be passed a CallbackInfo as a result
[10Jun2026 13:33:38.957] [Render thread/DEBUG] [mixin/]: veil.pipeline.mixins.json:client.PipelineGameRendererMixin from mod veil->@Inject::renderPost(Lorg/spongepowered/asm/mixin/injection/callback/CallbackInfo;)V doesn't use it's CallbackInfo
[10Jun2026 13:33:38.958] [Render thread/DEBUG] [mixin/]: veil.pipeline.mixins.json:client.PipelineGameRendererMixin from mod veil->@Inject::renderPost(Lorg/spongepowered/asm/mixin/injection/callback/CallbackInfo;)V has 0 override(s) in child classes
[10Jun2026 13:33:38.958] [Render thread/DEBUG] [mixin/]: veil.pipeline.mixins.json:client.PipelineGameRendererMixin from mod veil->@Inject::renderPost(Lorg/spongepowered/asm/mixin/injection/callback/CallbackInfo;)V won't be passed a CallbackInfo as a result
[10Jun2026 13:33:38.958] [Render thread/DEBUG] [mixin/]: veil.pipeline.mixins.json:client.PipelineGameRendererMixin from mod veil->@Inject::updateGuiCamera(Lorg/spongepowered/asm/mixin/injection/callback/CallbackInfo;)V doesn't use it's CallbackInfo
[10Jun2026 13:33:38.958] [Render thread/DEBUG] [mixin/]: veil.pipeline.mixins.json:client.PipelineGameRendererMixin from mod veil->@Inject::updateGuiCamera(Lorg/spongepowered/asm/mixin/injection/callback/CallbackInfo;)V has 0 override(s) in child classes
[10Jun2026 13:33:38.958] [Render thread/DEBUG] [mixin/]: veil.pipeline.mixins.json:client.PipelineGameRendererMixin from mod veil->@Inject::updateGuiCamera(Lorg/spongepowered/asm/mixin/injection/callback/CallbackInfo;)V won't be passed a CallbackInfo as a result
[10Jun2026 13:33:38.958] [Render thread/DEBUG] [mixin/]: veil.pipeline.mixins.json:client.PipelineGameRendererMixin from mod veil->@Inject::unbindGuiCamera(Lorg/spongepowered/asm/mixin/injection/callback/CallbackInfo;)V doesn't use it's CallbackInfo
[10Jun2026 13:33:38.958] [Render thread/DEBUG] [mixin/]: veil.pipeline.mixins.json:client.PipelineGameRendererMixin from mod veil->@Inject::unbindGuiCamera(Lorg/spongepowered/asm/mixin/injection/callback/CallbackInfo;)V has 0 override(s) in child classes
[10Jun2026 13:33:38.958] [Render thread/DEBUG] [mixin/]: veil.pipeline.mixins.json:client.PipelineGameRendererMixin from mod veil->@Inject::unbindGuiCamera(Lorg/spongepowered/asm/mixin/injection/callback/CallbackInfo;)V won't be passed a CallbackInfo as a result
[10Jun2026 13:33:38.958] [Render thread/DEBUG] [mixin/]: veil.pipeline.mixins.json:client.PipelineGameRendererMixin from mod veil->@Inject::unbindFirstPerson(Lorg/spongepowered/asm/mixin/injection/callback/CallbackInfo;)V doesn't use it's CallbackInfo
[10Jun2026 13:33:38.958] [Render thread/DEBUG] [mixin/]: veil.pipeline.mixins.json:client.PipelineGameRendererMixin from mod veil->@Inject::unbindFirstPerson(Lorg/spongepowered/asm/mixin/injection/callback/CallbackInfo;)V has 0 override(s) in child classes
[10Jun2026 13:33:38.958] [Render thread/DEBUG] [mixin/]: veil.pipeline.mixins.json:client.PipelineGameRendererMixin from mod veil->@Inject::unbindFirstPerson(Lorg/spongepowered/asm/mixin/injection/callback/CallbackInfo;)V won't be passed a CallbackInfo as a result
[10Jun2026 13:33:38.958] [Render thread/DEBUG] [mixin/]: veil.pipeline.mixins.json:client.PipelineGameRendererMixin from mod veil->@Inject::free(Lorg/spongepowered/asm/mixin/injection/callback/CallbackInfo;)V doesn't use it's CallbackInfo
[10Jun2026 13:33:38.958] [Render thread/DEBUG] [mixin/]: veil.pipeline.mixins.json:client.PipelineGameRendererMixin from mod veil->@Inject::free(Lorg/spongepowered/asm/mixin/injection/callback/CallbackInfo;)V has 0 override(s) in child classes
[10Jun2026 13:33:38.958] [Render thread/DEBUG] [mixin/]: veil.pipeline.mixins.json:client.PipelineGameRendererMixin from mod veil->@Inject::free(Lorg/spongepowered/asm/mixin/injection/callback/CallbackInfo;)V won't be passed a CallbackInfo as a result
[10Jun2026 13:33:38.959] [Render thread/DEBUG] [mixin/]: veil.shader.mixins.json:client.ShaderGameRendererMixin from mod veil->@Inject::replaceShaders(Lorg/spongepowered/asm/mixin/injection/callback/CallbackInfo;)V doesn't use it's CallbackInfo
[10Jun2026 13:33:38.959] [Render thread/DEBUG] [mixin/]: veil.shader.mixins.json:client.ShaderGameRendererMixin from mod veil->@Inject::replaceShaders(Lorg/spongepowered/asm/mixin/injection/callback/CallbackInfo;)V has 0 override(s) in child classes
[10Jun2026 13:33:38.959] [Render thread/DEBUG] [mixin/]: veil.shader.mixins.json:client.ShaderGameRendererMixin from mod veil->@Inject::replaceShaders(Lorg/spongepowered/asm/mixin/injection/callback/CallbackInfo;)V won't be passed a CallbackInfo as a result
[10Jun2026 13:33:38.959] [Render thread/DEBUG] [mixin/]: Unexpected: Registered method getShaders()Ljava/util/Map; in net.minecraft.client.renderer.GameRenderer was not merged
[10Jun2026 13:33:38.970] [Render thread/DEBUG] [mixin/]: Mixing client.ShaderInstanceMixin from veil.shader.mixins.json into net.minecraft.client.renderer.ShaderInstance
[10Jun2026 13:33:38.970] [Render thread/DEBUG] [mixin/]: Renaming synthetic method lambda$updateLocations$0(Lcom/mojang/blaze3d/shaders/Uniform;)Z to md0b472e$veil$lambda$updateLocations$0$0 in veil.shader.mixins.json:client.ShaderInstanceMixin from mod veil
[10Jun2026 13:33:38.982] [Render thread/DEBUG] [mixin/]: Mixing client.DynamicBufferShaderInstanceMixin from veil.dynamicbuffer.mixins.json into net.minecraft.client.renderer.ShaderInstance
[10Jun2026 13:33:38.990] [Render thread/DEBUG] [mixin/]: Mixing client.PipelineShaderInstanceMixin from veil.pipeline.mixins.json into net.minecraft.client.renderer.ShaderInstance
[10Jun2026 13:33:38.990] [Render thread/DEBUG] [mixin/]: Renaming synthetic method lambda$static$1(I)[Ljava/lang/String; to md0b472e$veil$lambda$static$1$1 in veil.pipeline.mixins.json:client.PipelineShaderInstanceMixin from mod veil
[10Jun2026 13:33:38.990] [Render thread/DEBUG] [mixin/]: Renaming synthetic method lambda$static$0(Lnet/minecraft/core/Direction;)Ljava/lang/String; to md0b472e$veil$lambda$static$0$2 in veil.pipeline.mixins.json:client.PipelineShaderInstanceMixin from mod veil
[10Jun2026 13:33:39.013] [Render thread/DEBUG] [mixin/]: veil.shader.mixins.json:client.ShaderInstanceMixin from mod veil->@Inject::veil$cancelDummyProgram(Lnet/minecraft/server/packs/resources/ResourceProvider;Lcom/mojang/blaze3d/shaders/Program$Type;Ljava/lang/String;Lorg/spongepowered/asm/mixin/injection/callback/CallbackInfoReturnable;)V does use it's CallbackInfoReturnable
[10Jun2026 13:33:39.014] [Render thread/DEBUG] [mixin/]: veil.shader.mixins.json:client.ShaderInstanceMixin from mod veil->@Inject::veil$setupFallbackProcessor(Lnet/minecraft/server/packs/resources/ResourceProvider;Lcom/mojang/blaze3d/shaders/Program$Type;Ljava/lang/String;Lorg/spongepowered/asm/mixin/injection/callback/CallbackInfoReturnable;)V doesn't use it's CallbackInfoReturnable
[10Jun2026 13:33:39.014] [Render thread/DEBUG] [mixin/]: veil.shader.mixins.json:client.ShaderInstanceMixin from mod veil->@Inject::veil$clearFallbackProcessor(Lorg/spongepowered/asm/mixin/injection/callback/CallbackInfoReturnable;)V doesn't use it's CallbackInfoReturnable
[10Jun2026 13:33:39.014] [Render thread/DEBUG] [mixin/]: veil.shader.mixins.json:client.ShaderInstanceMixin from mod veil->@Inject::close(Lorg/spongepowered/asm/mixin/injection/callback/CallbackInfo;)V doesn't use it's CallbackInfo
[10Jun2026 13:33:39.014] [Render thread/DEBUG] [mixin/]: veil.shader.mixins.json:client.ShaderInstanceMixin from mod veil->@Inject::close(Lorg/spongepowered/asm/mixin/injection/callback/CallbackInfo;)V has 0 override(s) in child classes
[10Jun2026 13:33:39.014] [Render thread/DEBUG] [mixin/]: veil.shader.mixins.json:client.ShaderInstanceMixin from mod veil->@Inject::close(Lorg/spongepowered/asm/mixin/injection/callback/CallbackInfo;)V won't be passed a CallbackInfo as a result
[10Jun2026 13:33:39.014] [Render thread/DEBUG] [mixin/]: veil.shader.mixins.json:client.ShaderInstanceMixin from mod veil->@Inject::apply(Lorg/spongepowered/asm/mixin/injection/callback/CallbackInfo;)V doesn't use it's CallbackInfo
[10Jun2026 13:33:39.014] [Render thread/DEBUG] [mixin/]: veil.shader.mixins.json:client.ShaderInstanceMixin from mod veil->@Inject::apply(Lorg/spongepowered/asm/mixin/injection/callback/CallbackInfo;)V has 0 override(s) in child classes
[10Jun2026 13:33:39.014] [Render thread/DEBUG] [mixin/]: veil.shader.mixins.json:client.ShaderInstanceMixin from mod veil->@Inject::apply(Lorg/spongepowered/asm/mixin/injection/callback/CallbackInfo;)V won't be passed a CallbackInfo as a result
[10Jun2026 13:33:39.014] [Render thread/DEBUG] [mixin/]: veil.shader.mixins.json:client.ShaderInstanceMixin from mod veil->@Inject::clearSamplerLocations(Lorg/spongepowered/asm/mixin/injection/callback/CallbackInfo;)V doesn't use it's CallbackInfo
[10Jun2026 13:33:39.014] [Render thread/DEBUG] [mixin/]: veil.shader.mixins.json:client.ShaderInstanceMixin from mod veil->@Inject::clearSamplerLocations(Lorg/spongepowered/asm/mixin/injection/callback/CallbackInfo;)V has 0 override(s) in child classes
[10Jun2026 13:33:39.014] [Render thread/DEBUG] [mixin/]: veil.shader.mixins.json:client.ShaderInstanceMixin from mod veil->@Inject::clearSamplerLocations(Lorg/spongepowered/asm/mixin/injection/callback/CallbackInfo;)V won't be passed a CallbackInfo as a result
[10Jun2026 13:33:39.014] [Render thread/DEBUG] [mixin/]: veil.shader.mixins.json:client.ShaderInstanceMixin from mod veil->@Inject::updateLocations(Lorg/spongepowered/asm/mixin/injection/callback/CallbackInfo;)V doesn't use it's CallbackInfo
[10Jun2026 13:33:39.014] [Render thread/DEBUG] [mixin/]: veil.shader.mixins.json:client.ShaderInstanceMixin from mod veil->@Inject::updateLocations(Lorg/spongepowered/asm/mixin/injection/callback/CallbackInfo;)V has 0 override(s) in child classes
[10Jun2026 13:33:39.014] [Render thread/DEBUG] [mixin/]: veil.shader.mixins.json:client.ShaderInstanceMixin from mod veil->@Inject::updateLocations(Lorg/spongepowered/asm/mixin/injection/callback/CallbackInfo;)V won't be passed a CallbackInfo as a result
[10Jun2026 13:33:39.014] [Render thread/DEBUG] [mixin/]: veil.dynamicbuffer.mixins.json:client.DynamicBufferShaderInstanceMixin from mod veil->@Inject::init(Lorg/spongepowered/asm/mixin/injection/callback/CallbackInfo;)V doesn't use it's CallbackInfo
[10Jun2026 13:33:39.015] [Render thread/DEBUG] [mixin/]: veil.dynamicbuffer.mixins.json:client.DynamicBufferShaderInstanceMixin from mod veil->@Inject::init(Lorg/spongepowered/asm/mixin/injection/callback/CallbackInfo;)V has 0 override(s) in child classes
[10Jun2026 13:33:39.015] [Render thread/DEBUG] [mixin/]: veil.dynamicbuffer.mixins.json:client.DynamicBufferShaderInstanceMixin from mod veil->@Inject::init(Lorg/spongepowered/asm/mixin/injection/callback/CallbackInfo;)V won't be passed a CallbackInfo as a result
[10Jun2026 13:33:39.015] [Render thread/DEBUG] [mixin/]: veil.dynamicbuffer.mixins.json:client.DynamicBufferShaderInstanceMixin from mod veil->@Inject::apply(Lorg/spongepowered/asm/mixin/injection/callback/CallbackInfo;)V doesn't use it's CallbackInfo
[10Jun2026 13:33:39.015] [Render thread/DEBUG] [mixin/]: veil.dynamicbuffer.mixins.json:client.DynamicBufferShaderInstanceMixin from mod veil->@Inject::apply(Lorg/spongepowered/asm/mixin/injection/callback/CallbackInfo;)V has 0 override(s) in child classes
[10Jun2026 13:33:39.015] [Render thread/DEBUG] [mixin/]: veil.dynamicbuffer.mixins.json:client.DynamicBufferShaderInstanceMixin from mod veil->@Inject::apply(Lorg/spongepowered/asm/mixin/injection/callback/CallbackInfo;)V won't be passed a CallbackInfo as a result
[10Jun2026 13:33:39.015] [Render thread/DEBUG] [mixin/]: veil.dynamicbuffer.mixins.json:client.DynamicBufferShaderInstanceMixin from mod veil->@Inject::close(Lorg/spongepowered/asm/mixin/injection/callback/CallbackInfo;)V doesn't use it's CallbackInfo
[10Jun2026 13:33:39.015] [Render thread/DEBUG] [mixin/]: veil.dynamicbuffer.mixins.json:client.DynamicBufferShaderInstanceMixin from mod veil->@Inject::close(Lorg/spongepowered/asm/mixin/injection/callback/CallbackInfo;)V has 0 override(s) in child classes
[10Jun2026 13:33:39.015] [Render thread/DEBUG] [mixin/]: veil.dynamicbuffer.mixins.json:client.DynamicBufferShaderInstanceMixin from mod veil->@Inject::close(Lorg/spongepowered/asm/mixin/injection/callback/CallbackInfo;)V won't be passed a CallbackInfo as a result
[10Jun2026 13:33:39.015] [Render thread/DEBUG] [mixin/]: veil.pipeline.mixins.json:client.PipelineShaderInstanceMixin from mod veil->@Inject::setDefaultUniforms(Lcom/mojang/blaze3d/vertex/VertexFormat$Mode;Lorg/joml/Matrix4f;Lorg/joml/Matrix4f;Lcom/mojang/blaze3d/platform/Window;Lorg/spongepowered/asm/mixin/injection/callback/CallbackInfo;)V doesn't use it's CallbackInfo
[10Jun2026 13:33:39.015] [Render thread/DEBUG] [mixin/]: veil.pipeline.mixins.json:client.PipelineShaderInstanceMixin from mod veil->@Inject::setDefaultUniforms(Lcom/mojang/blaze3d/vertex/VertexFormat$Mode;Lorg/joml/Matrix4f;Lorg/joml/Matrix4f;Lcom/mojang/blaze3d/platform/Window;Lorg/spongepowered/asm/mixin/injection/callback/CallbackInfo;)V has 0 override(s) in child classes
[10Jun2026 13:33:39.015] [Render thread/DEBUG] [mixin/]: veil.pipeline.mixins.json:client.PipelineShaderInstanceMixin from mod veil->@Inject::setDefaultUniforms(Lcom/mojang/blaze3d/vertex/VertexFormat$Mode;Lorg/joml/Matrix4f;Lorg/joml/Matrix4f;Lcom/mojang/blaze3d/platform/Window;Lorg/spongepowered/asm/mixin/injection/callback/CallbackInfo;)V won't be passed a CallbackInfo as a result
[10Jun2026 13:33:39.025] [Render thread/DEBUG] [mixin/]: Mixing accessor.ResourceTextureAtlasAccessor from veil.resource.mixins.json into net.minecraft.client.renderer.texture.TextureAtlas
[10Jun2026 13:33:39.026] [Render thread/DEBUG] [mixin/]: Mixing client.ResourceTextureAtlasMixin from veil.resource.mixins.json into net.minecraft.client.renderer.texture.TextureAtlas
[10Jun2026 13:33:39.067] [Render thread/DEBUG] [mixin/]: Mixing accessor.PipelineReloadableResourceManagerAccessor from veil.pipeline.mixins.json into net.minecraft.server.packs.resources.ReloadableResourceManager
[10Jun2026 13:33:39.101] [Render thread/DEBUG] [net.neoforged.fml.ModWorkManager/LOADING]: Using 12 threads for parallel mod-loading
[10Jun2026 13:33:39.116] [Render thread/DEBUG] [net.neoforged.fml.javafmlmod.FMLModContainer/LOADING]: Creating FMLModContainer instance for [virtuoel.pehkui.Pehkui]
[10Jun2026 13:33:39.118] [Render thread/DEBUG] [net.neoforged.fml.javafmlmod.FMLModContainer/LOADING]: Creating FMLModContainer instance for [fuzs.forgeconfigapiport.neoforge.impl.ForgeConfigAPIPortNeoForge, fuzs.forgeconfigapiport.neoforge.impl.client.ForgeConfigAPIPortNeoForgeClient]
[10Jun2026 13:33:39.120] [Render thread/DEBUG] [net.neoforged.fml.javafmlmod.FMLModContainer/LOADING]: Creating FMLModContainer instance for [foundry.veil.forge.VeilForge, foundry.veil.forge.VeilForgeClient]
[10Jun2026 13:33:39.120] [Render thread/DEBUG] [net.neoforged.fml.javafmlmod.FMLModContainer/LOADING]: Creating FMLModContainer instance for []
[10Jun2026 13:33:39.121] [Render thread/DEBUG] [net.neoforged.fml.javafmlmod.FMLModContainer/LOADING]: Creating FMLModContainer instance for [net.neoforged.neoforge.common.NeoForgeMod, net.neoforged.neoforge.client.ClientNeoForgeMod]
[10Jun2026 13:33:39.124] [Render thread/DEBUG] [net.neoforged.fml.javafmlmod.FMLModContainer/LOADING]: Creating FMLModContainer instance for [net.noodle.repophys.Repophys]
[10Jun2026 13:33:39.132] [modloading-worker-0/INFO] [Veil/]: Veil is initializing.
[10Jun2026 13:33:39.133] [modloading-worker-0/DEBUG] [net.neoforged.fml.javafmlmod.AutomaticEventSubscriber/LOADING]: Attempting to inject @EventBusSubscriber classes into the eventbus for sablecompanion
[10Jun2026 13:33:39.134] [modloading-worker-0/DEBUG] [net.neoforged.fml.javafmlmod.AutomaticEventSubscriber/LOADING]: Attempting to inject @EventBusSubscriber classes into the eventbus for forgeconfigapiport
[10Jun2026 13:33:39.135] [modloading-worker-0/DEBUG] [mixin/]: Mixing DeferredRegisterMixin from veil.neoforge.mixins.json into net.neoforged.neoforge.registries.DeferredRegister
[10Jun2026 13:33:39.136] [modloading-worker-0/DEBUG] [mixin/]: Renaming synthetic method lambda$register$0(Ljava/util/function/Function;Lnet/minecraft/resources/ResourceLocation;)Ljava/lang/Object; to md0b472e$veil$lambda$register$0$0 in veil.neoforge.mixins.json:DeferredRegisterMixin from mod veil
[10Jun2026 13:33:39.158] [modloading-worker-0/DEBUG] [net.neoforged.neoforge.internal.versions.neoforge.NeoForgeVersion/CORE]: Found NeoForge version 21.1.231
[10Jun2026 13:33:39.158] [modloading-worker-0/DEBUG] [net.neoforged.neoforge.internal.versions.neoforge.NeoForgeVersion/CORE]: Found FML version 4.0.42
[10Jun2026 13:33:39.158] [modloading-worker-0/INFO] [net.neoforged.neoforge.common.NeoForgeMod/NEOFORGE-MOD]: NeoForge mod loading, version 21.1.231, for MC 1.21.1
[10Jun2026 13:33:39.166] [modloading-worker-0/DEBUG] [net.neoforged.fml.config.ConfigTracker/CONFIG]: Config file pehkui-client.toml for pehkui tracking
[10Jun2026 13:33:39.166] [modloading-worker-0/DEBUG] [net.neoforged.fml.config.ConfigTracker/CONFIG]: Config file pehkui-server.toml for pehkui tracking
[10Jun2026 13:33:39.166] [modloading-worker-0/DEBUG] [net.neoforged.fml.config.ConfigTracker/CONFIG]: Config file pehkui-common.toml for pehkui tracking
[10Jun2026 13:33:39.171] [modloading-worker-0/DEBUG] [net.neoforged.fml.config.ConfigTracker/CONFIG]: Config file neoforge-client.toml for neoforge tracking
[10Jun2026 13:33:39.172] [modloading-worker-0/DEBUG] [net.neoforged.fml.config.ConfigTracker/CONFIG]: Config file neoforge-server.toml for neoforge tracking
[10Jun2026 13:33:39.172] [modloading-worker-0/DEBUG] [net.neoforged.fml.config.ConfigTracker/CONFIG]: Config file neoforge-common.toml for neoforge tracking
[10Jun2026 13:33:39.174] [modloading-worker-0/DEBUG] [mixin/]: Mixing client.DebugVertexFormatMixin from veil.debug.mixins.json into com.mojang.blaze3d.vertex.VertexFormat
[10Jun2026 13:33:39.176] [modloading-worker-0/DEBUG] [mixin/]: veil.debug.mixins.json:client.DebugVertexFormatMixin from mod veil->@Inject::nameImmediateDrawVertexBuffer(Lorg/spongepowered/asm/mixin/injection/callback/CallbackInfoReturnable;)V doesn't use it's CallbackInfoReturnable
[10Jun2026 13:33:39.176] [modloading-worker-0/DEBUG] [mixin/]: veil.debug.mixins.json:client.DebugVertexFormatMixin from mod veil->@Inject::nameImmediateDrawVertexBuffer(Lorg/spongepowered/asm/mixin/injection/callback/CallbackInfoReturnable;)V has 0 override(s) in child classes
[10Jun2026 13:33:39.176] [modloading-worker-0/DEBUG] [mixin/]: veil.debug.mixins.json:client.DebugVertexFormatMixin from mod veil->@Inject::nameImmediateDrawVertexBuffer(Lorg/spongepowered/asm/mixin/injection/callback/CallbackInfoReturnable;)V won't be passed a CallbackInfoReturnable as a result
[10Jun2026 13:33:39.178] [modloading-worker-0/DEBUG] [net.neoforged.fml.javafmlmod.AutomaticEventSubscriber/LOADING]: Attempting to inject @EventBusSubscriber classes into the eventbus for pehkui
[10Jun2026 13:33:39.183] [modloading-worker-0/DEBUG] [mixin/]: Mixing client.CompositeStateMixin from veil.rendertype.mixins.json into net.minecraft.client.renderer.RenderType$CompositeState
[10Jun2026 13:33:39.187] [modloading-worker-0/DEBUG] [mixin/]: Mixing client.CompositeStateBuilderMixin from veil.rendertype.mixins.json into net.minecraft.client.renderer.RenderType$CompositeState$CompositeStateBuilder
[10Jun2026 13:33:39.192] [modloading-worker-0/DEBUG] [mixin/]: veil.rendertype.mixins.json:client.CompositeStateBuilderMixin from mod veil->@Inject::addLayers(Lorg/spongepowered/asm/mixin/injection/callback/CallbackInfoReturnable;)V does use it's CallbackInfoReturnable
[10Jun2026 13:33:39.204] [modloading-worker-0/DEBUG] [mixin/]: Mixing client.compat1194plus.ItemRendererMixin from pehkui.mixins.json into net.minecraft.client.renderer.entity.ItemRenderer
[10Jun2026 13:33:39.204] [modloading-worker-0/DEBUG] [mixin/]: pehkui.mixins.json:client.compat1194plus.ItemRendererMixin from mod pehkui: Class version 65 required is higher than the class version supported by the current version of Mixin (JAVA_17 supports class version 61)
[10Jun2026 13:33:39.206] [modloading-worker-0/DEBUG] [mixin/]: pehkui.mixins.json:client.compat1194plus.ItemRendererMixin from mod pehkui->@Inject::pehkui$renderItem$head(Lnet/minecraft/world/entity/LivingEntity;Lnet/minecraft/world/item/ItemStack;Ljava/lang/Object;ZLcom/mojang/blaze3d/vertex/PoseStack;Lnet/minecraft/client/renderer/MultiBufferSource;Lnet/minecraft/world/level/Level;IIILorg/spongepowered/asm/mixin/injection/callback/CallbackInfo;)V doesn't use it's CallbackInfo
[10Jun2026 13:33:39.206] [modloading-worker-0/DEBUG] [mixin/]: pehkui.mixins.json:client.compat1194plus.ItemRendererMixin from mod pehkui->@Inject::pehkui$renderItem$head(Lnet/minecraft/world/entity/LivingEntity;Lnet/minecraft/world/item/ItemStack;Ljava/lang/Object;ZLcom/mojang/blaze3d/vertex/PoseStack;Lnet/minecraft/client/renderer/MultiBufferSource;Lnet/minecraft/world/level/Level;IIILorg/spongepowered/asm/mixin/injection/callback/CallbackInfo;)V has 0 override(s) in child classes
[10Jun2026 13:33:39.206] [modloading-worker-0/DEBUG] [mixin/]: pehkui.mixins.json:client.compat1194plus.ItemRendererMixin from mod pehkui->@Inject::pehkui$renderItem$head(Lnet/minecraft/world/entity/LivingEntity;Lnet/minecraft/world/item/ItemStack;Ljava/lang/Object;ZLcom/mojang/blaze3d/vertex/PoseStack;Lnet/minecraft/client/renderer/MultiBufferSource;Lnet/minecraft/world/level/Level;IIILorg/spongepowered/asm/mixin/injection/callback/CallbackInfo;)V won't be passed a CallbackInfo as a result
[10Jun2026 13:33:39.207] [modloading-worker-0/DEBUG] [mixin/]: pehkui.mixins.json:client.compat1194plus.ItemRendererMixin from mod pehkui->@Inject::pehkui$renderItem$return(Lnet/minecraft/world/entity/LivingEntity;Lnet/minecraft/world/item/ItemStack;Ljava/lang/Object;ZLcom/mojang/blaze3d/vertex/PoseStack;Lnet/minecraft/client/renderer/MultiBufferSource;Lnet/minecraft/world/level/Level;IIILorg/spongepowered/asm/mixin/injection/callback/CallbackInfo;)V doesn't use it's CallbackInfo
[10Jun2026 13:33:39.207] [modloading-worker-0/DEBUG] [mixin/]: pehkui.mixins.json:client.compat1194plus.ItemRendererMixin from mod pehkui->@Inject::pehkui$renderItem$return(Lnet/minecraft/world/entity/LivingEntity;Lnet/minecraft/world/item/ItemStack;Ljava/lang/Object;ZLcom/mojang/blaze3d/vertex/PoseStack;Lnet/minecraft/client/renderer/MultiBufferSource;Lnet/minecraft/world/level/Level;IIILorg/spongepowered/asm/mixin/injection/callback/CallbackInfo;)V has 0 override(s) in child classes
[10Jun2026 13:33:39.207] [modloading-worker-0/DEBUG] [mixin/]: pehkui.mixins.json:client.compat1194plus.ItemRendererMixin from mod pehkui->@Inject::pehkui$renderItem$return(Lnet/minecraft/world/entity/LivingEntity;Lnet/minecraft/world/item/ItemStack;Ljava/lang/Object;ZLcom/mojang/blaze3d/vertex/PoseStack;Lnet/minecraft/client/renderer/MultiBufferSource;Lnet/minecraft/world/level/Level;IIILorg/spongepowered/asm/mixin/injection/callback/CallbackInfo;)V won't be passed a CallbackInfo as a result
[10Jun2026 13:33:39.216] [modloading-worker-0/DEBUG] [mixin/]: Mixing client.DynamicBufferLevelRendererMixin from veil.dynamicbuffer.mixins.json into net.minecraft.client.renderer.LevelRenderer
[10Jun2026 13:33:39.219] [modloading-worker-0/DEBUG] [mixin/]: Mixing client.PipelineLevelRendererMixin from veil.pipeline.mixins.json into net.minecraft.client.renderer.LevelRenderer
[10Jun2026 13:33:39.238] [modloading-worker-0/DEBUG] [mixin/]: Mixing client.compat115plus.WorldRendererMixin from pehkui.mixins.json into net.minecraft.client.renderer.LevelRenderer
[10Jun2026 13:33:39.238] [modloading-worker-0/DEBUG] [mixin/]: pehkui.mixins.json:client.compat115plus.WorldRendererMixin from mod pehkui: Class version 65 required is higher than the class version supported by the current version of Mixin (JAVA_17 supports class version 61)
[10Jun2026 13:33:39.239] [modloading-worker-0/DEBUG] [mixin/]: Mixing accessor.DebugLevelRendererAccessor from veil.debug.mixins.json into net.minecraft.client.renderer.LevelRenderer
[10Jun2026 13:33:39.239] [modloading-worker-0/DEBUG] [mixin/]: Mixing client.DebugLevelRendererMixin from veil.debug.mixins.json into net.minecraft.client.renderer.LevelRenderer
[10Jun2026 13:33:39.239] [modloading-worker-0/DEBUG] [mixin/]: Mixing client.NecromancerLevelRendererMixin from veil.necromancer.mixins.json into net.minecraft.client.renderer.LevelRenderer
[10Jun2026 13:33:39.240] [modloading-worker-0/DEBUG] [mixin/]: Mixing client.PerformanceLevelRendererMixin from veil.performance.mixins.json into net.minecraft.client.renderer.LevelRenderer
[10Jun2026 13:33:39.240] [modloading-worker-0/DEBUG] [mixin/]: Mixing accessor.LevelRendererAccessor from veil.perspective.mixins.json into net.minecraft.client.renderer.LevelRenderer
[10Jun2026 13:33:39.241] [modloading-worker-0/DEBUG] [mixin/]: Mixing client.debug.vanilla.DebugLevelRendererMixin from veil.neoforge.mixins.json into net.minecraft.client.renderer.LevelRenderer
[10Jun2026 13:33:39.241] [modloading-worker-0/DEBUG] [mixin/]: Mixing client.dynamicbuffer.LevelRendererMixin from veil.neoforge.mixins.json into net.minecraft.client.renderer.LevelRenderer
[10Jun2026 13:33:39.241] [modloading-worker-0/DEBUG] [mixin/]: Mixing client.perspective.vanilla.LevelRendererMixin from veil.neoforge.mixins.json into net.minecraft.client.renderer.LevelRenderer
[10Jun2026 13:33:39.285] [modloading-worker-0/DEBUG] [mixin/]: veil.dynamicbuffer.mixins.json:client.DynamicBufferLevelRendererMixin from mod veil->@Inject::setupOpaque(Lorg/spongepowered/asm/mixin/injection/callback/CallbackInfo;)V doesn't use it's CallbackInfo
[10Jun2026 13:33:39.285] [modloading-worker-0/DEBUG] [mixin/]: veil.dynamicbuffer.mixins.json:client.DynamicBufferLevelRendererMixin from mod veil->@Inject::setupOpaque(Lorg/spongepowered/asm/mixin/injection/callback/CallbackInfo;)V has 0 override(s) in child classes
[10Jun2026 13:33:39.285] [modloading-worker-0/DEBUG] [mixin/]: veil.dynamicbuffer.mixins.json:client.DynamicBufferLevelRendererMixin from mod veil->@Inject::setupOpaque(Lorg/spongepowered/asm/mixin/injection/callback/CallbackInfo;)V won't be passed a CallbackInfo as a result
[10Jun2026 13:33:39.285] [modloading-worker-0/DEBUG] [mixin/]: veil.dynamicbuffer.mixins.json:client.DynamicBufferLevelRendererMixin from mod veil->@Inject::endOpaque(Lorg/spongepowered/asm/mixin/injection/callback/CallbackInfo;)V doesn't use it's CallbackInfo
[10Jun2026 13:33:39.285] [modloading-worker-0/DEBUG] [mixin/]: veil.dynamicbuffer.mixins.json:client.DynamicBufferLevelRendererMixin from mod veil->@Inject::endOpaque(Lorg/spongepowered/asm/mixin/injection/callback/CallbackInfo;)V has 0 override(s) in child classes
[10Jun2026 13:33:39.286] [modloading-worker-0/DEBUG] [mixin/]: veil.dynamicbuffer.mixins.json:client.DynamicBufferLevelRendererMixin from mod veil->@Inject::endOpaque(Lorg/spongepowered/asm/mixin/injection/callback/CallbackInfo;)V won't be passed a CallbackInfo as a result
[10Jun2026 13:33:39.286] [modloading-worker-0/DEBUG] [mixin/]: veil.dynamicbuffer.mixins.json:client.DynamicBufferLevelRendererMixin from mod veil->@Inject::blit(Lorg/spongepowered/asm/mixin/injection/callback/CallbackInfo;)V doesn't use it's CallbackInfo
[10Jun2026 13:33:39.286] [modloading-worker-0/DEBUG] [mixin/]: veil.dynamicbuffer.mixins.json:client.DynamicBufferLevelRendererMixin from mod veil->@Inject::blit(Lorg/spongepowered/asm/mixin/injection/callback/CallbackInfo;)V has 0 override(s) in child classes
[10Jun2026 13:33:39.286] [modloading-worker-0/DEBUG] [mixin/]: veil.dynamicbuffer.mixins.json:client.DynamicBufferLevelRendererMixin from mod veil->@Inject::blit(Lorg/spongepowered/asm/mixin/injection/callback/CallbackInfo;)V won't be passed a CallbackInfo as a result
[10Jun2026 13:33:39.286] [modloading-worker-0/DEBUG] [mixin/]: veil.pipeline.mixins.json:client.PipelineLevelRendererMixin from mod veil->@Inject::saveFramebuffer(Lorg/spongepowered/asm/mixin/injection/callback/CallbackInfo;)V doesn't use it's CallbackInfo
[10Jun2026 13:33:39.286] [modloading-worker-0/DEBUG] [mixin/]: veil.pipeline.mixins.json:client.PipelineLevelRendererMixin from mod veil->@Inject::saveFramebuffer(Lorg/spongepowered/asm/mixin/injection/callback/CallbackInfo;)V has 0 override(s) in child classes
[10Jun2026 13:33:39.286] [modloading-worker-0/DEBUG] [mixin/]: veil.pipeline.mixins.json:client.PipelineLevelRendererMixin from mod veil->@Inject::saveFramebuffer(Lorg/spongepowered/asm/mixin/injection/callback/CallbackInfo;)V won't be passed a CallbackInfo as a result
[10Jun2026 13:33:39.286] [modloading-worker-0/DEBUG] [mixin/]: veil.pipeline.mixins.json:client.PipelineLevelRendererMixin from mod veil->@Inject::loadFramebuffer(Lorg/spongepowered/asm/mixin/injection/callback/CallbackInfo;)V doesn't use it's CallbackInfo
[10Jun2026 13:33:39.286] [modloading-worker-0/DEBUG] [mixin/]: veil.pipeline.mixins.json:client.PipelineLevelRendererMixin from mod veil->@Inject::loadFramebuffer(Lorg/spongepowered/asm/mixin/injection/callback/CallbackInfo;)V has 0 override(s) in child classes
[10Jun2026 13:33:39.286] [modloading-worker-0/DEBUG] [mixin/]: veil.pipeline.mixins.json:client.PipelineLevelRendererMixin from mod veil->@Inject::loadFramebuffer(Lorg/spongepowered/asm/mixin/injection/callback/CallbackInfo;)V won't be passed a CallbackInfo as a result
[10Jun2026 13:33:39.286] [modloading-worker-0/DEBUG] [mixin/]: veil.pipeline.mixins.json:client.PipelineLevelRendererMixin from mod veil->@Inject::veil$setupLevelCamera(Lnet/minecraft/world/phys/Vec3;Lorg/joml/Matrix4f;Lorg/joml/Matrix4f;Lorg/spongepowered/asm/mixin/injection/callback/CallbackInfo;)V doesn't use it's CallbackInfo
[10Jun2026 13:33:39.286] [modloading-worker-0/DEBUG] [mixin/]: veil.pipeline.mixins.json:client.PipelineLevelRendererMixin from mod veil->@Inject::veil$setupLevelCamera(Lnet/minecraft/world/phys/Vec3;Lorg/joml/Matrix4f;Lorg/joml/Matrix4f;Lorg/spongepowered/asm/mixin/injection/callback/CallbackInfo;)V has 0 override(s) in child classes
[10Jun2026 13:33:39.286] [modloading-worker-0/DEBUG] [mixin/]: veil.pipeline.mixins.json:client.PipelineLevelRendererMixin from mod veil->@Inject::veil$setupLevelCamera(Lnet/minecraft/world/phys/Vec3;Lorg/joml/Matrix4f;Lorg/joml/Matrix4f;Lorg/spongepowered/asm/mixin/injection/callback/CallbackInfo;)V won't be passed a CallbackInfo as a result
[10Jun2026 13:33:39.287] [modloading-worker-0/DEBUG] [mixin/]: veil.pipeline.mixins.json:client.PipelineLevelRendererMixin from mod veil->@Inject::blit(Lorg/spongepowered/asm/mixin/injection/callback/CallbackInfo;)V doesn't use it's CallbackInfo
[10Jun2026 13:33:39.287] [modloading-worker-0/DEBUG] [mixin/]: veil.pipeline.mixins.json:client.PipelineLevelRendererMixin from mod veil->@Inject::blit(Lorg/spongepowered/asm/mixin/injection/callback/CallbackInfo;)V has 0 override(s) in child classes
[10Jun2026 13:33:39.287] [modloading-worker-0/DEBUG] [mixin/]: veil.pipeline.mixins.json:client.PipelineLevelRendererMixin from mod veil->@Inject::blit(Lorg/spongepowered/asm/mixin/injection/callback/CallbackInfo;)V won't be passed a CallbackInfo as a result
[10Jun2026 13:33:39.287] [modloading-worker-0/DEBUG] [mixin/]: veil.pipeline.mixins.json:client.PipelineLevelRendererMixin from mod veil->@Inject::setRainBlend(Lorg/spongepowered/asm/mixin/injection/callback/CallbackInfo;)V doesn't use it's CallbackInfo
[10Jun2026 13:33:39.287] [modloading-worker-0/DEBUG] [mixin/]: veil.pipeline.mixins.json:client.PipelineLevelRendererMixin from mod veil->@Inject::setRainBlend(Lorg/spongepowered/asm/mixin/injection/callback/CallbackInfo;)V has 0 override(s) in child classes
[10Jun2026 13:33:39.287] [modloading-worker-0/DEBUG] [mixin/]: veil.pipeline.mixins.json:client.PipelineLevelRendererMixin from mod veil->@Inject::setRainBlend(Lorg/spongepowered/asm/mixin/injection/callback/CallbackInfo;)V won't be passed a CallbackInfo as a result
[10Jun2026 13:33:39.287] [modloading-worker-0/DEBUG] [mixin/]: veil.pipeline.mixins.json:client.PipelineLevelRendererMixin from mod veil->@Inject::setRainBlend(Lorg/spongepowered/asm/mixin/injection/callback/CallbackInfo;)V doesn't use it's CallbackInfo
[10Jun2026 13:33:39.287] [modloading-worker-0/DEBUG] [mixin/]: veil.pipeline.mixins.json:client.PipelineLevelRendererMixin from mod veil->@Inject::setRainBlend(Lorg/spongepowered/asm/mixin/injection/callback/CallbackInfo;)V has 0 override(s) in child classes
[10Jun2026 13:33:39.287] [modloading-worker-0/DEBUG] [mixin/]: veil.pipeline.mixins.json:client.PipelineLevelRendererMixin from mod veil->@Inject::setRainBlend(Lorg/spongepowered/asm/mixin/injection/callback/CallbackInfo;)V won't be passed a CallbackInfo as a result
[10Jun2026 13:33:39.288] [modloading-worker-0/DEBUG] [mixin/]: veil.pipeline.mixins.json:client.PipelineLevelRendererMixin from mod veil->@Inject::deinitTransparency(Lorg/spongepowered/asm/mixin/injection/callback/CallbackInfo;)V doesn't use it's CallbackInfo
[10Jun2026 13:33:39.288] [modloading-worker-0/DEBUG] [mixin/]: veil.pipeline.mixins.json:client.PipelineLevelRendererMixin from mod veil->@Inject::deinitTransparency(Lorg/spongepowered/asm/mixin/injection/callback/CallbackInfo;)V has 0 override(s) in child classes
[10Jun2026 13:33:39.288] [modloading-worker-0/DEBUG] [mixin/]: veil.pipeline.mixins.json:client.PipelineLevelRendererMixin from mod veil->@Inject::deinitTransparency(Lorg/spongepowered/asm/mixin/injection/callback/CallbackInfo;)V won't be passed a CallbackInfo as a result
[10Jun2026 13:33:39.288] [modloading-worker-0/DEBUG] [mixin/]: veil.pipeline.mixins.json:client.PipelineLevelRendererMixin from mod veil->@Inject::initTransparency(Lorg/spongepowered/asm/mixin/injection/callback/CallbackInfo;)V doesn't use it's CallbackInfo
[10Jun2026 13:33:39.288] [modloading-worker-0/DEBUG] [mixin/]: veil.pipeline.mixins.json:client.PipelineLevelRendererMixin from mod veil->@Inject::initTransparency(Lorg/spongepowered/asm/mixin/injection/callback/CallbackInfo;)V has 0 override(s) in child classes
[10Jun2026 13:33:39.288] [modloading-worker-0/DEBUG] [mixin/]: veil.pipeline.mixins.json:client.PipelineLevelRendererMixin from mod veil->@Inject::initTransparency(Lorg/spongepowered/asm/mixin/injection/callback/CallbackInfo;)V won't be passed a CallbackInfo as a result
[10Jun2026 13:33:39.288] [modloading-worker-0/DEBUG] [mixin/]: veil.pipeline.mixins.json:client.PipelineLevelRendererMixin from mod veil->@Inject::veil$onBlockChanged(Lnet/minecraft/world/level/BlockGetter;Lnet/minecraft/core/BlockPos;Lnet/minecraft/world/level/block/state/BlockState;Lnet/minecraft/world/level/block/state/BlockState;ILorg/spongepowered/asm/mixin/injection/callback/CallbackInfo;)V doesn't use it's CallbackInfo
[10Jun2026 13:33:39.288] [modloading-worker-0/DEBUG] [mixin/]: veil.pipeline.mixins.json:client.PipelineLevelRendererMixin from mod veil->@Inject::veil$onBlockChanged(Lnet/minecraft/world/level/BlockGetter;Lnet/minecraft/core/BlockPos;Lnet/minecraft/world/level/block/state/BlockState;Lnet/minecraft/world/level/block/state/BlockState;ILorg/spongepowered/asm/mixin/injection/callback/CallbackInfo;)V has 0 override(s) in child classes
[10Jun2026 13:33:39.288] [modloading-worker-0/DEBUG] [mixin/]: veil.pipeline.mixins.json:client.PipelineLevelRendererMixin from mod veil->@Inject::veil$onBlockChanged(Lnet/minecraft/world/level/BlockGetter;Lnet/minecraft/core/BlockPos;Lnet/minecraft/world/level/block/state/BlockState;Lnet/minecraft/world/level/block/state/BlockState;ILorg/spongepowered/asm/mixin/injection/callback/CallbackInfo;)V won't be passed a CallbackInfo as a result
[10Jun2026 13:33:39.288] [modloading-worker-0/DEBUG] [mixin/]: veil.pipeline.mixins.json:client.PipelineLevelRendererMixin from mod veil->@Inject::free(Lnet/minecraft/client/multiplayer/ClientLevel;Lorg/spongepowered/asm/mixin/injection/callback/CallbackInfo;)V doesn't use it's CallbackInfo
[10Jun2026 13:33:39.288] [modloading-worker-0/DEBUG] [mixin/]: veil.pipeline.mixins.json:client.PipelineLevelRendererMixin from mod veil->@Inject::free(Lnet/minecraft/client/multiplayer/ClientLevel;Lorg/spongepowered/asm/mixin/injection/callback/CallbackInfo;)V has 0 override(s) in child classes
[10Jun2026 13:33:39.288] [modloading-worker-0/DEBUG] [mixin/]: veil.pipeline.mixins.json:client.PipelineLevelRendererMixin from mod veil->@Inject::free(Lnet/minecraft/client/multiplayer/ClientLevel;Lorg/spongepowered/asm/mixin/injection/callback/CallbackInfo;)V won't be passed a CallbackInfo as a result
[10Jun2026 13:33:39.288] [modloading-worker-0/DEBUG] [mixin/]: veil.pipeline.mixins.json:client.PipelineLevelRendererMixin from mod veil->@Inject::renderExtraSectionLayers(Lnet/minecraft/client/renderer/RenderType;DDDLorg/joml/Matrix4f;Lorg/joml/Matrix4f;Lorg/spongepowered/asm/mixin/injection/callback/CallbackInfo;)V doesn't use it's CallbackInfo
[10Jun2026 13:33:39.288] [modloading-worker-0/DEBUG] [mixin/]: veil.pipeline.mixins.json:client.PipelineLevelRendererMixin from mod veil->@Inject::renderExtraSectionLayers(Lnet/minecraft/client/renderer/RenderType;DDDLorg/joml/Matrix4f;Lorg/joml/Matrix4f;Lorg/spongepowered/asm/mixin/injection/callback/CallbackInfo;)V has 0 override(s) in child classes
[10Jun2026 13:33:39.288] [modloading-worker-0/DEBUG] [mixin/]: veil.pipeline.mixins.json:client.PipelineLevelRendererMixin from mod veil->@Inject::renderExtraSectionLayers(Lnet/minecraft/client/renderer/RenderType;DDDLorg/joml/Matrix4f;Lorg/joml/Matrix4f;Lorg/spongepowered/asm/mixin/injection/callback/CallbackInfo;)V won't be passed a CallbackInfo as a result
[10Jun2026 13:33:39.289] [modloading-worker-0/DEBUG] [mixin/]: pehkui.mixins.json:client.compat115plus.WorldRendererMixin from mod pehkui->@Inject::pehkui$checkEmpty(Lcom/mojang/blaze3d/vertex/PoseStack;Lorg/spongepowered/asm/mixin/injection/callback/CallbackInfo;)V doesn't use it's CallbackInfo
[10Jun2026 13:33:39.289] [modloading-worker-0/DEBUG] [mixin/]: pehkui.mixins.json:client.compat115plus.WorldRendererMixin from mod pehkui->@Inject::pehkui$checkEmpty(Lcom/mojang/blaze3d/vertex/PoseStack;Lorg/spongepowered/asm/mixin/injection/callback/CallbackInfo;)V has 0 override(s) in child classes
[10Jun2026 13:33:39.289] [modloading-worker-0/DEBUG] [mixin/]: pehkui.mixins.json:client.compat115plus.WorldRendererMixin from mod pehkui->@Inject::pehkui$checkEmpty(Lcom/mojang/blaze3d/vertex/PoseStack;Lorg/spongepowered/asm/mixin/injection/callback/CallbackInfo;)V won't be passed a CallbackInfo as a result
[10Jun2026 13:33:39.289] [modloading-worker-0/DEBUG] [mixin/]: veil.debug.mixins.json:client.DebugLevelRendererMixin from mod veil->@Inject::nameDarkSky(Lorg/spongepowered/asm/mixin/injection/callback/CallbackInfo;)V doesn't use it's CallbackInfo
[10Jun2026 13:33:39.289] [modloading-worker-0/DEBUG] [mixin/]: veil.debug.mixins.json:client.DebugLevelRendererMixin from mod veil->@Inject::nameDarkSky(Lorg/spongepowered/asm/mixin/injection/callback/CallbackInfo;)V has 0 override(s) in child classes
[10Jun2026 13:33:39.289] [modloading-worker-0/DEBUG] [mixin/]: veil.debug.mixins.json:client.DebugLevelRendererMixin from mod veil->@Inject::nameDarkSky(Lorg/spongepowered/asm/mixin/injection/callback/CallbackInfo;)V won't be passed a CallbackInfo as a result
[10Jun2026 13:33:39.289] [modloading-worker-0/DEBUG] [mixin/]: veil.debug.mixins.json:client.DebugLevelRendererMixin from mod veil->@Inject::nameLightSky(Lorg/spongepowered/asm/mixin/injection/callback/CallbackInfo;)V doesn't use it's CallbackInfo
[10Jun2026 13:33:39.289] [modloading-worker-0/DEBUG] [mixin/]: veil.debug.mixins.json:client.DebugLevelRendererMixin from mod veil->@Inject::nameLightSky(Lorg/spongepowered/asm/mixin/injection/callback/CallbackInfo;)V has 0 override(s) in child classes
[10Jun2026 13:33:39.289] [modloading-worker-0/DEBUG] [mixin/]: veil.debug.mixins.json:client.DebugLevelRendererMixin from mod veil->@Inject::nameLightSky(Lorg/spongepowered/asm/mixin/injection/callback/CallbackInfo;)V won't be passed a CallbackInfo as a result
[10Jun2026 13:33:39.289] [modloading-worker-0/DEBUG] [mixin/]: veil.debug.mixins.json:client.DebugLevelRendererMixin from mod veil->@Inject::nameStars(Lorg/spongepowered/asm/mixin/injection/callback/CallbackInfo;)V doesn't use it's CallbackInfo
[10Jun2026 13:33:39.289] [modloading-worker-0/DEBUG] [mixin/]: veil.debug.mixins.json:client.DebugLevelRendererMixin from mod veil->@Inject::nameStars(Lorg/spongepowered/asm/mixin/injection/callback/CallbackInfo;)V has 0 override(s) in child classes
[10Jun2026 13:33:39.289] [modloading-worker-0/DEBUG] [mixin/]: veil.debug.mixins.json:client.DebugLevelRendererMixin from mod veil->@Inject::nameStars(Lorg/spongepowered/asm/mixin/injection/callback/CallbackInfo;)V won't be passed a CallbackInfo as a result
[10Jun2026 13:33:39.289] [modloading-worker-0/DEBUG] [mixin/]: veil.necromancer.mixins.json:client.NecromancerLevelRendererMixin from mod veil->@Inject::veil$levelRenderTick(Lorg/spongepowered/asm/mixin/injection/callback/CallbackInfo;)V doesn't use it's CallbackInfo
[10Jun2026 13:33:39.289] [modloading-worker-0/DEBUG] [mixin/]: veil.necromancer.mixins.json:client.NecromancerLevelRendererMixin from mod veil->@Inject::veil$levelRenderTick(Lorg/spongepowered/asm/mixin/injection/callback/CallbackInfo;)V has 0 override(s) in child classes
[10Jun2026 13:33:39.289] [modloading-worker-0/DEBUG] [mixin/]: veil.necromancer.mixins.json:client.NecromancerLevelRendererMixin from mod veil->@Inject::veil$levelRenderTick(Lorg/spongepowered/asm/mixin/injection/callback/CallbackInfo;)V won't be passed a CallbackInfo as a result
[10Jun2026 13:33:39.289] [modloading-worker-0/DEBUG] [mixin/]: veil.neoforge.mixins.json:client.dynamicbuffer.LevelRendererMixin from mod veil->@Inject::beginTranslucent(Lorg/spongepowered/asm/mixin/injection/callback/CallbackInfo;)V doesn't use it's CallbackInfo
[10Jun2026 13:33:39.289] [modloading-worker-0/DEBUG] [mixin/]: veil.neoforge.mixins.json:client.dynamicbuffer.LevelRendererMixin from mod veil->@Inject::beginTranslucent(Lorg/spongepowered/asm/mixin/injection/callback/CallbackInfo;)V has 0 override(s) in child classes
[10Jun2026 13:33:39.289] [modloading-worker-0/DEBUG] [mixin/]: veil.neoforge.mixins.json:client.dynamicbuffer.LevelRendererMixin from mod veil->@Inject::beginTranslucent(Lorg/spongepowered/asm/mixin/injection/callback/CallbackInfo;)V won't be passed a CallbackInfo as a result
[10Jun2026 13:33:39.290] [modloading-worker-0/DEBUG] [mixin/]: veil.neoforge.mixins.json:client.dynamicbuffer.LevelRendererMixin from mod veil->@Inject::preRenderParticles(Lorg/spongepowered/asm/mixin/injection/callback/CallbackInfo;)V doesn't use it's CallbackInfo
[10Jun2026 13:33:39.290] [modloading-worker-0/DEBUG] [mixin/]: veil.neoforge.mixins.json:client.dynamicbuffer.LevelRendererMixin from mod veil->@Inject::preRenderParticles(Lorg/spongepowered/asm/mixin/injection/callback/CallbackInfo;)V has 0 override(s) in child classes
[10Jun2026 13:33:39.290] [modloading-worker-0/DEBUG] [mixin/]: veil.neoforge.mixins.json:client.dynamicbuffer.LevelRendererMixin from mod veil->@Inject::preRenderParticles(Lorg/spongepowered/asm/mixin/injection/callback/CallbackInfo;)V won't be passed a CallbackInfo as a result
[10Jun2026 13:33:39.290] [modloading-worker-0/DEBUG] [mixin/]: veil.neoforge.mixins.json:client.dynamicbuffer.LevelRendererMixin from mod veil->@Inject::preRenderParticles(Lorg/spongepowered/asm/mixin/injection/callback/CallbackInfo;)V doesn't use it's CallbackInfo
[10Jun2026 13:33:39.290] [modloading-worker-0/DEBUG] [mixin/]: veil.neoforge.mixins.json:client.dynamicbuffer.LevelRendererMixin from mod veil->@Inject::preRenderParticles(Lorg/spongepowered/asm/mixin/injection/callback/CallbackInfo;)V has 0 override(s) in child classes
[10Jun2026 13:33:39.290] [modloading-worker-0/DEBUG] [mixin/]: veil.neoforge.mixins.json:client.dynamicbuffer.LevelRendererMixin from mod veil->@Inject::preRenderParticles(Lorg/spongepowered/asm/mixin/injection/callback/CallbackInfo;)V won't be passed a CallbackInfo as a result
[10Jun2026 13:33:39.290] [modloading-worker-0/DEBUG] [mixin/]: veil.neoforge.mixins.json:client.dynamicbuffer.LevelRendererMixin from mod veil->@Inject::preRenderParticles(Lorg/spongepowered/asm/mixin/injection/callback/CallbackInfo;)V doesn't use it's CallbackInfo
[10Jun2026 13:33:39.290] [modloading-worker-0/DEBUG] [mixin/]: veil.neoforge.mixins.json:client.dynamicbuffer.LevelRendererMixin from mod veil->@Inject::preRenderParticles(Lorg/spongepowered/asm/mixin/injection/callback/CallbackInfo;)V has 0 override(s) in child classes
[10Jun2026 13:33:39.290] [modloading-worker-0/DEBUG] [mixin/]: veil.neoforge.mixins.json:client.dynamicbuffer.LevelRendererMixin from mod veil->@Inject::preRenderParticles(Lorg/spongepowered/asm/mixin/injection/callback/CallbackInfo;)V won't be passed a CallbackInfo as a result
[10Jun2026 13:33:39.290] [modloading-worker-0/DEBUG] [mixin/]: veil.neoforge.mixins.json:client.dynamicbuffer.LevelRendererMixin from mod veil->@Inject::postRenderParticles(Lorg/spongepowered/asm/mixin/injection/callback/CallbackInfo;)V doesn't use it's CallbackInfo
[10Jun2026 13:33:39.290] [modloading-worker-0/DEBUG] [mixin/]: veil.neoforge.mixins.json:client.dynamicbuffer.LevelRendererMixin from mod veil->@Inject::postRenderParticles(Lorg/spongepowered/asm/mixin/injection/callback/CallbackInfo;)V has 0 override(s) in child classes
[10Jun2026 13:33:39.290] [modloading-worker-0/DEBUG] [mixin/]: veil.neoforge.mixins.json:client.dynamicbuffer.LevelRendererMixin from mod veil->@Inject::postRenderParticles(Lorg/spongepowered/asm/mixin/injection/callback/CallbackInfo;)V won't be passed a CallbackInfo as a result
[10Jun2026 13:33:39.290] [modloading-worker-0/DEBUG] [mixin/]: veil.neoforge.mixins.json:client.dynamicbuffer.LevelRendererMixin from mod veil->@Inject::postRenderParticles(Lorg/spongepowered/asm/mixin/injection/callback/CallbackInfo;)V doesn't use it's CallbackInfo
[10Jun2026 13:33:39.290] [modloading-worker-0/DEBUG] [mixin/]: veil.neoforge.mixins.json:client.dynamicbuffer.LevelRendererMixin from mod veil->@Inject::postRenderParticles(Lorg/spongepowered/asm/mixin/injection/callback/CallbackInfo;)V has 0 override(s) in child classes
[10Jun2026 13:33:39.290] [modloading-worker-0/DEBUG] [mixin/]: veil.neoforge.mixins.json:client.dynamicbuffer.LevelRendererMixin from mod veil->@Inject::postRenderParticles(Lorg/spongepowered/asm/mixin/injection/callback/CallbackInfo;)V won't be passed a CallbackInfo as a result
[10Jun2026 13:33:39.290] [modloading-worker-0/DEBUG] [mixin/]: veil.neoforge.mixins.json:client.dynamicbuffer.LevelRendererMixin from mod veil->@Inject::postRenderParticles(Lorg/spongepowered/asm/mixin/injection/callback/CallbackInfo;)V doesn't use it's CallbackInfo
[10Jun2026 13:33:39.290] [modloading-worker-0/DEBUG] [mixin/]: veil.neoforge.mixins.json:client.dynamicbuffer.LevelRendererMixin from mod veil->@Inject::postRenderParticles(Lorg/spongepowered/asm/mixin/injection/callback/CallbackInfo;)V has 0 override(s) in child classes
[10Jun2026 13:33:39.290] [modloading-worker-0/DEBUG] [mixin/]: veil.neoforge.mixins.json:client.dynamicbuffer.LevelRendererMixin from mod veil->@Inject::postRenderParticles(Lorg/spongepowered/asm/mixin/injection/callback/CallbackInfo;)V won't be passed a CallbackInfo as a result
[10Jun2026 13:33:39.290] [modloading-worker-0/DEBUG] [mixin/]: veil.neoforge.mixins.json:client.perspective.vanilla.LevelRendererMixin from mod veil->@Inject::setupRender(Lnet/minecraft/client/Camera;Lnet/minecraft/client/renderer/culling/Frustum;ZZLorg/spongepowered/asm/mixin/injection/callback/CallbackInfo;)V does use it's CallbackInfo
[10Jun2026 13:33:39.291] [modloading-worker-0/DEBUG] [mixin/]: veil.neoforge.mixins.json:client.perspective.vanilla.LevelRendererMixin from mod veil->@Inject::resetSections(Lnet/minecraft/client/DeltaTracker;ZLnet/minecraft/client/Camera;Lnet/minecraft/client/renderer/GameRenderer;Lnet/minecraft/client/renderer/LightTexture;Lorg/joml/Matrix4f;Lorg/joml/Matrix4f;Lorg/spongepowered/asm/mixin/injection/callback/CallbackInfo;)V doesn't use it's CallbackInfo
[10Jun2026 13:33:39.291] [modloading-worker-0/DEBUG] [mixin/]: veil.neoforge.mixins.json:client.perspective.vanilla.LevelRendererMixin from mod veil->@Inject::resetSections(Lnet/minecraft/client/DeltaTracker;ZLnet/minecraft/client/Camera;Lnet/minecraft/client/renderer/GameRenderer;Lnet/minecraft/client/renderer/LightTexture;Lorg/joml/Matrix4f;Lorg/joml/Matrix4f;Lorg/spongepowered/asm/mixin/injection/callback/CallbackInfo;)V has 0 override(s) in child classes
[10Jun2026 13:33:39.291] [modloading-worker-0/DEBUG] [mixin/]: veil.neoforge.mixins.json:client.perspective.vanilla.LevelRendererMixin from mod veil->@Inject::resetSections(Lnet/minecraft/client/DeltaTracker;ZLnet/minecraft/client/Camera;Lnet/minecraft/client/renderer/GameRenderer;Lnet/minecraft/client/renderer/LightTexture;Lorg/joml/Matrix4f;Lorg/joml/Matrix4f;Lorg/spongepowered/asm/mixin/injection/callback/CallbackInfo;)V won't be passed a CallbackInfo as a result
[10Jun2026 13:33:39.313] [modloading-worker-0/DEBUG] [mixin/]: Mixing accessor.PipelineBufferSourceAccessor from veil.pipeline.mixins.json into net.minecraft.client.renderer.MultiBufferSource$BufferSource
[10Jun2026 13:33:39.314] [modloading-worker-0/DEBUG] [net.neoforged.fml.javafmlmod.AutomaticEventSubscriber/LOADING]: Attempting to inject @EventBusSubscriber classes into the eventbus for neoforge
[10Jun2026 13:33:39.314] [modloading-worker-0/DEBUG] [mixin/]: Mixing accessor.RenderTypeBufferSourceAccessor from veil.rendertype.mixins.json into net.minecraft.client.renderer.MultiBufferSource$BufferSource
[10Jun2026 13:33:39.314] [modloading-worker-0/DEBUG] [net.neoforged.fml.javafmlmod.AutomaticEventSubscriber/LOADING]: Scanning class net.neoforged.neoforge.server.command.ConfigCommand for @SubscribeEvent-annotated methods
[10Jun2026 13:33:39.315] [modloading-worker-0/DEBUG] [net.neoforged.fml.javafmlmod.AutomaticEventSubscriber/]: Subscribing @EventBusSubscriber class Lnet/neoforged/neoforge/server/command/ConfigCommand; to the game event bus
[10Jun2026 13:33:39.316] [modloading-worker-0/DEBUG] [mixin/]: Mixing client.compat121plus.CameraMixin from pehkui.mixins.json into net.minecraft.client.Camera
[10Jun2026 13:33:39.316] [modloading-worker-0/DEBUG] [net.neoforged.fml.javafmlmod.AutomaticEventSubscriber/LOADING]: Scanning class net.neoforged.neoforge.network.filters.GenericPacketSplitter for @SubscribeEvent-annotated methods
[10Jun2026 13:33:39.316] [modloading-worker-0/DEBUG] [mixin/]: pehkui.mixins.json:client.compat121plus.CameraMixin from mod pehkui: Class version 65 required is higher than the class version supported by the current version of Mixin (JAVA_17 supports class version 61)
[10Jun2026 13:33:39.320] [modloading-worker-0/DEBUG] [mixin/]: Mixing client.FrustumMixin from veil.perspective.mixins.json into net.minecraft.client.renderer.culling.Frustum
[10Jun2026 13:33:39.324] [modloading-worker-0/DEBUG] [mixin/]: Mixing client.PipelineFrustumMixin from veil.pipeline.mixins.json into net.minecraft.client.renderer.culling.Frustum
[10Jun2026 13:33:39.345] [modloading-worker-0/DEBUG] [mixin/]: Mixing accessor.RegistryDataAccessor from veil.registry.mixins.json into net.minecraft.resources.RegistryDataLoader$RegistryData
[10Jun2026 13:33:39.360] [modloading-worker-0/DEBUG] [io.netty.buffer.AbstractByteBuf/]: -Dio.netty.buffer.checkAccessible: true
[10Jun2026 13:33:39.360] [modloading-worker-0/DEBUG] [io.netty.buffer.AbstractByteBuf/]: -Dio.netty.buffer.checkBounds: true
[10Jun2026 13:33:39.361] [modloading-worker-0/DEBUG] [io.netty.util.ResourceLeakDetectorFactory/]: Loaded default ResourceLeakDetector: io.netty.util.ResourceLeakDetector@7d9f98f1
[10Jun2026 13:33:39.368] [modloading-worker-0/DEBUG] [io.netty.util.internal.InternalThreadLocalMap/]: -Dio.netty.threadLocalMap.stringBuilder.initialSize: 1024
[10Jun2026 13:33:39.368] [modloading-worker-0/DEBUG] [io.netty.util.internal.InternalThreadLocalMap/]: -Dio.netty.threadLocalMap.stringBuilder.maxSize: 4096
[10Jun2026 13:33:39.371] [modloading-worker-0/DEBUG] [io.netty.buffer.PooledByteBufAllocator/]: -Dio.netty.allocator.numHeapArenas: 24
[10Jun2026 13:33:39.371] [modloading-worker-0/DEBUG] [io.netty.buffer.PooledByteBufAllocator/]: -Dio.netty.allocator.numDirectArenas: 24
[10Jun2026 13:33:39.371] [modloading-worker-0/DEBUG] [io.netty.buffer.PooledByteBufAllocator/]: -Dio.netty.allocator.pageSize: 8192
[10Jun2026 13:33:39.371] [modloading-worker-0/DEBUG] [io.netty.buffer.PooledByteBufAllocator/]: -Dio.netty.allocator.maxOrder: 9
[10Jun2026 13:33:39.371] [modloading-worker-0/DEBUG] [io.netty.buffer.PooledByteBufAllocator/]: -Dio.netty.allocator.chunkSize: 4194304
[10Jun2026 13:33:39.371] [modloading-worker-0/DEBUG] [io.netty.buffer.PooledByteBufAllocator/]: -Dio.netty.allocator.smallCacheSize: 256
[10Jun2026 13:33:39.372] [modloading-worker-0/DEBUG] [io.netty.buffer.PooledByteBufAllocator/]: -Dio.netty.allocator.normalCacheSize: 64
[10Jun2026 13:33:39.372] [modloading-worker-0/DEBUG] [io.netty.buffer.PooledByteBufAllocator/]: -Dio.netty.allocator.maxCachedBufferCapacity: 32768
[10Jun2026 13:33:39.372] [modloading-worker-0/DEBUG] [io.netty.buffer.PooledByteBufAllocator/]: -Dio.netty.allocator.cacheTrimInterval: 8192
[10Jun2026 13:33:39.372] [modloading-worker-0/DEBUG] [io.netty.buffer.PooledByteBufAllocator/]: -Dio.netty.allocator.cacheTrimIntervalMillis: 0
[10Jun2026 13:33:39.372] [modloading-worker-0/DEBUG] [io.netty.buffer.PooledByteBufAllocator/]: -Dio.netty.allocator.useCacheForAllThreads: false
[10Jun2026 13:33:39.372] [modloading-worker-0/DEBUG] [io.netty.buffer.PooledByteBufAllocator/]: -Dio.netty.allocator.maxCachedByteBuffersPerChunk: 1023
[10Jun2026 13:33:39.381] [modloading-worker-0/DEBUG] [io.netty.buffer.ByteBufUtil/]: -Dio.netty.allocator.type: pooled
[10Jun2026 13:33:39.382] [modloading-worker-0/DEBUG] [io.netty.buffer.ByteBufUtil/]: -Dio.netty.threadLocalDirectBufferSize: 0
[10Jun2026 13:33:39.382] [modloading-worker-0/DEBUG] [io.netty.buffer.ByteBufUtil/]: -Dio.netty.maxThreadLocalCharBufferSize: 16384
[10Jun2026 13:33:39.388] [modloading-worker-0/DEBUG] [net.neoforged.fml.javafmlmod.AutomaticEventSubscriber/]: Subscribing @EventBusSubscriber class Lnet/neoforged/neoforge/network/filters/GenericPacketSplitter; to the mod event bus of mod neoforge
[10Jun2026 13:33:39.390] [modloading-worker-0/DEBUG] [net.neoforged.fml.javafmlmod.AutomaticEventSubscriber/LOADING]: Scanning class net.neoforged.neoforge.network.NetworkInitialization for @SubscribeEvent-annotated methods
[10Jun2026 13:33:39.391] [modloading-worker-0/DEBUG] [net.neoforged.fml.javafmlmod.AutomaticEventSubscriber/]: Subscribing @EventBusSubscriber class Lnet/neoforged/neoforge/network/NetworkInitialization; to the mod event bus of mod neoforge
[10Jun2026 13:33:39.391] [modloading-worker-0/DEBUG] [net.neoforged.fml.javafmlmod.AutomaticEventSubscriber/LOADING]: Scanning class net.neoforged.neoforge.network.ConfigurationInitialization for @SubscribeEvent-annotated methods
[10Jun2026 13:33:39.394] [modloading-worker-0/DEBUG] [net.neoforged.fml.javafmlmod.AutomaticEventSubscriber/]: Subscribing @EventBusSubscriber class Lnet/neoforged/neoforge/network/ConfigurationInitialization; to the mod event bus of mod neoforge
[10Jun2026 13:33:39.395] [modloading-worker-0/DEBUG] [net.neoforged.fml.javafmlmod.AutomaticEventSubscriber/LOADING]: Scanning class net.neoforged.neoforge.common.MonsterRoomHooks for @SubscribeEvent-annotated methods
[10Jun2026 13:33:39.396] [modloading-worker-0/DEBUG] [net.neoforged.fml.javafmlmod.AutomaticEventSubscriber/]: Subscribing @EventBusSubscriber class Lnet/neoforged/neoforge/common/MonsterRoomHooks; to the game event bus
[10Jun2026 13:33:39.396] [modloading-worker-0/DEBUG] [net.neoforged.fml.javafmlmod.AutomaticEventSubscriber/LOADING]: Scanning class net.neoforged.neoforge.common.DeferredSpawnEggItem$CommonHandler for @SubscribeEvent-annotated methods
[10Jun2026 13:33:39.397] [modloading-worker-0/DEBUG] [net.neoforged.fml.javafmlmod.AutomaticEventSubscriber/]: Subscribing @EventBusSubscriber class Lnet/neoforged/neoforge/common/DeferredSpawnEggItem$CommonHandler; to the mod event bus of mod neoforge
[10Jun2026 13:33:39.398] [modloading-worker-0/DEBUG] [net.neoforged.fml.javafmlmod.AutomaticEventSubscriber/LOADING]: Scanning class net.neoforged.neoforge.common.DeferredSpawnEggItem$ColorRegisterHandler for @SubscribeEvent-annotated methods
[10Jun2026 13:33:39.399] [modloading-worker-0/DEBUG] [net.neoforged.fml.javafmlmod.AutomaticEventSubscriber/]: Subscribing @EventBusSubscriber class Lnet/neoforged/neoforge/common/DeferredSpawnEggItem$ColorRegisterHandler; to the mod event bus of mod neoforge
[10Jun2026 13:33:39.399] [modloading-worker-0/DEBUG] [net.neoforged.fml.javafmlmod.AutomaticEventSubscriber/LOADING]: Scanning class net.neoforged.neoforge.client.model.data.ModelDataManager for @SubscribeEvent-annotated methods
[10Jun2026 13:33:39.401] [modloading-worker-0/DEBUG] [net.neoforged.fml.javafmlmod.AutomaticEventSubscriber/]: Subscribing @EventBusSubscriber class Lnet/neoforged/neoforge/client/model/data/ModelDataManager; to the game event bus
[10Jun2026 13:33:39.401] [modloading-worker-0/DEBUG] [net.neoforged.fml.javafmlmod.AutomaticEventSubscriber/LOADING]: Scanning class net.neoforged.neoforge.client.ParticleBoundsDebugRenderer for @SubscribeEvent-annotated methods
[10Jun2026 13:33:39.403] [modloading-worker-0/DEBUG] [mixin/]: Mixing client.PipelinePoseStackMixin from veil.pipeline.mixins.json into com.mojang.blaze3d.vertex.PoseStack
[10Jun2026 13:33:39.410] [modloading-worker-0/DEBUG] [net.neoforged.fml.javafmlmod.AutomaticEventSubscriber/]: Subscribing @EventBusSubscriber class Lnet/neoforged/neoforge/client/ParticleBoundsDebugRenderer; to the game event bus
[10Jun2026 13:33:39.410] [modloading-worker-0/DEBUG] [net.neoforged.fml.javafmlmod.AutomaticEventSubscriber/LOADING]: Scanning class net.neoforged.neoforge.client.ClientHooks$ClientEvents for @SubscribeEvent-annotated methods
[10Jun2026 13:33:39.411] [modloading-worker-0/DEBUG] [net.neoforged.fml.javafmlmod.AutomaticEventSubscriber/]: Subscribing @EventBusSubscriber class Lnet/neoforged/neoforge/client/ClientHooks$ClientEvents; to the mod event bus of mod neoforge
[10Jun2026 13:33:39.411] [modloading-worker-0/DEBUG] [net.neoforged.fml.javafmlmod.AutomaticEventSubscriber/LOADING]: Scanning class net.neoforged.neoforge.client.BlockEntityRenderBoundsDebugRenderer for @SubscribeEvent-annotated methods
[10Jun2026 13:33:39.412] [modloading-worker-0/DEBUG] [net.neoforged.fml.javafmlmod.AutomaticEventSubscriber/]: Subscribing @EventBusSubscriber class Lnet/neoforged/neoforge/client/BlockEntityRenderBoundsDebugRenderer; to the game event bus
[10Jun2026 13:33:39.412] [modloading-worker-0/DEBUG] [net.neoforged.fml.javafmlmod.AutomaticEventSubscriber/LOADING]: Scanning class net.neoforged.neoforge.attachment.AttachmentSync for @SubscribeEvent-annotated methods
[10Jun2026 13:33:39.415] [modloading-worker-0/DEBUG] [net.neoforged.fml.javafmlmod.AutomaticEventSubscriber/]: Subscribing @EventBusSubscriber class Lnet/neoforged/neoforge/attachment/AttachmentSync; to the game event bus
[10Jun2026 13:33:39.415] [modloading-worker-0/DEBUG] [net.neoforged.fml.javafmlmod.AutomaticEventSubscriber/LOADING]: Scanning class net.neoforged.neoforge.attachment.AttachmentInternals for @SubscribeEvent-annotated methods
[10Jun2026 13:33:39.416] [modloading-worker-0/DEBUG] [net.neoforged.fml.javafmlmod.AutomaticEventSubscriber/]: Subscribing @EventBusSubscriber class Lnet/neoforged/neoforge/attachment/AttachmentInternals; to the game event bus
[10Jun2026 13:33:39.424] [modloading-worker-0/DEBUG] [net.neoforged.fml.config.ConfigTracker/CONFIG]: Config file repophys-client.toml for repophys tracking
[10Jun2026 13:33:39.424] [modloading-worker-0/DEBUG] [net.neoforged.fml.javafmlmod.AutomaticEventSubscriber/LOADING]: Attempting to inject @EventBusSubscriber classes into the eventbus for repophys
[10Jun2026 13:33:39.425] [modloading-worker-0/DEBUG] [net.neoforged.fml.javafmlmod.AutomaticEventSubscriber/LOADING]: Scanning class net.noodle.repophys.client.ClientInputHandler for @SubscribeEvent-annotated methods
[10Jun2026 13:33:39.427] [modloading-worker-0/DEBUG] [net.neoforged.fml.javafmlmod.AutomaticEventSubscriber/]: Subscribing @EventBusSubscriber class Lnet/noodle/repophys/client/ClientInputHandler; to the game event bus
[10Jun2026 13:33:39.428] [modloading-worker-0/DEBUG] [net.neoforged.fml.javafmlmod.AutomaticEventSubscriber/LOADING]: Scanning class net.noodle.repophys.client.PlayerAnimations for @SubscribeEvent-annotated methods
[10Jun2026 13:33:39.429] [modloading-worker-0/DEBUG] [net.neoforged.fml.javafmlmod.AutomaticEventSubscriber/]: Subscribing @EventBusSubscriber class Lnet/noodle/repophys/client/PlayerAnimations; to the game event bus
[10Jun2026 13:33:39.430] [modloading-worker-0/DEBUG] [net.neoforged.fml.javafmlmod.AutomaticEventSubscriber/LOADING]: Scanning class net.noodle.repophys.client.VanillaFeatureDisabler for @SubscribeEvent-annotated methods
[10Jun2026 13:33:39.431] [modloading-worker-0/DEBUG] [net.neoforged.fml.javafmlmod.AutomaticEventSubscriber/]: Subscribing @EventBusSubscriber class Lnet/noodle/repophys/client/VanillaFeatureDisabler; to the game event bus
[10Jun2026 13:33:39.433] [modloading-worker-0/DEBUG] [net.neoforged.fml.javafmlmod.AutomaticEventSubscriber/LOADING]: Scanning class net.noodle.repophys.movement.PlayerRollHandler for @SubscribeEvent-annotated methods
[10Jun2026 13:33:39.435] [modloading-worker-0/DEBUG] [net.neoforged.fml.javafmlmod.AutomaticEventSubscriber/]: Subscribing @EventBusSubscriber class Lnet/noodle/repophys/movement/PlayerRollHandler; to the game event bus
[10Jun2026 13:33:39.436] [modloading-worker-0/DEBUG] [net.neoforged.fml.javafmlmod.AutomaticEventSubscriber/LOADING]: Scanning class net.noodle.repophys.movement.PlayerSquishHandler for @SubscribeEvent-annotated methods
[10Jun2026 13:33:39.437] [modloading-worker-0/DEBUG] [net.neoforged.fml.javafmlmod.AutomaticEventSubscriber/]: Subscribing @EventBusSubscriber class Lnet/noodle/repophys/movement/PlayerSquishHandler; to the game event bus
[10Jun2026 13:33:39.526] [modloading-worker-0/DEBUG] [net.neoforged.fml.javafmlmod.AutomaticEventSubscriber/LOADING]: Attempting to inject @EventBusSubscriber classes into the eventbus for veil
[10Jun2026 13:33:39.527] [modloading-worker-0/DEBUG] [net.neoforged.fml.javafmlmod.AutomaticEventSubscriber/LOADING]: Scanning class foundry.veil.forge.impl.ForgeRenderTypeStageHandler for @SubscribeEvent-annotated methods
[10Jun2026 13:33:39.527] [modloading-worker-0/DEBUG] [net.neoforged.fml.javafmlmod.AutomaticEventSubscriber/]: Subscribing @EventBusSubscriber class Lfoundry/veil/forge/impl/ForgeRenderTypeStageHandler; to the game event bus
[10Jun2026 13:33:39.527] [modloading-worker-0/DEBUG] [net.neoforged.fml.javafmlmod.AutomaticEventSubscriber/LOADING]: Scanning class foundry.veil.forge.VeilForgeEvents for @SubscribeEvent-annotated methods
[10Jun2026 13:33:39.527] [modloading-worker-0/DEBUG] [net.neoforged.fml.javafmlmod.AutomaticEventSubscriber/]: Subscribing @EventBusSubscriber class Lfoundry/veil/forge/VeilForgeEvents; to the game event bus
[10Jun2026 13:33:39.528] [modloading-worker-0/DEBUG] [net.neoforged.fml.javafmlmod.AutomaticEventSubscriber/LOADING]: Scanning class foundry.veil.forge.VeilForgeClientEvents for @SubscribeEvent-annotated methods
[10Jun2026 13:33:39.529] [modloading-worker-0/DEBUG] [net.neoforged.fml.javafmlmod.AutomaticEventSubscriber/]: Subscribing @EventBusSubscriber class Lfoundry/veil/forge/VeilForgeClientEvents; to the game event bus
[10Jun2026 13:33:39.630] [modloading-sync-worker/DEBUG] [mixin/]: Mixing compat116plus.TargetPredicateMixin from pehkui.mixins.json into net.minecraft.world.entity.ai.targeting.TargetingConditions
[10Jun2026 13:33:39.631] [modloading-sync-worker/DEBUG] [mixin/]: pehkui.mixins.json:compat116plus.TargetPredicateMixin from mod pehkui: Class version 65 required is higher than the class version supported by the current version of Mixin (JAVA_17 supports class version 61)
[10Jun2026 13:33:39.692] [modloading-sync-worker/DEBUG] [net.neoforged.fml.config.ConfigTracker/CONFIG]: Loading configs type CLIENT
[10Jun2026 13:33:39.700] [modloading-sync-worker/DEBUG] [pehkui/]: Loaded Pehkui config file pehkui-client.toml
[10Jun2026 13:33:39.701] [modloading-sync-worker/DEBUG] [net.neoforged.fml.config.ConfigTracker/CONFIG]: Loaded TOML config file G:\Reece\REPOPHYSICS\REPOPHYSICS\run\config\pehkui-client.toml
[10Jun2026 13:33:39.707] [modloading-sync-worker/DEBUG] [net.neoforged.fml.config.ConfigTracker/CONFIG]: Watching TOML config file G:\Reece\REPOPHYSICS\REPOPHYSICS\run\config\pehkui-client.toml for changes
[10Jun2026 13:33:39.708] [modloading-sync-worker/DEBUG] [net.neoforged.neoforge.common.NeoForgeConfig/FORGEMOD]: Loaded NeoForge config file neoforge-client.toml
[10Jun2026 13:33:39.708] [modloading-sync-worker/DEBUG] [net.neoforged.fml.config.ConfigTracker/CONFIG]: Loaded TOML config file G:\Reece\REPOPHYSICS\REPOPHYSICS\run\config\neoforge-client.toml
[10Jun2026 13:33:39.709] [modloading-sync-worker/DEBUG] [net.neoforged.fml.config.ConfigTracker/CONFIG]: Watching TOML config file G:\Reece\REPOPHYSICS\REPOPHYSICS\run\config\neoforge-client.toml for changes
[10Jun2026 13:33:39.710] [modloading-sync-worker/DEBUG] [net.neoforged.fml.config.ConfigTracker/CONFIG]: Loaded TOML config file G:\Reece\REPOPHYSICS\REPOPHYSICS\run\config\repophys-client.toml
[10Jun2026 13:33:39.711] [modloading-sync-worker/DEBUG] [net.neoforged.fml.config.ConfigTracker/CONFIG]: Watching TOML config file G:\Reece\REPOPHYSICS\REPOPHYSICS\run\config\repophys-client.toml for changes
[10Jun2026 13:33:39.711] [modloading-sync-worker/DEBUG] [net.neoforged.fml.config.ConfigTracker/CONFIG]: Loading configs type COMMON
[10Jun2026 13:33:39.712] [modloading-sync-worker/DEBUG] [pehkui/]: Loaded Pehkui config file pehkui-common.toml
[10Jun2026 13:33:39.712] [modloading-sync-worker/DEBUG] [net.neoforged.fml.config.ConfigTracker/CONFIG]: Loaded TOML config file G:\Reece\REPOPHYSICS\REPOPHYSICS\run\config\pehkui-common.toml
[10Jun2026 13:33:39.712] [modloading-sync-worker/DEBUG] [net.neoforged.fml.config.ConfigTracker/CONFIG]: Watching TOML config file G:\Reece\REPOPHYSICS\REPOPHYSICS\run\config\pehkui-common.toml for changes
[10Jun2026 13:33:39.713] [modloading-sync-worker/DEBUG] [net.neoforged.neoforge.common.NeoForgeConfig/FORGEMOD]: Loaded NeoForge config file neoforge-common.toml
[10Jun2026 13:33:39.713] [modloading-sync-worker/DEBUG] [net.neoforged.fml.config.ConfigTracker/CONFIG]: Loaded TOML config file G:\Reece\REPOPHYSICS\REPOPHYSICS\run\config\neoforge-common.toml
[10Jun2026 13:33:39.714] [modloading-sync-worker/DEBUG] [net.neoforged.fml.config.ConfigTracker/CONFIG]: Watching TOML config file G:\Reece\REPOPHYSICS\REPOPHYSICS\run\config\neoforge-common.toml for changes
[10Jun2026 13:33:39.769] [Render thread/DEBUG] [mixin/]: Mixing client.DebugTextureManagerMixin from veil.debug.mixins.json into net.minecraft.client.renderer.texture.TextureManager
[10Jun2026 13:33:39.770] [Render thread/DEBUG] [mixin/]: Renaming synthetic method lambda$applyLabel$0(Lnet/minecraft/client/renderer/texture/AbstractTexture;Lfoundry/veil/api/client/render/ext/VeilDebug;Lnet/minecraft/resources/ResourceLocation;)V to md0b472e$veil$lambda$applyLabel$0$0 in veil.debug.mixins.json:client.DebugTextureManagerMixin from mod veil
[10Jun2026 13:33:39.770] [Render thread/DEBUG] [mixin/]: Mixing client.PipelineTextureManagerMixin from veil.pipeline.mixins.json into net.minecraft.client.renderer.texture.TextureManager
[10Jun2026 13:33:39.770] [Render thread/DEBUG] [mixin/]: Renaming synthetic method lambda$veil$registerPreloadedTexture$2(Ljava/lang/Runnable;)V to md0b472e$veil$lambda$veil$registerPreloadedTexture$2$1 in veil.pipeline.mixins.json:client.PipelineTextureManagerMixin from mod veil
[10Jun2026 13:33:39.770] [Render thread/DEBUG] [mixin/]: Renaming synthetic method lambda$veil$registerPreloadedTexture$1(Ljava/lang/Runnable;)V to md0b472e$veil$lambda$veil$registerPreloadedTexture$1$2 in veil.pipeline.mixins.json:client.PipelineTextureManagerMixin from mod veil
[10Jun2026 13:33:39.771] [Render thread/DEBUG] [mixin/]: Renaming synthetic method lambda$veil$registerPreloadedTexture$0(Lnet/minecraft/resources/ResourceLocation;Lnet/minecraft/client/renderer/texture/AbstractTexture;)V to md0b472e$veil$lambda$veil$registerPreloadedTexture$0$3 in veil.pipeline.mixins.json:client.PipelineTextureManagerMixin from mod veil
[10Jun2026 13:33:39.776] [Render thread/DEBUG] [mixin/]: veil.debug.mixins.json:client.DebugTextureManagerMixin from mod veil->@Inject::applyLabel(Lnet/minecraft/resources/ResourceLocation;Lnet/minecraft/client/renderer/texture/AbstractTexture;Lorg/spongepowered/asm/mixin/injection/callback/CallbackInfo;)V doesn't use it's CallbackInfo
[10Jun2026 13:33:39.776] [Render thread/DEBUG] [mixin/]: veil.debug.mixins.json:client.DebugTextureManagerMixin from mod veil->@Inject::applyLabel(Lnet/minecraft/resources/ResourceLocation;Lnet/minecraft/client/renderer/texture/AbstractTexture;Lorg/spongepowered/asm/mixin/injection/callback/CallbackInfo;)V has 0 override(s) in child classes
[10Jun2026 13:33:39.777] [Render thread/DEBUG] [mixin/]: veil.debug.mixins.json:client.DebugTextureManagerMixin from mod veil->@Inject::applyLabel(Lnet/minecraft/resources/ResourceLocation;Lnet/minecraft/client/renderer/texture/AbstractTexture;Lorg/spongepowered/asm/mixin/injection/callback/CallbackInfo;)V won't be passed a CallbackInfo as a result
[10Jun2026 13:33:39.849] [Render thread/INFO] [Veil/]: GL Debug supported
[10Jun2026 13:33:39.881] [Render thread/DEBUG] [mixin/]: Mixing accessor.ResourceModelManagerAccessor from veil.resource.mixins.json into net.minecraft.client.resources.model.ModelManager
[10Jun2026 13:33:39.893] [Render thread/DEBUG] [mixin/]: Mixing accessor.ResourceAtlasSetAccessor from veil.resource.mixins.json into net.minecraft.client.resources.model.AtlasSet
[10Jun2026 13:33:39.898] [Render thread/DEBUG] [mixin/]: Mixing client.compat115plus.EntityRenderDispatcherMixin from pehkui.mixins.json into net.minecraft.client.renderer.entity.EntityRenderDispatcher
[10Jun2026 13:33:39.898] [Render thread/DEBUG] [mixin/]: pehkui.mixins.json:client.compat115plus.EntityRenderDispatcherMixin from mod pehkui: Class version 65 required is higher than the class version supported by the current version of Mixin (JAVA_17 supports class version 61)
[10Jun2026 13:33:39.899] [Render thread/DEBUG] [mixin/]: Mixing client.compat121plus.EntityRenderDispatcherMixin from pehkui.mixins.json into net.minecraft.client.renderer.entity.EntityRenderDispatcher
[10Jun2026 13:33:39.899] [Render thread/DEBUG] [mixin/]: pehkui.mixins.json:client.compat121plus.EntityRenderDispatcherMixin from mod pehkui: Class version 65 required is higher than the class version supported by the current version of Mixin (JAVA_17 supports class version 61)
[10Jun2026 13:33:39.902] [Render thread/DEBUG] [mixin/]: pehkui.mixins.json:client.compat115plus.EntityRenderDispatcherMixin from mod pehkui->@Inject::pehkui$render$before(Lnet/minecraft/world/entity/Entity;DDDFFLcom/mojang/blaze3d/vertex/PoseStack;Lnet/minecraft/client/renderer/MultiBufferSource;ILorg/spongepowered/asm/mixin/injection/callback/CallbackInfo;)V doesn't use it's CallbackInfo
[10Jun2026 13:33:39.903] [Render thread/DEBUG] [mixin/]: pehkui.mixins.json:client.compat115plus.EntityRenderDispatcherMixin from mod pehkui->@Inject::pehkui$render$before(Lnet/minecraft/world/entity/Entity;DDDFFLcom/mojang/blaze3d/vertex/PoseStack;Lnet/minecraft/client/renderer/MultiBufferSource;ILorg/spongepowered/asm/mixin/injection/callback/CallbackInfo;)V has 0 override(s) in child classes
[10Jun2026 13:33:39.903] [Render thread/DEBUG] [mixin/]: pehkui.mixins.json:client.compat115plus.EntityRenderDispatcherMixin from mod pehkui->@Inject::pehkui$render$before(Lnet/minecraft/world/entity/Entity;DDDFFLcom/mojang/blaze3d/vertex/PoseStack;Lnet/minecraft/client/renderer/MultiBufferSource;ILorg/spongepowered/asm/mixin/injection/callback/CallbackInfo;)V won't be passed a CallbackInfo as a result
[10Jun2026 13:33:39.903] [Render thread/DEBUG] [mixin/]: pehkui.mixins.json:client.compat115plus.EntityRenderDispatcherMixin from mod pehkui->@Inject::pehkui$render$after(Lnet/minecraft/world/entity/Entity;DDDFFLcom/mojang/blaze3d/vertex/PoseStack;Lnet/minecraft/client/renderer/MultiBufferSource;ILorg/spongepowered/asm/mixin/injection/callback/CallbackInfo;)V doesn't use it's CallbackInfo
[10Jun2026 13:33:39.903] [Render thread/DEBUG] [mixin/]: pehkui.mixins.json:client.compat115plus.EntityRenderDispatcherMixin from mod pehkui->@Inject::pehkui$render$after(Lnet/minecraft/world/entity/Entity;DDDFFLcom/mojang/blaze3d/vertex/PoseStack;Lnet/minecraft/client/renderer/MultiBufferSource;ILorg/spongepowered/asm/mixin/injection/callback/CallbackInfo;)V has 0 override(s) in child classes
[10Jun2026 13:33:39.903] [Render thread/DEBUG] [mixin/]: pehkui.mixins.json:client.compat115plus.EntityRenderDispatcherMixin from mod pehkui->@Inject::pehkui$render$after(Lnet/minecraft/world/entity/Entity;DDDFFLcom/mojang/blaze3d/vertex/PoseStack;Lnet/minecraft/client/renderer/MultiBufferSource;ILorg/spongepowered/asm/mixin/injection/callback/CallbackInfo;)V won't be passed a CallbackInfo as a result
[10Jun2026 13:33:39.903] [Render thread/DEBUG] [mixin/]: pehkui.mixins.json:client.compat121plus.EntityRenderDispatcherMixin from mod pehkui->@Inject::pehkui$renderHitbox(Lcom/mojang/blaze3d/vertex/PoseStack;Lcom/mojang/blaze3d/vertex/VertexConsumer;Lnet/minecraft/world/entity/Entity;FFFFLorg/spongepowered/asm/mixin/injection/callback/CallbackInfo;)V doesn't use it's CallbackInfo
[10Jun2026 13:33:39.911] [Render thread/DEBUG] [mixin/]: Mixing client.RenderBuffersMixin from veil.neoforge.mixins.json into net.minecraft.client.renderer.RenderBuffers
[10Jun2026 13:33:39.911] [Render thread/DEBUG] [mixin/]: Renaming synthetic method lambda$init$0(Ljava/util/Set;Lnet/minecraft/client/renderer/RenderType;)V to md0b472e$veil$lambda$init$0$0 in veil.neoforge.mixins.json:client.RenderBuffersMixin from mod veil
[10Jun2026 13:33:39.913] [Render thread/DEBUG] [mixin/]: veil.neoforge.mixins.json:client.RenderBuffersMixin from mod veil->@Inject::init(Lorg/spongepowered/asm/mixin/injection/callback/CallbackInfo;)V doesn't use it's CallbackInfo
[10Jun2026 13:33:39.956] [Render thread/DEBUG] [mixin/]: Mixing client.QuasarParticleEngineMixin from veil.quasar.mixins.json into net.minecraft.client.particle.ParticleEngine
[10Jun2026 13:33:39.958] [Render thread/DEBUG] [mixin/]: veil.quasar.mixins.json:client.QuasarParticleEngineMixin from mod veil->@Inject::tick(Lorg/spongepowered/asm/mixin/injection/callback/CallbackInfo;)V doesn't use it's CallbackInfo
[10Jun2026 13:33:39.959] [Render thread/DEBUG] [mixin/]: veil.quasar.mixins.json:client.QuasarParticleEngineMixin from mod veil->@Inject::tick(Lorg/spongepowered/asm/mixin/injection/callback/CallbackInfo;)V has 0 override(s) in child classes
[10Jun2026 13:33:39.959] [Render thread/DEBUG] [mixin/]: veil.quasar.mixins.json:client.QuasarParticleEngineMixin from mod veil->@Inject::tick(Lorg/spongepowered/asm/mixin/injection/callback/CallbackInfo;)V won't be passed a CallbackInfo as a result
[10Jun2026 13:33:39.959] [Render thread/DEBUG] [mixin/]: veil.quasar.mixins.json:client.QuasarParticleEngineMixin from mod veil->@Inject::countParticles(Lorg/spongepowered/asm/mixin/injection/callback/CallbackInfoReturnable;)V does use it's CallbackInfoReturnable
[10Jun2026 13:33:39.959] [Render thread/DEBUG] [mixin/]: veil.quasar.mixins.json:client.QuasarParticleEngineMixin from mod veil->@Inject::setLevel(Lnet/minecraft/client/multiplayer/ClientLevel;Lorg/spongepowered/asm/mixin/injection/callback/CallbackInfo;)V doesn't use it's CallbackInfo
[10Jun2026 13:33:39.959] [Render thread/DEBUG] [mixin/]: veil.quasar.mixins.json:client.QuasarParticleEngineMixin from mod veil->@Inject::setLevel(Lnet/minecraft/client/multiplayer/ClientLevel;Lorg/spongepowered/asm/mixin/injection/callback/CallbackInfo;)V has 0 override(s) in child classes
[10Jun2026 13:33:39.959] [Render thread/DEBUG] [mixin/]: veil.quasar.mixins.json:client.QuasarParticleEngineMixin from mod veil->@Inject::setLevel(Lnet/minecraft/client/multiplayer/ClientLevel;Lorg/spongepowered/asm/mixin/injection/callback/CallbackInfo;)V won't be passed a CallbackInfo as a result
[10Jun2026 13:33:39.959] [Render thread/DEBUG] [mixin/]: veil.quasar.mixins.json:client.QuasarParticleEngineMixin from mod veil->@Inject::clear(Lorg/spongepowered/asm/mixin/injection/callback/CallbackInfo;)V doesn't use it's CallbackInfo
[10Jun2026 13:33:39.959] [Render thread/DEBUG] [mixin/]: veil.quasar.mixins.json:client.QuasarParticleEngineMixin from mod veil->@Inject::clear(Lorg/spongepowered/asm/mixin/injection/callback/CallbackInfo;)V has 0 override(s) in child classes
[10Jun2026 13:33:39.959] [Render thread/DEBUG] [mixin/]: veil.quasar.mixins.json:client.QuasarParticleEngineMixin from mod veil->@Inject::clear(Lorg/spongepowered/asm/mixin/injection/callback/CallbackInfo;)V won't be passed a CallbackInfo as a result
[10Jun2026 13:33:39.965] [Render thread/DEBUG] [mixin/]: Mixing client.PipelineParticleRenderTypeMixin from veil.pipeline.mixins.json into net.minecraft.client.particle.ParticleRenderType$1
[10Jun2026 13:33:39.967] [Render thread/DEBUG] [mixin/]: Mixing client.PipelineParticleRenderTypeMixin from veil.pipeline.mixins.json into net.minecraft.client.particle.ParticleRenderType$3
[10Jun2026 13:33:40.050] [Render thread/DEBUG] [mixin/]: Mixing client.ResourceTextureAtlasHolderMixin from veil.resource.mixins.json into net.minecraft.client.resources.TextureAtlasHolder
[10Jun2026 13:33:40.069] [Render thread/DEBUG] [mixin/]: Mixing client.DebugVertexBufferMixin from veil.debug.mixins.json into com.mojang.blaze3d.vertex.VertexBuffer
[10Jun2026 13:33:40.070] [Render thread/DEBUG] [mixin/]: Mixing client.PipelineVertexBufferMixin from veil.pipeline.mixins.json into com.mojang.blaze3d.vertex.VertexBuffer
[10Jun2026 13:33:40.071] [Render thread/DEBUG] [mixin/]: Renaming synthetic method lambda$veil$drawIndirect$1(JII)V to md0b472e$veil$lambda$veil$drawIndirect$1$0 in veil.pipeline.mixins.json:client.PipelineVertexBufferMixin from mod veil
[10Jun2026 13:33:40.071] [Render thread/DEBUG] [mixin/]: Renaming synthetic method lambda$veil$drawInstanced$0(I)V to md0b472e$veil$lambda$veil$drawInstanced$0$1 in veil.pipeline.mixins.json:client.PipelineVertexBufferMixin from mod veil
[10Jun2026 13:33:40.087] [Render thread/DEBUG] [mixin/]: veil.pipeline.mixins.json:client.PipelineVertexBufferMixin from mod veil->@Inject::drawPatches(Lorg/spongepowered/asm/mixin/injection/callback/CallbackInfo;)V does use it's CallbackInfo
[10Jun2026 13:33:40.109] [Render thread/DEBUG] [mixin/]: Mixing client.compat120plus.InGameHudMixin from pehkui.mixins.json into net.minecraft.client.gui.Gui
[10Jun2026 13:33:40.109] [Render thread/DEBUG] [mixin/]: pehkui.mixins.json:client.compat120plus.InGameHudMixin from mod pehkui: Class version 65 required is higher than the class version supported by the current version of Mixin (JAVA_17 supports class version 61)
[10Jun2026 13:33:40.118] [Render thread/DEBUG] [mixin/]: Mixing client.PipelineDebugScreenOverlayMixin from veil.pipeline.mixins.json into net.minecraft.client.gui.components.DebugScreenOverlay
[10Jun2026 13:33:40.167] [Render thread/INFO] [net.neoforged.neoforge.gametest.GameTestHooks/]: Enabled Gametest Namespaces: [repophys]
[10Jun2026 13:33:40.309] [Render thread/DEBUG] [mixin/]: Mixing accessor.DynamicBufferProgramAccessor from veil.dynamicbuffer.mixins.json into com.mojang.blaze3d.shaders.Program
[10Jun2026 13:33:40.315] [Render thread/DEBUG] [mixin/]: Mixing client.ShaderProgramManagerMixin from veil.shader.mixins.json into com.mojang.blaze3d.shaders.ProgramManager
[10Jun2026 13:33:40.316] [Render thread/DEBUG] [mixin/]: veil.shader.mixins.json:client.ShaderProgramManagerMixin from mod veil->@Inject::veil$cancelProgram(Lorg/spongepowered/asm/mixin/injection/callback/CallbackInfoReturnable;)V does use it's CallbackInfoReturnable
[10Jun2026 13:33:40.316] [Render thread/DEBUG] [mixin/]: veil.shader.mixins.json:client.ShaderProgramManagerMixin from mod veil->@Inject::veil$cancelLinkShader(Lcom/mojang/blaze3d/shaders/Shader;Lorg/spongepowered/asm/mixin/injection/callback/CallbackInfo;)V does use it's CallbackInfo
[10Jun2026 13:33:40.375] [Render thread/INFO] [net.minecraft.server.packs.resources.ReloadableResourceManager/]: Reloading ResourceManager: vanilla, mod_resources, mod/pehkui, mod/forgeconfigapiport, mod/veil, mod/sablecompanion, mod/neoforge, mod/repophys
[10Jun2026 13:33:40.383] [Render thread/DEBUG] [mixin/]: Mixing SimpleReloadInstanceMixin from veil.debug.mixins.json into net.minecraft.server.packs.resources.SimpleReloadInstance
[10Jun2026 13:33:40.438] [Render thread/DEBUG] [net.neoforged.fml.DeferredWorkQueue/LOADING]: Dispatching synchronous work for work queue Common setup: 1 jobs
[10Jun2026 13:33:40.439] [Render thread/DEBUG] [net.neoforged.fml.DeferredWorkQueue/LOADING]: Synchronous work queue completed in 886.6 μs
[10Jun2026 13:33:40.444] [NeoForge Version Check/INFO] [net.neoforged.fml.VersionChecker/]: [forgeconfigapiport] Starting version check at https://raw.githubusercontent.com/Fuzss/modresources/main/update/forgeconfigapiport.json
[10Jun2026 13:33:40.475] [Worker-Main-3/INFO] [net.minecraft.client.gui.font.providers.UnihexProvider/]: Found unifont_all_no_pua-15.1.05.hex, loading
[10Jun2026 13:33:40.776] [Worker-Main-4/INFO] [net.minecraft.client.gui.font.providers.UnihexProvider/]: Found unifont_jp_patch-15.1.05.hex, loading
[10Jun2026 13:33:40.989] [NeoForge Version Check/DEBUG] [net.neoforged.fml.VersionChecker/]: [forgeconfigapiport] Received version check data:
{
    "homepage": "https://modrinth.com/mod/forge-config-api-port",
    "promos": {
        "1.20.2-latest": "20.2.6",
        "1.20.2-recommended": "20.2.6",
        "1.20.4-latest": "20.4.3",
        "1.20.4-recommended": "20.4.3",
        "1.20.6-latest": "20.6.1",
        "1.20.6-recommended": "20.6.1",
        "1.21-latest": "21.0.8",
        "1.21-recommended": "21.0.8",
        "1.21.1-latest": "21.1.6",
        "1.21.1-recommended": "21.1.6",
        "1.21.10-latest": "21.10.1",
        "1.21.10-recommended": "21.10.1",
        "1.21.11-latest": "21.11.0",
        "1.21.11-recommended": "21.11.0",
        "1.21.3-latest": "21.3.5",
        "1.21.3-recommended": "21.3.5",
        "1.21.4-latest": "21.4.3",
        "1.21.4-recommended": "21.4.3",
        "1.21.5-latest": "21.5.3",
        "1.21.5-recommended": "21.5.3",
        "1.21.6-latest": "21.6.4",
        "1.21.6-recommended": "21.6.4",
        "1.21.7-latest": "21.7.0",
        "1.21.7-recommended": "21.7.0",
        "1.21.8-latest": "21.8.2",
        "1.21.8-recommended": "21.8.2",
        "1.21.9-latest": "21.9.8",
        "1.21.9-recommended": "21.9.8"
    }
}
[10Jun2026 13:33:40.991] [NeoForge Version Check/INFO] [net.neoforged.fml.VersionChecker/]: [forgeconfigapiport] Found status: OUTDATED Current: 21.1.4 Target: 21.1.6
[10Jun2026 13:33:41.423] [Worker-Main-11/WARN] [net.minecraft.client.resources.model.BlockStateModelLoader/]: Exception loading blockstate definition: 'repophys:blockstates/grab_physics_block.json' missing model for variant: 'repophys:grab_physics_block#'
[10Jun2026 13:33:41.424] [Worker-Main-11/WARN] [net.minecraft.client.resources.model.ModelBakery/]: Unable to load model: 'repophys:item/grab_physics_block' referenced from: repophys:item/grab_physics_block: java.io.FileNotFoundException: repophys:models/item/grab_physics_block.json
[10Jun2026 13:33:41.958] [Render thread/INFO] [Veil/]: Loaded 0 shader modifications
[10Jun2026 13:33:42.101] [Render thread/INFO] [Veil/]: Loaded 17 shaders from: pinwheel/shaders/program
[10Jun2026 13:33:42.238] [Render thread/WARN] [net.minecraft.client.sounds.SoundEngine/]: Missing sound for event: minecraft:item.goat_horn.play
[10Jun2026 13:33:42.238] [Render thread/WARN] [net.minecraft.client.sounds.SoundEngine/]: Missing sound for event: minecraft:entity.goat.screaming.horn_break
[10Jun2026 13:33:42.288] [Render thread/INFO] [com.mojang.blaze3d.audio.Library/]: OpenAL initialized on device OpenAL Soft on E22 (NVIDIA High Definition Audio)
[10Jun2026 13:33:42.289] [Render thread/INFO] [net.minecraft.client.sounds.SoundEngine/SOUNDS]: Sound engine started
[10Jun2026 13:33:42.405] [Render thread/INFO] [net.minecraft.client.renderer.texture.TextureAtlas/]: Created: 1024x512x4 minecraft:textures/atlas/blocks.png-atlas
[10Jun2026 13:33:42.413] [Render thread/INFO] [net.minecraft.client.renderer.texture.TextureAtlas/]: Created: 256x256x4 minecraft:textures/atlas/signs.png-atlas
[10Jun2026 13:33:42.413] [Render thread/INFO] [net.minecraft.client.renderer.texture.TextureAtlas/]: Created: 512x512x4 minecraft:textures/atlas/shield_patterns.png-atlas
[10Jun2026 13:33:42.414] [Render thread/INFO] [net.minecraft.client.renderer.texture.TextureAtlas/]: Created: 512x512x4 minecraft:textures/atlas/banner_patterns.png-atlas
[10Jun2026 13:33:42.414] [Render thread/INFO] [net.minecraft.client.renderer.texture.TextureAtlas/]: Created: 1024x1024x4 minecraft:textures/atlas/armor_trims.png-atlas
[10Jun2026 13:33:42.417] [Render thread/INFO] [net.minecraft.client.renderer.texture.TextureAtlas/]: Created: 128x64x4 minecraft:textures/atlas/decorated_pot.png-atlas
[10Jun2026 13:33:42.418] [Render thread/INFO] [net.minecraft.client.renderer.texture.TextureAtlas/]: Created: 256x256x4 minecraft:textures/atlas/chest.png-atlas
[10Jun2026 13:33:42.418] [Render thread/INFO] [net.minecraft.client.renderer.texture.TextureAtlas/]: Created: 512x256x4 minecraft:textures/atlas/shulker_boxes.png-atlas
[10Jun2026 13:33:42.418] [Render thread/INFO] [net.minecraft.client.renderer.texture.TextureAtlas/]: Created: 512x256x4 minecraft:textures/atlas/beds.png-atlas
[10Jun2026 13:33:42.457] [Render thread/DEBUG] [mixin/]: Mixing client.compat121plus.EntityRendererMixin from pehkui.mixins.json into net.minecraft.client.renderer.entity.EntityRenderer
[10Jun2026 13:33:42.458] [Render thread/DEBUG] [mixin/]: pehkui.mixins.json:client.compat121plus.EntityRendererMixin from mod pehkui: Class version 65 required is higher than the class version supported by the current version of Mixin (JAVA_17 supports class version 61)
[10Jun2026 13:33:42.460] [Render thread/DEBUG] [mixin/]: pehkui.mixins.json:client.compat121plus.EntityRendererMixin from mod pehkui->@Inject::pehkui$renderLeash$head(Lnet/minecraft/world/entity/Entity;FLcom/mojang/blaze3d/vertex/PoseStack;Lnet/minecraft/client/renderer/MultiBufferSource;Lnet/minecraft/world/entity/Entity;Lorg/spongepowered/asm/mixin/injection/callback/CallbackInfo;)V doesn't use it's CallbackInfo
[10Jun2026 13:33:42.461] [Render thread/DEBUG] [mixin/]: pehkui.mixins.json:client.compat121plus.EntityRendererMixin from mod pehkui->@Inject::pehkui$renderLeash$head(Lnet/minecraft/world/entity/Entity;FLcom/mojang/blaze3d/vertex/PoseStack;Lnet/minecraft/client/renderer/MultiBufferSource;Lnet/minecraft/world/entity/Entity;Lorg/spongepowered/asm/mixin/injection/callback/CallbackInfo;)V has 0 override(s) in child classes
[10Jun2026 13:33:42.461] [Render thread/DEBUG] [mixin/]: pehkui.mixins.json:client.compat121plus.EntityRendererMixin from mod pehkui->@Inject::pehkui$renderLeash$head(Lnet/minecraft/world/entity/Entity;FLcom/mojang/blaze3d/vertex/PoseStack;Lnet/minecraft/client/renderer/MultiBufferSource;Lnet/minecraft/world/entity/Entity;Lorg/spongepowered/asm/mixin/injection/callback/CallbackInfo;)V won't be passed a CallbackInfo as a result
[10Jun2026 13:33:42.461] [Render thread/DEBUG] [mixin/]: pehkui.mixins.json:client.compat121plus.EntityRendererMixin from mod pehkui->@Inject::pehkui$renderLeash$return(Lnet/minecraft/world/entity/Entity;FLcom/mojang/blaze3d/vertex/PoseStack;Lnet/minecraft/client/renderer/MultiBufferSource;Lnet/minecraft/world/entity/Entity;Lorg/spongepowered/asm/mixin/injection/callback/CallbackInfo;)V doesn't use it's CallbackInfo
[10Jun2026 13:33:42.461] [Render thread/DEBUG] [mixin/]: pehkui.mixins.json:client.compat121plus.EntityRendererMixin from mod pehkui->@Inject::pehkui$renderLeash$return(Lnet/minecraft/world/entity/Entity;FLcom/mojang/blaze3d/vertex/PoseStack;Lnet/minecraft/client/renderer/MultiBufferSource;Lnet/minecraft/world/entity/Entity;Lorg/spongepowered/asm/mixin/injection/callback/CallbackInfo;)V has 0 override(s) in child classes
[10Jun2026 13:33:42.461] [Render thread/DEBUG] [mixin/]: pehkui.mixins.json:client.compat121plus.EntityRendererMixin from mod pehkui->@Inject::pehkui$renderLeash$return(Lnet/minecraft/world/entity/Entity;FLcom/mojang/blaze3d/vertex/PoseStack;Lnet/minecraft/client/renderer/MultiBufferSource;Lnet/minecraft/world/entity/Entity;Lorg/spongepowered/asm/mixin/injection/callback/CallbackInfo;)V won't be passed a CallbackInfo as a result
[10Jun2026 13:33:42.515] [Render thread/DEBUG] [mixin/]: Mixing client.compat115plus.PlayerEntityRendererMixin from pehkui.mixins.json into net.minecraft.client.renderer.entity.player.PlayerRenderer
[10Jun2026 13:33:42.516] [Render thread/DEBUG] [mixin/]: pehkui.mixins.json:client.compat115plus.PlayerEntityRendererMixin from mod pehkui: Class version 65 required is higher than the class version supported by the current version of Mixin (JAVA_17 supports class version 61)
[10Jun2026 13:33:42.555] [Render thread/DEBUG] [mixin/]: Mixing client.compat115plus.ItemFrameEntityRendererMixin from pehkui.mixins.json into net.minecraft.client.renderer.entity.ItemFrameRenderer
[10Jun2026 13:33:42.556] [Render thread/DEBUG] [mixin/]: pehkui.mixins.json:client.compat115plus.ItemFrameEntityRendererMixin from mod pehkui: Class version 65 required is higher than the class version supported by the current version of Mixin (JAVA_17 supports class version 61)
[10Jun2026 13:33:42.585] [Render thread/DEBUG] [mixin/]: Mixing client.compat1205plus.ShulkerEntityRendererMixin from pehkui.mixins.json into net.minecraft.client.renderer.entity.ShulkerRenderer
[10Jun2026 13:33:42.585] [Render thread/DEBUG] [mixin/]: pehkui.mixins.json:client.compat1205plus.ShulkerEntityRendererMixin from mod pehkui: Class version 65 required is higher than the class version supported by the current version of Mixin (JAVA_17 supports class version 61)
[10Jun2026 13:33:42.587] [Render thread/DEBUG] [mixin/]: pehkui.mixins.json:client.compat1205plus.ShulkerEntityRendererMixin from mod pehkui->@Inject::pehkui$setupTransforms(Lnet/minecraft/world/entity/monster/Shulker;Lcom/mojang/blaze3d/vertex/PoseStack;FFFFLorg/spongepowered/asm/mixin/injection/callback/CallbackInfo;)V doesn't use it's CallbackInfo
[10Jun2026 13:33:42.587] [Render thread/DEBUG] [mixin/]: pehkui.mixins.json:client.compat1205plus.ShulkerEntityRendererMixin from mod pehkui->@Inject::pehkui$setupTransforms(Lnet/minecraft/world/entity/monster/Shulker;Lcom/mojang/blaze3d/vertex/PoseStack;FFFFLorg/spongepowered/asm/mixin/injection/callback/CallbackInfo;)V has 0 override(s) in child classes
[10Jun2026 13:33:42.587] [Render thread/DEBUG] [mixin/]: pehkui.mixins.json:client.compat1205plus.ShulkerEntityRendererMixin from mod pehkui->@Inject::pehkui$setupTransforms(Lnet/minecraft/world/entity/monster/Shulker;Lcom/mojang/blaze3d/vertex/PoseStack;FFFFLorg/spongepowered/asm/mixin/injection/callback/CallbackInfo;)V won't be passed a CallbackInfo as a result
[10Jun2026 13:33:42.640] [Render thread/INFO] [net.minecraft.client.renderer.texture.TextureAtlas/]: Created: 512x256x0 minecraft:textures/atlas/particles.png-atlas
[10Jun2026 13:33:42.641] [Render thread/INFO] [net.minecraft.client.renderer.texture.TextureAtlas/]: Created: 512x256x0 minecraft:textures/atlas/paintings.png-atlas
[10Jun2026 13:33:42.642] [Render thread/INFO] [net.minecraft.client.renderer.texture.TextureAtlas/]: Created: 256x128x0 minecraft:textures/atlas/mob_effects.png-atlas
[10Jun2026 13:33:42.642] [Render thread/INFO] [net.minecraft.client.renderer.texture.TextureAtlas/]: Created: 64x64x0 minecraft:textures/atlas/map_decorations.png-atlas
[10Jun2026 13:33:42.642] [Render thread/INFO] [net.minecraft.client.renderer.texture.TextureAtlas/]: Created: 1024x512x0 minecraft:textures/atlas/gui.png-atlas
[10Jun2026 13:33:42.665] [Render thread/WARN] [net.minecraft.client.renderer.ShaderInstance/]: Shader rendertype_entity_translucent_emissive could not find sampler named Sampler2 in the specified shader program.
[10Jun2026 13:33:42.696] [Render thread/DEBUG] [mixin/]: Mixing accessor.DebugPostChainAccessor from veil.debug.mixins.json into net.minecraft.client.renderer.PostChain
[10Jun2026 13:33:42.699] [Render thread/DEBUG] [mixin/]: Mixing client.ShaderEffectInstanceMixin from veil.shader.mixins.json into net.minecraft.client.renderer.EffectInstance
[10Jun2026 13:33:42.701] [Render thread/DEBUG] [mixin/]: veil.shader.mixins.json:client.ShaderEffectInstanceMixin from mod veil->@Inject::veil$setupFallbackProcessor(Lnet/minecraft/server/packs/resources/ResourceProvider;Lcom/mojang/blaze3d/shaders/Program$Type;Ljava/lang/String;Lorg/spongepowered/asm/mixin/injection/callback/CallbackInfoReturnable;)V doesn't use it's CallbackInfoReturnable
[10Jun2026 13:33:42.701] [Render thread/DEBUG] [mixin/]: veil.shader.mixins.json:client.ShaderEffectInstanceMixin from mod veil->@Inject::veil$clearFallbackProcessor(Lorg/spongepowered/asm/mixin/injection/callback/CallbackInfoReturnable;)V doesn't use it's CallbackInfoReturnable
[10Jun2026 13:33:42.709] [Render thread/DEBUG] [Veil/]: Shader worldborder detected uniform: vec4 ColorModulator
[10Jun2026 13:33:42.710] [Render thread/DEBUG] [Veil/]: Shader worldborder detected uniform: mat4 ModelViewMat
[10Jun2026 13:33:42.710] [Render thread/DEBUG] [Veil/]: Shader worldborder detected uniform: mat4 ProjMat
[10Jun2026 13:33:42.710] [Render thread/DEBUG] [Veil/]: Shader worldborder detected sampler: sampler2D Sampler0
[10Jun2026 13:33:42.724] [Render thread/INFO] [Veil/]: Loaded 2 framebuffers
[10Jun2026 13:33:42.737] [Render thread/INFO] [Veil/]: Loaded 3 post pipelines
[10Jun2026 13:33:42.744] [Render thread/INFO] [Veil/]: Loaded 4 render types
[10Jun2026 13:33:42.745] [Render thread/INFO] [Veil/]: Enabled bloom pipeline
[10Jun2026 13:33:42.746] [Render thread/INFO] [Veil/]: Loaded 0 quasar particles
[10Jun2026 13:33:42.746] [Render thread/INFO] [Veil/]: Loaded 0 templates
[10Jun2026 13:33:42.747] [Render thread/INFO] [Veil/]: Loaded 0 modules
[10Jun2026 13:33:42.748] [Render thread/INFO] [net.neoforged.neoforge.client.entity.animation.json.AnimationLoader/]: Loaded 0 entity animations
[10Jun2026 13:33:42.887] [Render thread/DEBUG] [Veil/]: Shader worldborder detected uniform: vec4 ColorModulator
[10Jun2026 13:33:42.887] [Render thread/DEBUG] [Veil/]: Shader worldborder detected uniform: mat4 ModelViewMat
[10Jun2026 13:33:42.887] [Render thread/DEBUG] [Veil/]: Shader worldborder detected uniform: mat4 ProjMat
[10Jun2026 13:33:42.936] [Render thread/INFO] [Veil/]: Compiled 57 vanilla shaders in 223.6 ms
[10Jun2026 13:33:43.678] [Render thread/INFO] [Veil/]: Finished uploading vanilla shaders
[10Jun2026 13:34:00.598] [Render thread/INFO] [net.minecraft.world.item.crafting.RecipeManager/]: Loaded 1290 recipes
[10Jun2026 13:34:00.766] [Render thread/INFO] [net.minecraft.advancements.AdvancementTree/]: Loaded 1399 advancements
[10Jun2026 13:34:01.179] [Render thread/DEBUG] [net.neoforged.neoforge.common.CommonHooks/WP]: Gathered mod list to write to world save Test 8
[10Jun2026 13:34:01.202] [Render thread/DEBUG] [mixin/]: Mixing compat1202plus.PlayerManagerMixin from pehkui.mixins.json into net.minecraft.server.players.PlayerList
[10Jun2026 13:34:01.202] [Render thread/DEBUG] [mixin/]: pehkui.mixins.json:compat1202plus.PlayerManagerMixin from mod pehkui: Class version 65 required is higher than the class version supported by the current version of Mixin (JAVA_17 supports class version 61)
[10Jun2026 13:34:01.204] [Render thread/DEBUG] [mixin/]: pehkui.mixins.json:compat1202plus.PlayerManagerMixin from mod pehkui->@Inject::pehkui$onPlayerConnect(Lnet/minecraft/network/Connection;Lnet/minecraft/server/level/ServerPlayer;Ljava/lang/Object;Lorg/spongepowered/asm/mixin/injection/callback/CallbackInfo;)V doesn't use it's CallbackInfo
[10Jun2026 13:34:01.204] [Render thread/DEBUG] [mixin/]: pehkui.mixins.json:compat1202plus.PlayerManagerMixin from mod pehkui->@Inject::pehkui$onPlayerConnect(Lnet/minecraft/network/Connection;Lnet/minecraft/server/level/ServerPlayer;Ljava/lang/Object;Lorg/spongepowered/asm/mixin/injection/callback/CallbackInfo;)V has 0 override(s) in child classes
[10Jun2026 13:34:01.204] [Render thread/DEBUG] [mixin/]: pehkui.mixins.json:compat1202plus.PlayerManagerMixin from mod pehkui->@Inject::pehkui$onPlayerConnect(Lnet/minecraft/network/Connection;Lnet/minecraft/server/level/ServerPlayer;Ljava/lang/Object;Lorg/spongepowered/asm/mixin/injection/callback/CallbackInfo;)V won't be passed a CallbackInfo as a result
[10Jun2026 13:34:01.223] [Server thread/INFO] [net.minecraft.client.server.IntegratedServer/]: Starting integrated minecraft server version 1.21.1
[10Jun2026 13:34:01.223] [Server thread/INFO] [net.minecraft.server.MinecraftServer/]: Generating keypair
[10Jun2026 13:34:01.292] [Server thread/DEBUG] [net.neoforged.fml.config.ConfigTracker/CONFIG]: Loading configs type SERVER
[10Jun2026 13:34:01.295] [Server thread/DEBUG] [pehkui/]: Loaded Pehkui config file pehkui-server.toml
[10Jun2026 13:34:01.295] [Server thread/DEBUG] [net.neoforged.fml.config.ConfigTracker/CONFIG]: Loaded TOML config file G:\Reece\REPOPHYSICS\REPOPHYSICS\run\config\pehkui-server.toml
[10Jun2026 13:34:01.296] [Server thread/DEBUG] [net.neoforged.fml.config.ConfigTracker/CONFIG]: Watching TOML config file G:\Reece\REPOPHYSICS\REPOPHYSICS\run\config\pehkui-server.toml for changes
[10Jun2026 13:34:01.297] [Server thread/DEBUG] [net.neoforged.neoforge.common.NeoForgeConfig/FORGEMOD]: Loaded NeoForge config file neoforge-server.toml
[10Jun2026 13:34:01.297] [Server thread/DEBUG] [net.neoforged.fml.config.ConfigTracker/CONFIG]: Loaded TOML config file G:\Reece\REPOPHYSICS\REPOPHYSICS\run\config\neoforge-server.toml
[10Jun2026 13:34:01.298] [Server thread/DEBUG] [net.neoforged.fml.config.ConfigTracker/CONFIG]: Watching TOML config file G:\Reece\REPOPHYSICS\REPOPHYSICS\run\config\neoforge-server.toml for changes
[10Jun2026 13:34:01.448] [Server thread/INFO] [net.minecraft.server.MinecraftServer/]: Preparing start region for dimension minecraft:overworld
[10Jun2026 13:34:01.634] [progressListener/INFO] [net.minecraft.server.level.progress.LoggerChunkProgressListener/]: Preparing spawn area: 0%
[10Jun2026 13:34:01.679] [Server thread/DEBUG] [mixin/]: Mixing compat1193plus.EntityTrackingSectionMixin from pehkui.mixins.json into net.minecraft.world.level.entity.EntitySection
[10Jun2026 13:34:01.680] [Server thread/DEBUG] [mixin/]: pehkui.mixins.json:compat1193plus.EntityTrackingSectionMixin from mod pehkui: Class version 65 required is higher than the class version supported by the current version of Mixin (JAVA_17 supports class version 61)
[10Jun2026 13:34:01.691] [Server thread/INFO] [net.neoforged.neoforge.server.permission.PermissionAPI/]: Successfully initialized permission handler neoforge:default_handler
[10Jun2026 13:34:01.695] [progressListener/INFO] [net.minecraft.server.level.progress.LoggerChunkProgressListener/]: Time elapsed: 230 ms
[10Jun2026 13:34:01.768] [Server thread/INFO] [net.minecraft.client.server.IntegratedServer/]: Changing view distance to 12, from 10
[10Jun2026 13:34:01.768] [Server thread/INFO] [net.minecraft.client.server.IntegratedServer/]: Changing simulation distance to 12, from 0
[10Jun2026 13:34:01.805] [Server thread/DEBUG] [mixin/]: Mixing EntityTrackerEntryMixin from pehkui.mixins.json into net.minecraft.server.level.ServerEntity
[10Jun2026 13:34:01.805] [Server thread/DEBUG] [mixin/]: pehkui.mixins.json:EntityTrackerEntryMixin from mod pehkui: Class version 65 required is higher than the class version supported by the current version of Mixin (JAVA_17 supports class version 61)
[10Jun2026 13:34:01.805] [Server thread/DEBUG] [mixin/]: Renaming synthetic method lambda$pehkui$syncEntityData$1(Lnet/minecraft/network/protocol/Packet;)V to md0b472e$pehkui$lambda$pehkui$syncEntityData$1$0 in pehkui.mixins.json:EntityTrackerEntryMixin from mod pehkui
[10Jun2026 13:34:01.805] [Server thread/DEBUG] [mixin/]: Renaming synthetic method lambda$pehkui$tick$0(Lnet/minecraft/network/protocol/Packet;)V to md0b472e$pehkui$lambda$pehkui$tick$0$1 in pehkui.mixins.json:EntityTrackerEntryMixin from mod pehkui
[10Jun2026 13:34:01.807] [Server thread/DEBUG] [mixin/]: pehkui.mixins.json:EntityTrackerEntryMixin from mod pehkui->@Inject::pehkui$tick(Lorg/spongepowered/asm/mixin/injection/callback/CallbackInfo;)V doesn't use it's CallbackInfo
[10Jun2026 13:34:01.807] [Server thread/DEBUG] [mixin/]: pehkui.mixins.json:EntityTrackerEntryMixin from mod pehkui->@Inject::pehkui$tick(Lorg/spongepowered/asm/mixin/injection/callback/CallbackInfo;)V has 0 override(s) in child classes
[10Jun2026 13:34:01.807] [Server thread/DEBUG] [mixin/]: pehkui.mixins.json:EntityTrackerEntryMixin from mod pehkui->@Inject::pehkui$tick(Lorg/spongepowered/asm/mixin/injection/callback/CallbackInfo;)V won't be passed a CallbackInfo as a result
[10Jun2026 13:34:01.808] [Server thread/DEBUG] [mixin/]: pehkui.mixins.json:EntityTrackerEntryMixin from mod pehkui->@Inject::pehkui$syncEntityData(Lorg/spongepowered/asm/mixin/injection/callback/CallbackInfo;)V doesn't use it's CallbackInfo
[10Jun2026 13:34:01.808] [Server thread/DEBUG] [mixin/]: pehkui.mixins.json:EntityTrackerEntryMixin from mod pehkui->@Inject::pehkui$syncEntityData(Lorg/spongepowered/asm/mixin/injection/callback/CallbackInfo;)V has 0 override(s) in child classes
[10Jun2026 13:34:01.808] [Server thread/DEBUG] [mixin/]: pehkui.mixins.json:EntityTrackerEntryMixin from mod pehkui->@Inject::pehkui$syncEntityData(Lorg/spongepowered/asm/mixin/injection/callback/CallbackInfo;)V won't be passed a CallbackInfo as a result
[10Jun2026 13:34:01.816] [Render thread/DEBUG] [io.netty.channel.MultithreadEventLoopGroup/]: -Dio.netty.eventLoopThreads: 24
[10Jun2026 13:34:01.827] [Render thread/DEBUG] [io.netty.util.concurrent.GlobalEventExecutor/]: -Dio.netty.globalEventExecutor.quietPeriodSeconds: 1
[10Jun2026 13:34:01.837] [Render thread/DEBUG] [io.netty.channel.nio.NioEventLoop/]: -Dio.netty.noKeySetOptimization: false
[10Jun2026 13:34:01.837] [Render thread/DEBUG] [io.netty.channel.nio.NioEventLoop/]: -Dio.netty.selectorAutoRebuildThreshold: 512
[10Jun2026 13:34:01.844] [Render thread/DEBUG] [io.netty.util.internal.PlatformDependent/]: org.jctools-core.MpscChunkedArrayQueue: available
[10Jun2026 13:34:01.892] [Render thread/DEBUG] [io.netty.channel.DefaultChannelId/]: -Dio.netty.processId: 35104 (auto-detected)
[10Jun2026 13:34:01.894] [Render thread/DEBUG] [io.netty.util.NetUtil/]: -Djava.net.preferIPv4Stack: false
[10Jun2026 13:34:01.894] [Render thread/DEBUG] [io.netty.util.NetUtil/]: -Djava.net.preferIPv6Addresses: system
[10Jun2026 13:34:01.896] [Render thread/DEBUG] [io.netty.util.NetUtilInitializations/]: Loopback interface: loopback_1 (Software Loopback Interface 1, 0:0:0:0:0:0:0:1)
[10Jun2026 13:34:01.899] [Render thread/DEBUG] [io.netty.util.NetUtil/]: Failed to get SOMAXCONN from sysctl and file \proc\sys\net\core\somaxconn. Default: 200
[10Jun2026 13:34:01.900] [Render thread/DEBUG] [io.netty.channel.DefaultChannelId/]: -Dio.netty.machineId: 2c:f0:5d:ff:fe:75:44:14 (auto-detected)
[10Jun2026 13:34:01.964] [Render thread/DEBUG] [io.netty.util.Recycler/]: -Dio.netty.recycler.maxCapacityPerThread: 4096
[10Jun2026 13:34:01.964] [Render thread/DEBUG] [io.netty.util.Recycler/]: -Dio.netty.recycler.ratio: 8
[10Jun2026 13:34:01.964] [Render thread/DEBUG] [io.netty.util.Recycler/]: -Dio.netty.recycler.chunkSize: 32
[10Jun2026 13:34:01.964] [Render thread/DEBUG] [io.netty.util.Recycler/]: -Dio.netty.recycler.blocking: false
[10Jun2026 13:34:01.964] [Render thread/DEBUG] [io.netty.util.Recycler/]: -Dio.netty.recycler.batchFastThreadLocalOnly: true
[10Jun2026 13:34:02.091] [Netty Server IO #1/DEBUG] [net.neoforged.neoforge.network.filters.NetworkFilters/]: Injected net.neoforged.neoforge.network.filters.GenericPacketSplitter@8677b43 into net.minecraft.network.Connection@519711d5
[10Jun2026 13:34:02.097] [Netty Local Client IO #0/DEBUG] [net.neoforged.neoforge.network.filters.NetworkFilters/]: Injected net.neoforged.neoforge.network.filters.GenericPacketSplitter@1af44ab3 into net.minecraft.network.Connection@7873ee7b
[10Jun2026 13:34:02.356] [Render thread/DEBUG] [mixin/]: Mixing client.compat117plus.ClientPlayNetworkHandlerMixin from pehkui.mixins.json into net.minecraft.client.multiplayer.ClientPacketListener
[10Jun2026 13:34:02.357] [Render thread/DEBUG] [mixin/]: pehkui.mixins.json:client.compat117plus.ClientPlayNetworkHandlerMixin from mod pehkui: Class version 65 required is higher than the class version supported by the current version of Mixin (JAVA_17 supports class version 61)
[10Jun2026 13:34:02.362] [Render thread/DEBUG] [mixin/]: pehkui.mixins.json:client.compat117plus.ClientPlayNetworkHandlerMixin from mod pehkui->@Inject::pehkui$onPlayerRespawn(Lnet/minecraft/network/protocol/game/ClientboundRespawnPacket;Lorg/spongepowered/asm/mixin/injection/callback/CallbackInfo;)V doesn't use it's CallbackInfo
[10Jun2026 13:34:02.362] [Render thread/DEBUG] [mixin/]: pehkui.mixins.json:client.compat117plus.ClientPlayNetworkHandlerMixin from mod pehkui->@Inject::pehkui$onPlayerRespawn(Lnet/minecraft/network/protocol/game/ClientboundRespawnPacket;Lorg/spongepowered/asm/mixin/injection/callback/CallbackInfo;)V has 0 override(s) in child classes
[10Jun2026 13:34:02.362] [Render thread/DEBUG] [mixin/]: pehkui.mixins.json:client.compat117plus.ClientPlayNetworkHandlerMixin from mod pehkui->@Inject::pehkui$onPlayerRespawn(Lnet/minecraft/network/protocol/game/ClientboundRespawnPacket;Lorg/spongepowered/asm/mixin/injection/callback/CallbackInfo;)V won't be passed a CallbackInfo as a result
[10Jun2026 13:34:02.383] [Render thread/DEBUG] [mixin/]: Mixing client.ClientCommandSourceMixin from veil.command.mixins.json into net.minecraft.client.multiplayer.ClientSuggestionProvider
[10Jun2026 13:34:02.390] [Netty Server IO #1/DEBUG] [net.neoforged.neoforge.network.filters.NetworkFilters/]: Injected net.neoforged.neoforge.network.filters.GenericPacketSplitter@72eec993 into net.minecraft.network.Connection@519711d5
[10Jun2026 13:34:02.452] [Server thread/INFO] [net.minecraft.server.players.PlayerList/]: Dev[local:E:a957ef4e] logged in with entity id 20 at (48.357491242272175, 56.0, -17.116333030024176)
[10Jun2026 13:34:02.453] [Server thread/DEBUG] [mixin/]: Mixing ServerPlayNetworkHandlerMixin from pehkui.mixins.json into net.minecraft.server.network.ServerGamePacketListenerImpl
[10Jun2026 13:34:02.453] [Server thread/DEBUG] [mixin/]: pehkui.mixins.json:ServerPlayNetworkHandlerMixin from mod pehkui: Class version 65 required is higher than the class version supported by the current version of Mixin (JAVA_17 supports class version 61)
[10Jun2026 13:34:02.503] [Server thread/INFO] [net.minecraft.server.MinecraftServer/]: Dev joined the game
[10Jun2026 13:34:03.519] [Render thread/DEBUG] [mixin/]: Mixing client.command.ClientCommandSourceStackMixin from veil.neoforge.mixins.json into net.neoforged.neoforge.client.ClientCommandSourceStack
[10Jun2026 13:34:03.594] [Render thread/INFO] [net.minecraft.advancements.AdvancementTree/]: Loaded 36 advancements
[10Jun2026 13:34:03.696] [Render thread/DEBUG] [mixin/]: Mixing compat117plus.ProjectileUtilMixin from pehkui.mixins.json into net.minecraft.world.entity.projectile.ProjectileUtil
[10Jun2026 13:34:03.697] [Render thread/DEBUG] [mixin/]: pehkui.mixins.json:compat117plus.ProjectileUtilMixin from mod pehkui: Class version 65 required is higher than the class version supported by the current version of Mixin (JAVA_17 supports class version 61)
[10Jun2026 13:34:03.698] [Render thread/DEBUG] [mixin/]: Mixing compat1203plus.ProjectileUtilMixin from pehkui.mixins.json into net.minecraft.world.entity.projectile.ProjectileUtil
[10Jun2026 13:34:03.699] [Render thread/DEBUG] [mixin/]: pehkui.mixins.json:compat1203plus.ProjectileUtilMixin from mod pehkui: Class version 65 required is higher than the class version supported by the current version of Mixin (JAVA_17 supports class version 61)
[10Jun2026 13:34:03.774] [Render thread/DEBUG] [mixin/]: Mixing client.compat115plus.InGameOverlayRendererMixin from pehkui.mixins.json into net.minecraft.client.renderer.ScreenEffectRenderer
[10Jun2026 13:34:03.774] [Render thread/DEBUG] [mixin/]: pehkui.mixins.json:client.compat115plus.InGameOverlayRendererMixin from mod pehkui: Class version 65 required is higher than the class version supported by the current version of Mixin (JAVA_17 supports class version 61)
[10Jun2026 13:34:03.775] [Render thread/DEBUG] [mixin/]: Mixing client.PerformanceScreenEffectRendererMixin from veil.performance.mixins.json into net.minecraft.client.renderer.ScreenEffectRenderer
[10Jun2026 13:34:03.780] [Render thread/DEBUG] [mixin/]: veil.performance.mixins.json:client.PerformanceScreenEffectRendererMixin from mod veil->@Inject::renderTex(Lnet/minecraft/client/renderer/texture/TextureAtlasSprite;Lcom/mojang/blaze3d/vertex/PoseStack;Lorg/spongepowered/asm/mixin/injection/callback/CallbackInfo;)V does use it's CallbackInfo
[10Jun2026 13:34:03.780] [Render thread/DEBUG] [mixin/]: veil.performance.mixins.json:client.PerformanceScreenEffectRendererMixin from mod veil->@Inject::renderWater(Lnet/minecraft/client/Minecraft;Lcom/mojang/blaze3d/vertex/PoseStack;Lorg/spongepowered/asm/mixin/injection/callback/CallbackInfo;)V does use it's CallbackInfo
[10Jun2026 13:34:03.793] [Render thread/INFO] [Veil/]: Multi-Bind supported, using core
[10Jun2026 13:34:04.543] [Render thread/INFO] [net.minecraft.client.gui.components.ChatComponent/]: [System] [CHAT] [Tractor Beam] Locked onto ID: 16
[10Jun2026 13:34:04.589] [Render thread/INFO] [net.minecraft.client.gui.components.ChatComponent/]: [System] [CHAT] [Tractor Beam] Target Lost
[10Jun2026 13:34:04.689] [Render thread/INFO] [net.minecraft.client.gui.components.ChatComponent/]: [System] [CHAT] [Tractor Beam] Locked onto ID: 16
[10Jun2026 13:34:05.539] [Render thread/INFO] [net.minecraft.client.gui.components.ChatComponent/]: [System] [CHAT] [Tractor Beam] Locked onto ID: 16
[10Jun2026 13:34:05.589] [Render thread/INFO] [net.minecraft.client.gui.components.ChatComponent/]: [System] [CHAT] [Tractor Beam] Target Lost
[10Jun2026 13:34:05.639] [Render thread/INFO] [net.minecraft.client.gui.components.ChatComponent/]: [System] [CHAT] [Tractor Beam] Locked onto ID: 16
[10Jun2026 13:34:05.688] [Render thread/INFO] [net.minecraft.client.gui.components.ChatComponent/]: [System] [CHAT] [Tractor Beam] Target Lost
[10Jun2026 13:34:05.738] [Render thread/INFO] [net.minecraft.client.gui.components.ChatComponent/]: [System] [CHAT] [Tractor Beam] Locked onto ID: 16
[10Jun2026 13:34:05.789] [Render thread/INFO] [net.minecraft.client.gui.components.ChatComponent/]: [System] [CHAT] [Tractor Beam] Target Lost
[10Jun2026 13:34:05.839] [Render thread/INFO] [net.minecraft.client.gui.components.ChatComponent/]: [System] [CHAT] [Tractor Beam] Locked onto ID: 16
[10Jun2026 13:34:05.889] [Render thread/INFO] [net.minecraft.client.gui.components.ChatComponent/]: [System] [CHAT] [Tractor Beam] Target Lost
[10Jun2026 13:34:05.939] [Render thread/INFO] [net.minecraft.client.gui.components.ChatComponent/]: [System] [CHAT] [Tractor Beam] Locked onto ID: 16
[10Jun2026 13:34:05.990] [Render thread/INFO] [net.minecraft.client.gui.components.ChatComponent/]: [System] [CHAT] [Tractor Beam] Target Lost
[10Jun2026 13:34:06.039] [Render thread/INFO] [net.minecraft.client.gui.components.ChatComponent/]: [System] [CHAT] [Tractor Beam] Locked onto ID: 16
[10Jun2026 13:34:06.089] [Render thread/INFO] [net.minecraft.client.gui.components.ChatComponent/]: [System] [CHAT] [Tractor Beam] Target Lost
[10Jun2026 13:34:06.139] [Render thread/INFO] [net.minecraft.client.gui.components.ChatComponent/]: [System] [CHAT] [Tractor Beam] Locked onto ID: 16
[10Jun2026 13:34:06.189] [Render thread/INFO] [net.minecraft.client.gui.components.ChatComponent/]: [System] [CHAT] [Tractor Beam] Target Lost
[10Jun2026 13:34:06.239] [Render thread/INFO] [net.minecraft.client.gui.components.ChatComponent/]: [System] [CHAT] [Tractor Beam] Locked onto ID: 16
[10Jun2026 13:34:06.289] [Render thread/INFO] [net.minecraft.client.gui.components.ChatComponent/]: [System] [CHAT] [Tractor Beam] Target Lost
[10Jun2026 13:34:06.339] [Render thread/INFO] [net.minecraft.client.gui.components.ChatComponent/]: [System] [CHAT] [Tractor Beam] Locked onto ID: 16
[10Jun2026 13:34:06.389] [Render thread/INFO] [net.minecraft.client.gui.components.ChatComponent/]: [System] [CHAT] [Tractor Beam] Target Lost
[10Jun2026 13:34:06.789] [Render thread/INFO] [net.minecraft.client.gui.components.ChatComponent/]: [System] [CHAT] [Tractor Beam] Locked onto ID: 16
[10Jun2026 13:34:07.689] [Render thread/INFO] [net.minecraft.client.gui.components.ChatComponent/]: [System] [CHAT] [Tractor Beam] Locked onto ID: 16
[10Jun2026 13:34:07.739] [Render thread/INFO] [net.minecraft.client.gui.components.ChatComponent/]: [System] [CHAT] [Tractor Beam] Target Lost
[10Jun2026 13:34:08.540] [Render thread/INFO] [net.minecraft.client.gui.components.ChatComponent/]: [System] [CHAT] [Tractor Beam] Locked onto ID: 16
[10Jun2026 13:34:08.589] [Render thread/INFO] [net.minecraft.client.gui.components.ChatComponent/]: [System] [CHAT] [Tractor Beam] Target Lost
[10Jun2026 13:34:08.638] [Render thread/INFO] [net.minecraft.client.gui.components.ChatComponent/]: [System] [CHAT] [Tractor Beam] Locked onto ID: 16
[10Jun2026 13:34:09.190] [Render thread/INFO] [net.minecraft.client.gui.components.ChatComponent/]: [System] [CHAT] [Tractor Beam] Locked onto ID: 16
[10Jun2026 13:34:09.240] [Render thread/INFO] [net.minecraft.client.gui.components.ChatComponent/]: [System] [CHAT] [Tractor Beam] Target Lost
[10Jun2026 13:34:09.790] [Render thread/INFO] [net.minecraft.client.gui.components.ChatComponent/]: [System] [CHAT] [Tractor Beam] Locked onto ID: 16
[10Jun2026 13:34:09.840] [Render thread/INFO] [net.minecraft.client.gui.components.ChatComponent/]: [System] [CHAT] [Tractor Beam] Target Lost
[10Jun2026 13:34:09.889] [Render thread/INFO] [net.minecraft.client.gui.components.ChatComponent/]: [System] [CHAT] [Tractor Beam] Locked onto ID: 16
[10Jun2026 13:34:09.938] [Render thread/INFO] [net.minecraft.client.gui.components.ChatComponent/]: [System] [CHAT] [Tractor Beam] Target Lost
[10Jun2026 13:34:09.989] [Render thread/INFO] [net.minecraft.client.gui.components.ChatComponent/]: [System] [CHAT] [Tractor Beam] Locked onto ID: 16
[10Jun2026 13:34:10.039] [Render thread/INFO] [net.minecraft.client.gui.components.ChatComponent/]: [System] [CHAT] [Tractor Beam] Target Lost
[10Jun2026 13:34:10.089] [Render thread/INFO] [net.minecraft.client.gui.components.ChatComponent/]: [System] [CHAT] [Tractor Beam] Locked onto ID: 16
[10Jun2026 13:34:10.095] [Server thread/INFO] [net.minecraft.client.server.IntegratedServer/]: Saving and pausing game...
[10Jun2026 13:34:10.123] [Server thread/INFO] [net.minecraft.server.MinecraftServer/]: Saving chunks for level 'ServerLevel[Test 8]'/minecraft:overworld
[10Jun2026 13:34:10.131] [Server thread/INFO] [net.minecraft.server.MinecraftServer/]: Saving chunks for level 'ServerLevel[Test 8]'/minecraft:the_nether
[10Jun2026 13:34:10.131] [Server thread/INFO] [net.minecraft.server.MinecraftServer/]: Saving chunks for level 'ServerLevel[Test 8]'/minecraft:the_end
[10Jun2026 13:34:10.133] [Server thread/DEBUG] [net.neoforged.neoforge.common.CommonHooks/WP]: Gathered mod list to write to world save Test 8
[10Jun2026 13:45:51.328] [Render thread/INFO] [net.minecraft.client.gui.components.ChatComponent/]: [System] [CHAT] [Tractor Beam] Locked onto ID: 16
[10Jun2026 13:45:51.377] [Render thread/INFO] [net.minecraft.client.gui.components.ChatComponent/]: [System] [CHAT] [Tractor Beam] Target Lost
[10Jun2026 13:45:51.427] [Render thread/INFO] [net.minecraft.client.gui.components.ChatComponent/]: [System] [CHAT] [Tractor Beam] Locked onto ID: 16
[10Jun2026 13:45:51.477] [Render thread/INFO] [net.minecraft.client.gui.components.ChatComponent/]: [System] [CHAT] [Tractor Beam] Target Lost
[10Jun2026 13:45:51.527] [Render thread/INFO] [net.minecraft.client.gui.components.ChatComponent/]: [System] [CHAT] [Tractor Beam] Locked onto ID: 16
[10Jun2026 13:45:51.577] [Render thread/INFO] [net.minecraft.client.gui.components.ChatComponent/]: [System] [CHAT] [Tractor Beam] Target Lost
[10Jun2026 13:45:51.627] [Render thread/INFO] [net.minecraft.client.gui.components.ChatComponent/]: [System] [CHAT] [Tractor Beam] Locked onto ID: 16
[10Jun2026 13:45:51.678] [Render thread/INFO] [net.minecraft.client.gui.components.ChatComponent/]: [System] [CHAT] [Tractor Beam] Target Lost
[10Jun2026 13:45:51.727] [Render thread/INFO] [net.minecraft.client.gui.components.ChatComponent/]: [System] [CHAT] [Tractor Beam] Locked onto ID: 16
[10Jun2026 13:45:51.777] [Render thread/INFO] [net.minecraft.client.gui.components.ChatComponent/]: [System] [CHAT] [Tractor Beam] Target Lost
[10Jun2026 13:45:51.827] [Render thread/INFO] [net.minecraft.client.gui.components.ChatComponent/]: [System] [CHAT] [Tractor Beam] Locked onto ID: 16
[10Jun2026 13:45:51.877] [Render thread/INFO] [net.minecraft.client.gui.components.ChatComponent/]: [System] [CHAT] [Tractor Beam] Target Lost
[10Jun2026 13:45:51.927] [Render thread/INFO] [net.minecraft.client.gui.components.ChatComponent/]: [System] [CHAT] [Tractor Beam] Locked onto ID: 16
[10Jun2026 13:45:51.977] [Render thread/INFO] [net.minecraft.client.gui.components.ChatComponent/]: [System] [CHAT] [Tractor Beam] Target Lost
[10Jun2026 13:45:52.027] [Render thread/INFO] [net.minecraft.client.gui.components.ChatComponent/]: [System] [CHAT] [Tractor Beam] Locked onto ID: 16
[10Jun2026 13:45:52.077] [Render thread/INFO] [net.minecraft.client.gui.components.ChatComponent/]: [System] [CHAT] [Tractor Beam] Target Lost
[10Jun2026 13:45:52.128] [Render thread/INFO] [net.minecraft.client.gui.components.ChatComponent/]: [System] [CHAT] [Tractor Beam] Locked onto ID: 16
[10Jun2026 13:45:52.178] [Render thread/INFO] [net.minecraft.client.gui.components.ChatComponent/]: [System] [CHAT] [Tractor Beam] Target Lost
[10Jun2026 13:45:52.227] [Render thread/INFO] [net.minecraft.client.gui.components.ChatComponent/]: [System] [CHAT] [Tractor Beam] Locked onto ID: 16
[10Jun2026 13:45:53.678] [Render thread/INFO] [net.minecraft.client.gui.components.ChatComponent/]: [System] [CHAT] [Tractor Beam] Locked onto ID: 16
[10Jun2026 13:45:53.728] [Render thread/INFO] [net.minecraft.client.gui.components.ChatComponent/]: [System] [CHAT] [Tractor Beam] Target Lost
[10Jun2026 13:45:53.777] [Render thread/INFO] [net.minecraft.client.gui.components.ChatComponent/]: [System] [CHAT] [Tractor Beam] Locked onto ID: 16
[10Jun2026 13:45:53.827] [Render thread/INFO] [net.minecraft.client.gui.components.ChatComponent/]: [System] [CHAT] [Tractor Beam] Target Lost
[10Jun2026 13:45:53.878] [Render thread/INFO] [net.minecraft.client.gui.components.ChatComponent/]: [System] [CHAT] [Tractor Beam] Locked onto ID: 16
[10Jun2026 13:45:53.927] [Render thread/INFO] [net.minecraft.client.gui.components.ChatComponent/]: [System] [CHAT] [Tractor Beam] Target Lost
[10Jun2026 13:45:53.977] [Render thread/INFO] [net.minecraft.client.gui.components.ChatComponent/]: [System] [CHAT] [Tractor Beam] Locked onto ID: 16
[10Jun2026 13:45:54.028] [Render thread/INFO] [net.minecraft.client.gui.components.ChatComponent/]: [System] [CHAT] [Tractor Beam] Target Lost
[10Jun2026 13:45:54.078] [Render thread/INFO] [net.minecraft.client.gui.components.ChatComponent/]: [System] [CHAT] [Tractor Beam] Locked onto ID: 16
[10Jun2026 13:45:54.129] [Render thread/INFO] [net.minecraft.client.gui.components.ChatComponent/]: [System] [CHAT] [Tractor Beam] Target Lost
[10Jun2026 13:45:54.629] [Render thread/INFO] [net.minecraft.client.gui.components.ChatComponent/]: [System] [CHAT] [Tractor Beam] Locked onto ID: 16
[10Jun2026 13:45:55.341] [Render thread/INFO] [net.minecraft.client.gui.components.ChatComponent/]: [System] [CHAT] [Tractor Beam] Locked onto ID: 16
[10Jun2026 13:45:55.378] [Render thread/INFO] [net.minecraft.client.gui.components.ChatComponent/]: [System] [CHAT] [Tractor Beam] Target Lost
[10Jun2026 13:45:56.078] [Render thread/INFO] [net.minecraft.client.gui.components.ChatComponent/]: [System] [CHAT] [Tractor Beam] Locked onto ID: 16
[10Jun2026 13:45:56.128] [Render thread/INFO] [net.minecraft.client.gui.components.ChatComponent/]: [System] [CHAT] [Tractor Beam] Target Lost
[10Jun2026 13:45:56.178] [Render thread/INFO] [net.minecraft.client.gui.components.ChatComponent/]: [System] [CHAT] [Tractor Beam] Locked onto ID: 16
[10Jun2026 13:45:56.228] [Render thread/INFO] [net.minecraft.client.gui.components.ChatComponent/]: [System] [CHAT] [Tractor Beam] Target Lost
[10Jun2026 13:45:56.278] [Render thread/INFO] [net.minecraft.client.gui.components.ChatComponent/]: [System] [CHAT] [Tractor Beam] Locked onto ID: 16
[10Jun2026 13:45:56.528] [Render thread/INFO] [net.minecraft.client.gui.components.ChatComponent/]: [System] [CHAT] [Tractor Beam] Locked onto ID: 16
[10Jun2026 13:45:56.578] [Render thread/INFO] [net.minecraft.client.gui.components.ChatComponent/]: [System] [CHAT] [Tractor Beam] Target Lost
[10Jun2026 13:45:56.627] [Render thread/INFO] [net.minecraft.client.gui.components.ChatComponent/]: [System] [CHAT] [Tractor Beam] Locked onto ID: 16
[10Jun2026 13:45:56.677] [Render thread/INFO] [net.minecraft.client.gui.components.ChatComponent/]: [System] [CHAT] [Tractor Beam] Target Lost
[10Jun2026 13:45:56.727] [Render thread/INFO] [net.minecraft.client.gui.components.ChatComponent/]: [System] [CHAT] [Tractor Beam] Locked onto ID: 16
[10Jun2026 13:45:56.778] [Render thread/INFO] [net.minecraft.client.gui.components.ChatComponent/]: [System] [CHAT] [Tractor Beam] Target Lost
[10Jun2026 13:45:57.028] [Render thread/INFO] [net.minecraft.client.gui.components.ChatComponent/]: [System] [CHAT] [Tractor Beam] Locked onto ID: 16
[10Jun2026 13:45:57.078] [Render thread/INFO] [net.minecraft.client.gui.components.ChatComponent/]: [System] [CHAT] [Tractor Beam] Target Lost
[10Jun2026 13:45:57.478] [Render thread/INFO] [net.minecraft.client.gui.components.ChatComponent/]: [System] [CHAT] [Tractor Beam] Locked onto ID: 16
[10Jun2026 13:45:57.928] [Render thread/INFO] [net.minecraft.client.gui.components.ChatComponent/]: [System] [CHAT] [Tractor Beam] Locked onto ID: 16
[10Jun2026 13:45:57.978] [Render thread/INFO] [net.minecraft.client.gui.components.ChatComponent/]: [System] [CHAT] [Tractor Beam] Target Lost
[10Jun2026 13:45:58.028] [Render thread/INFO] [net.minecraft.client.gui.components.ChatComponent/]: [System] [CHAT] [Tractor Beam] Locked onto ID: 16
[10Jun2026 13:45:58.078] [Render thread/INFO] [net.minecraft.client.gui.components.ChatComponent/]: [System] [CHAT] [Tractor Beam] Target Lost
[10Jun2026 13:45:58.377] [Render thread/INFO] [net.minecraft.client.gui.components.ChatComponent/]: [System] [CHAT] [Tractor Beam] Locked onto ID: 16
[10Jun2026 13:45:58.427] [Render thread/INFO] [net.minecraft.client.gui.components.ChatComponent/]: [System] [CHAT] [Tractor Beam] Target Lost
[10Jun2026 13:45:58.678] [Render thread/INFO] [net.minecraft.client.gui.components.ChatComponent/]: [System] [CHAT] [Tractor Beam] Locked onto ID: 16
[10Jun2026 13:45:58.727] [Render thread/INFO] [net.minecraft.client.gui.components.ChatComponent/]: [System] [CHAT] [Tractor Beam] Target Lost
[10Jun2026 13:45:58.928] [Render thread/INFO] [net.minecraft.client.gui.components.ChatComponent/]: [System] [CHAT] [Tractor Beam] Locked onto ID: 16
[10Jun2026 13:45:59.378] [Render thread/INFO] [net.minecraft.client.gui.components.ChatComponent/]: [System] [CHAT] [Tractor Beam] Locked onto ID: 16
[10Jun2026 13:45:59.427] [Render thread/INFO] [net.minecraft.client.gui.components.ChatComponent/]: [System] [CHAT] [Tractor Beam] Target Lost
[10Jun2026 13:45:59.478] [Render thread/INFO] [net.minecraft.client.gui.components.ChatComponent/]: [System] [CHAT] [Tractor Beam] Locked onto ID: 16
[10Jun2026 13:45:59.528] [Render thread/INFO] [net.minecraft.client.gui.components.ChatComponent/]: [System] [CHAT] [Tractor Beam] Target Lost
[10Jun2026 13:45:59.928] [Render thread/INFO] [net.minecraft.client.gui.components.ChatComponent/]: [System] [CHAT] [Tractor Beam] Locked onto ID: 16
[10Jun2026 13:45:59.978] [Render thread/INFO] [net.minecraft.client.gui.components.ChatComponent/]: [System] [CHAT] [Tractor Beam] Target Lost
[10Jun2026 13:46:00.027] [Render thread/INFO] [net.minecraft.client.gui.components.ChatComponent/]: [System] [CHAT] [Tractor Beam] Locked onto ID: 16
[10Jun2026 13:46:00.078] [Render thread/INFO] [net.minecraft.client.gui.components.ChatComponent/]: [System] [CHAT] [Tractor Beam] Target Lost
[10Jun2026 13:46:00.228] [Render thread/INFO] [net.minecraft.client.gui.components.ChatComponent/]: [System] [CHAT] [Tractor Beam] Locked onto ID: 16
[10Jun2026 13:46:00.278] [Render thread/INFO] [net.minecraft.client.gui.components.ChatComponent/]: [System] [CHAT] [Tractor Beam] Target Lost
[10Jun2026 13:46:00.328] [Render thread/INFO] [net.minecraft.client.gui.components.ChatComponent/]: [System] [CHAT] [Tractor Beam] Locked onto ID: 16
[10Jun2026 13:46:01.228] [Render thread/INFO] [net.minecraft.client.gui.components.ChatComponent/]: [System] [CHAT] [Tractor Beam] Locked onto ID: 16
[10Jun2026 13:46:01.278] [Render thread/INFO] [net.minecraft.client.gui.components.ChatComponent/]: [System] [CHAT] [Tractor Beam] Target Lost
[10Jun2026 13:46:02.228] [Render thread/INFO] [net.minecraft.client.gui.components.ChatComponent/]: [System] [CHAT] [Tractor Beam] Locked onto ID: 16
[10Jun2026 13:46:03.028] [Render thread/INFO] [net.minecraft.client.gui.components.ChatComponent/]: [System] [CHAT] [Tractor Beam] Locked onto ID: 16
[10Jun2026 13:46:03.077] [Render thread/INFO] [net.minecraft.client.gui.components.ChatComponent/]: [System] [CHAT] [Tractor Beam] Target Lost
[10Jun2026 13:46:03.779] [Render thread/INFO] [net.minecraft.client.gui.components.ChatComponent/]: [System] [CHAT] [Tractor Beam] Locked onto ID: 16
[10Jun2026 13:46:03.827] [Render thread/INFO] [net.minecraft.client.gui.components.ChatComponent/]: [System] [CHAT] [Tractor Beam] Target Lost
[10Jun2026 13:46:05.178] [Render thread/INFO] [net.minecraft.client.gui.components.ChatComponent/]: [System] [CHAT] [Tractor Beam] Locked onto ID: 16
[10Jun2026 13:46:05.529] [Render thread/INFO] [net.minecraft.client.gui.components.ChatComponent/]: [System] [CHAT] [Tractor Beam] Target Lost
[10Jun2026 13:46:05.645] [Server thread/INFO] [net.minecraft.client.server.IntegratedServer/]: Saving and pausing game...
[10Jun2026 13:46:05.665] [Server thread/INFO] [net.minecraft.server.MinecraftServer/]: Saving chunks for level 'ServerLevel[Test 8]'/minecraft:overworld
[10Jun2026 13:46:05.669] [Server thread/INFO] [net.minecraft.server.MinecraftServer/]: Saving chunks for level 'ServerLevel[Test 8]'/minecraft:the_nether
[10Jun2026 13:46:05.669] [Server thread/INFO] [net.minecraft.server.MinecraftServer/]: Saving chunks for level 'ServerLevel[Test 8]'/minecraft:the_end
[10Jun2026 13:46:05.670] [Server thread/DEBUG] [net.neoforged.neoforge.common.CommonHooks/WP]: Gathered mod list to write to world save Test 8
[10Jun2026 13:46:06.392] [Render thread/INFO] [net.minecraft.client.Minecraft/]: Stopping!
[10Jun2026 13:46:06.447] [Server thread/INFO] [net.minecraft.server.network.ServerGamePacketListenerImpl/]: Dev lost connection: Disconnected
[10Jun2026 13:46:06.448] [Server thread/INFO] [net.minecraft.server.MinecraftServer/]: Dev left the game
[10Jun2026 13:46:06.472] [Server thread/INFO] [net.minecraft.server.network.ServerCommonPacketListenerImpl/]: Stopping singleplayer server as player logged out
[10Jun2026 13:46:06.495] [Server thread/INFO] [net.minecraft.server.MinecraftServer/]: Stopping server
[10Jun2026 13:46:06.496] [Server thread/INFO] [net.minecraft.server.MinecraftServer/]: Saving players
[10Jun2026 13:46:06.496] [Server thread/INFO] [net.minecraft.server.MinecraftServer/]: Saving worlds
[10Jun2026 13:46:06.585] [Server thread/INFO] [net.minecraft.server.MinecraftServer/]: Saving chunks for level 'ServerLevel[Test 8]'/minecraft:overworld
[10Jun2026 13:46:06.604] [Server thread/INFO] [net.minecraft.server.MinecraftServer/]: Saving chunks for level 'ServerLevel[Test 8]'/minecraft:the_nether
[10Jun2026 13:46:06.610] [Server thread/INFO] [net.minecraft.server.MinecraftServer/]: Saving chunks for level 'ServerLevel[Test 8]'/minecraft:the_end
[10Jun2026 13:46:06.617] [Server thread/DEBUG] [net.neoforged.neoforge.common.CommonHooks/WP]: Gathered mod list to write to world save Test 8
[10Jun2026 13:46:06.625] [Server thread/INFO] [net.minecraft.server.MinecraftServer/]: ThreadedAnvilChunkStorage (Test 8): All chunks are saved
[10Jun2026 13:46:06.625] [Server thread/INFO] [net.minecraft.server.MinecraftServer/]: ThreadedAnvilChunkStorage (DIM-1): All chunks are saved
[10Jun2026 13:46:06.625] [Server thread/INFO] [net.minecraft.server.MinecraftServer/]: ThreadedAnvilChunkStorage (DIM1): All chunks are saved
[10Jun2026 13:46:06.625] [Server thread/INFO] [net.minecraft.server.MinecraftServer/]: ThreadedAnvilChunkStorage: All dimensions are saved
[10Jun2026 13:46:06.646] [Server thread/DEBUG] [net.neoforged.fml.config.ConfigTracker/CONFIG]: Unloading configs type SERVER
